# 3ds Max Wavefront OBJ Exporter v0.97b - (c)2007 guruware
# File Created: 27.07.2016 12:26:24

#
# object Gun
#

v  37.4451 -20.1820 2.5961
v  36.9029 -21.1865 2.5961
v  36.8997 -21.5801 2.5961
v  37.0914 -21.9603 2.9351
v  37.6573 -22.4371 3.2740
v  38.5694 -22.9440 3.6130
v  39.6357 -23.3592 3.9520
v  41.7816 -20.2038 3.9520
v  48.0673 -23.3295 3.9520
v  48.4758 -20.1298 3.9520
v  38.6067 -10.8856 3.9520
v  35.4090 -12.3203 2.5961
v  35.4757 -12.5494 2.5961
v  29.9110 -2.8069 2.5661
v  30.7010 -1.0234 3.6301
v  29.5851 -0.5613 3.2495
v  28.9375 -2.7004 2.5554
v  31.3376 2.9103 3.9114
v  30.3100 0.8687 3.5613
v  32.1889 1.8179 3.9221
v  39.3464 5.5915 3.9221
v  40.2352 5.8350 3.2633
v  39.9303 7.0313 3.2544
v  38.8418 6.7829 3.9114
v  40.1771 -15.6480 3.9520
v  36.6880 -17.0077 2.5961
v  36.7089 -17.2704 2.5961
v  31.5460 -8.3060 2.5961
v  35.2050 -6.3218 3.9520
v  33.2412 -5.5618 3.9436
v  30.8761 -7.3506 2.5961
v  39.0574 -4.7038 3.9520
v  36.6480 -3.1599 3.9520
v  44.6603 -2.1769 3.9520
v  45.5946 -1.3232 3.2882
v  44.2274 0.1513 3.2882
v  43.0718 -0.2913 3.9520
v  34.0457 -8.7774 2.5961
v  36.9615 -8.3393 3.9520
v  31.6941 -8.3750 2.5961
v  40.8192 -6.7790 3.9520
v  46.6387 -4.5098 3.9520
v  47.5550 -3.7863 3.2882
v  39.6002 -13.2864 3.9520
v  36.5172 -13.3219 2.5961
v  37.0499 -13.9595 2.5961
v  43.5415 -11.3281 3.9520
v  42.2985 -9.1400 3.9520
v  48.9769 -8.9853 3.9520
v  50.0724 -8.4010 3.2882
v  49.0759 -6.2980 3.2882
v  47.8984 -6.7768 3.9520
v  37.4320 -18.5180 2.5961
v  40.5972 -18.9178 3.9520
v  36.7861 -17.4680 2.5961
v  50.3816 -12.6067 3.9520
v  51.1667 -16.2275 3.9520
v  52.0296 -14.7203 3.2882
v  51.5438 -12.3992 3.2882
v  38.5694 -22.9440 -3.6130
v  39.6357 -23.3592 -3.9520
v  52.3160 -16.9488 3.2882
v  52.3160 -16.9488 -3.2882
v  52.0296 -14.7203 -3.2882
v  28.5736 -2.0152 2.0892
v  28.6366 -0.2107 3.2429
v  28.6366 -0.2107 -3.2429
v  28.5736 -2.0152 -2.0892
v  29.0939 1.7083 3.3090
v  29.0939 1.7083 -3.3090
v  36.5172 -13.3219 -2.5961
v  37.0499 -13.9595 -2.5961
v  39.6058 7.6219 2.8665
v  39.7531 7.5199 2.9881
v  39.7531 7.5199 -2.9881
v  39.6058 7.6219 -2.8665
v  50.7611 -10.1330 3.2882
v  50.7611 -10.1330 -3.2882
v  50.0724 -8.4010 -3.2882
v  36.7861 -17.4680 -2.5961
v  37.4320 -18.5180 -2.5961
v  52.2094 -19.7423 3.2882
v  52.0047 -20.1949 3.9520
v  52.0047 -20.1949 -3.9520
v  52.2094 -19.7423 -3.2882
v  30.8761 -7.3506 -2.5961
v  31.5460 -8.3060 -2.5961
v  31.6941 -8.3750 -2.5961
v  34.0457 -8.7774 -2.5961
v  35.4090 -12.3203 -2.5961
v  35.4757 -12.5494 -2.5961
v  36.6880 -17.0077 -2.5961
v  36.7089 -17.2704 -2.5961
v  36.9029 -21.1865 -2.5961
v  36.8997 -21.5801 -2.5961
v  37.5957 -19.4012 2.5961
v  51.2565 -18.3718 3.9520
v  52.3786 -18.1250 3.2882
v  52.3786 -18.1250 -3.2882
v  37.5957 -19.4012 -2.5961
v  37.4451 -20.1820 -2.5961
v  32.1338 5.4260 3.4452
v  34.6473 6.7920 3.4452
v  34.6473 6.7920 -3.4452
v  32.1338 5.4260 -3.4452
v  30.7636 3.3289 3.6790
v  32.6844 5.0548 3.6790
v  30.2721 3.7234 3.2973
v  41.6003 1.5389 3.9520
v  34.8751 -1.4517 3.9520
v  30.8107 -5.3736 2.5961
v  30.6825 -4.2045 2.5838
v  30.6825 -4.2045 -2.5838
v  30.8107 -5.3736 -2.5961
v  42.9167 1.6837 3.2882
v  44.2274 0.1513 -3.2882
v  42.9167 1.6837 -3.2882
v  30.8371 -7.1323 2.5961
v  30.8371 -7.1323 -2.5961
v  45.5946 -1.3232 -3.2882
v  30.2721 3.7234 -3.2973
v  48.0673 -23.3295 -3.9520
v  40.5412 3.0677 3.9397
v  33.8345 -0.2523 3.9397
v  28.7466 -2.6860 2.4397
v  29.1057 -0.3554 3.3395
v  29.8115 1.3056 3.5034
v  38.9755 7.1536 3.6887
v  39.9029 7.1919 3.1582
v  40.2352 5.8350 -3.2633
v  39.9303 7.0313 -3.2544
v  28.7466 -2.6860 -2.4397
v  28.9375 -2.7004 -2.5554
v  35.6084 -12.7236 2.5961
v  35.6084 -12.7236 -2.5961
v  49.0759 -6.2980 -3.2882
v  47.0554 -17.6284 3.9520
v  35.2700 6.2334 3.6790
v  38.5103 7.6783 3.4452
v  38.5103 7.6783 -3.4452
v  37.0914 -21.9603 -2.9351
v  37.6573 -22.4371 -3.2740
v  35.0632 -9.2503 2.5961
v  35.4768 -9.9843 2.5961
v  47.5550 -3.7863 -3.2882
v  35.0632 -9.2503 -2.5961
v  35.4768 -9.9843 -2.5961
v  32.6607 -2.3938 3.9491
v  31.8455 -1.3538 3.7971
v  30.4249 -3.4751 2.5753
v  33.0092 0.7381 3.9313
v  29.9110 -2.8069 -2.5661
v  30.4249 -3.4751 -2.5753
v  39.8630 4.3462 3.9313
v  40.9279 4.3825 3.2710
v  41.6274 3.2714 3.2780
v  41.6274 3.2714 -3.2780
v  40.9279 4.3825 -3.2710
v  37.2118 -14.5339 2.5961
v  37.1051 -15.3307 2.5961
v  44.1494 -12.5369 3.9520
v  49.6063 -10.5898 3.9520
v  51.5438 -12.3992 -3.2882
v  44.9697 -14.1464 3.9520
v  37.1051 -15.3307 -2.5961
v  37.2118 -14.5339 -2.5961
v  35.6735 5.6429 3.9114
v  39.2675 7.6932 3.4452
v  39.2675 7.6932 -3.4452
v  39.8541 7.3566 3.0611
v  39.8541 7.3566 -3.0611
v  28.6169 -2.4071 2.2354
v  28.6169 -2.4071 -2.2354
v  28.6689 -2.6011 2.3230
v  28.6689 -2.6011 -2.3230
v  39.9029 7.1919 -3.1582
v  33.1526 4.6197 3.9114
v  33.1378 -3.5151 3.9436
v  41.7816 -20.2038 -3.9520
v  48.4758 -20.1298 -3.9520
v  38.6067 -10.8856 -3.9520
v  29.5851 -0.5613 -3.2495
v  30.7010 -1.0234 -3.6301
v  31.3376 2.9103 -3.9114
v  32.1889 1.8179 -3.9221
v  30.3100 0.8687 -3.5613
v  39.3464 5.5915 -3.9221
v  38.8418 6.7829 -3.9114
v  40.1771 -15.6480 -3.9520
v  33.2412 -5.5618 -3.9436
v  35.2050 -6.3218 -3.9520
v  36.6480 -3.1599 -3.9520
v  39.0574 -4.7038 -3.9520
v  44.6603 -2.1769 -3.9520
v  43.0718 -0.2913 -3.9520
v  36.9615 -8.3393 -3.9520
v  40.8192 -6.7790 -3.9520
v  46.6387 -4.5098 -3.9520
v  39.6002 -13.2864 -3.9520
v  43.5415 -11.3281 -3.9520
v  42.2985 -9.1400 -3.9520
v  48.9769 -8.9853 -3.9520
v  47.8984 -6.7768 -3.9520
v  40.5972 -18.9178 -3.9520
v  50.3816 -12.6067 -3.9520
v  51.1667 -16.2275 -3.9520
v  51.2565 -18.3718 -3.9520
v  30.7636 3.3289 -3.6790
v  32.6844 5.0548 -3.6790
v  41.6003 1.5389 -3.9520
v  34.8751 -1.4517 -3.9520
v  33.8345 -0.2523 -3.9397
v  40.5412 3.0677 -3.9397
v  29.1057 -0.3554 -3.3395
v  29.8115 1.3056 -3.5034
v  38.9755 7.1536 -3.6887
v  47.0554 -17.6284 -3.9520
v  35.2700 6.2334 -3.6790
v  32.6607 -2.3938 -3.9491
v  31.8455 -1.3538 -3.7971
v  33.0092 0.7381 -3.9313
v  39.8630 4.3462 -3.9313
v  44.1494 -12.5369 -3.9520
v  49.6063 -10.5898 -3.9520
v  44.9697 -14.1464 -3.9520
v  35.6735 5.6429 -3.9114
v  33.1526 4.6197 -3.9114
v  33.1378 -3.5151 -3.9436
v  6.6616 -1.3416 3.0222
v  5.7371 -2.8890 2.2613
v  10.3304 -2.8890 2.2613
v  10.3304 -1.3416 3.0222
v  24.4448 3.0558 3.0222
v  26.5266 5.6573 3.3843
v  25.7661 5.1562 3.8147
v  28.4381 18.7066 3.0221
v  27.5325 15.5658 3.0221
v  29.5299 16.1044 3.0221
v  28.5970 -1.2514 3.0222
v  28.7314 0.3664 3.0222
v  24.8691 -0.5508 3.0222
v  12.2342 -1.6876 3.0222
v  11.2823 -1.4690 3.0222
v  11.2823 -3.0531 2.2613
v  12.2342 -3.2184 2.2613
v  15.2089 -3.0256 3.0222
v  14.8000 -2.9984 3.0222
v  14.6039 -4.2613 2.2613
v  15.1997 -4.3464 2.2613
v  17.2497 -1.7078 3.0222
v  17.6158 -2.6755 2.2613
v  18.3378 -1.4373 2.2613
v  17.8746 -0.4603 3.0222
v  6.7403 -0.9355 -3.0222
v  6.7403 -0.9355 3.0222
v  6.7765 -0.5414 3.0222
v  6.7765 -0.5414 -3.0222
v  29.5299 16.1044 -3.0221
v  33.7991 12.2994 3.0222
v  33.7991 12.2994 -3.0222
v  5.7371 -2.8890 -2.2613
v  6.6616 -1.3416 -3.0222
v  13.1861 -3.5944 2.2613
v  14.0982 -4.4201 2.0607
v  14.0982 -4.0820 2.1177
v  16.3462 -4.0523 2.0607
v  16.3462 -4.0523 2.2613
v  15.7954 -4.2612 2.2613
v  15.7954 -4.2612 2.0607
v  18.3378 -1.4373 -2.2613
v  17.6158 -2.6755 2.0607
v  17.6158 -2.6755 -2.0607
v  36.9053 9.8443 3.0222
v  35.5073 10.6894 3.0222
v  32.8770 8.5894 3.0222
v  24.4448 4.3989 4.4022
v  24.4448 5.6402 5.1226
v  31.9338 5.3140 3.0222
v  34.4921 6.7497 3.0222
v  35.5073 10.6894 -3.0222
v  36.9053 9.8443 -3.0222
v  30.0062 12.0001 3.0222
v  24.4448 13.0578 4.7794
v  24.4448 14.3019 3.9008
v  5.7187 3.0558 3.0221
v  5.7187 1.9832 3.0221
v  10.3304 3.0558 3.0222
v  24.8802 -1.4577 2.2613
v  28.6117 -2.0563 2.2613
v  27.3686 6.1583 3.0222
v  26.6898 12.4332 3.6743
v  27.5702 12.5357 3.0222
v  27.0011 13.5929 3.0222
v  26.2499 13.4360 3.5144
v  38.5495 7.6892 3.0222
v  38.5495 7.6892 -3.0222
v  6.7842 -0.1295 3.0222
v  15.7319 -3.0116 3.0222
v  29.0086 1.4409 3.0222
v  6.6078 0.7556 -3.0222
v  6.6078 0.7556 3.0222
v  6.3779 1.1421 3.0222
v  6.3779 1.1421 -3.0222
v  6.0769 1.5427 3.0221
v  29.4880 2.5424 3.0222
v  10.3304 -2.8890 -2.2613
v  10.3304 3.0558 -3.0222
v  5.7187 3.0558 -3.0221
v  5.7187 1.9832 -3.0221
v  24.4448 3.0558 -3.0222
v  24.8802 -1.4577 -2.2613
v  24.4448 18.7066 3.0221
v  24.4448 15.5460 3.0221
v  25.5332 14.5294 3.2024
v  26.0084 14.6186 3.0221
v  15.4581 -5.9062 2.0607
v  17.3335 -5.7389 1.8730
v  17.1087 -4.9401 1.9962
v  17.7740 -6.5038 -1.9005
v  17.7740 -6.5038 1.9005
v  18.9245 -7.7847 1.7272
v  18.9245 -7.7847 -1.7272
v  16.8180 -7.3923 1.9005
v  18.2782 -8.7275 1.7272
v  16.8180 -7.3923 -1.9005
v  18.2782 -8.7275 -1.7272
v  20.3564 -8.8022 -1.6317
v  20.3564 -8.8022 1.6317
v  22.0207 -9.3966 1.6317
v  22.0207 -9.3966 -1.6317
v  21.6855 -10.4975 1.6317
v  19.8763 -9.8590 1.6317
v  19.8763 -9.8590 -1.6317
v  21.6855 -10.4975 -1.6317
v  23.5586 -9.6170 -1.6317
v  23.5586 -9.6170 1.6317
v  25.6145 -9.4973 1.6317
v  25.6145 -9.4973 -1.6317
v  25.7590 -10.6366 1.6317
v  23.5362 -10.7774 1.6317
v  27.6247 -9.0068 -1.6317
v  27.6247 -9.0068 1.6317
v  30.9203 -7.3589 1.6317
v  30.9203 -7.3589 -1.6317
v  31.5954 -8.3031 1.6317
v  27.9362 -10.1249 1.6317
v  27.9362 -10.1249 -1.6317
v  31.5954 -8.3031 -1.6317
v  28.3455 9.3641 3.0222
v  28.2474 10.4213 3.0222
v  24.4448 9.3641 6.1262
v  24.4448 10.2875 6.0439
v  26.4640 8.3530 4.5453
v  26.3321 7.3318 4.3612
v  27.1912 7.5465 3.6576
v  27.3496 8.4601 3.7851
v  28.3049 8.5627 3.0222
v  28.6117 -2.0563 -2.2613
v  30.3540 3.8743 3.0222
v  23.5362 -10.7774 -1.6317
v  25.7590 -10.6366 -1.6317
v  14.3092 -2.8278 3.0222
v  13.3247 -2.1802 3.0222
v  14.0982 -4.0820 2.2613
v  11.2823 -3.0531 -2.2613
v  12.2342 -3.2184 -2.2613
v  13.1861 -3.5944 -2.2613
v  17.3335 -5.7389 -1.8730
v  17.1005 -4.3278 2.0607
v  17.1005 -4.3278 -2.0607
v  17.3146 -3.5074 -2.0607
v  17.3146 -3.5074 2.0607
v  16.7694 -3.5933 2.0607
v  17.1926 -3.1344 2.0607
v  15.4581 -5.9062 -2.0607
v  16.5416 -2.5895 3.0222
v  16.7694 -3.5933 2.2613
v  17.1926 -3.1344 2.2613
v  16.9095 -2.2060 3.0222
v  16.0913 -2.8924 3.0222
v  14.6039 -4.2613 2.0607
v  15.1997 -4.3464 2.0607
v  17.1087 -4.9401 -1.9962
v  27.2397 10.3892 3.8281
v  26.4329 10.3588 4.5741
v  26.5135 9.3641 4.6039
v  27.3580 9.3641 3.8337
v  26.1112 6.2713 4.1674
v  26.9208 6.6267 3.6086
v  24.7921 14.3711 3.7372
v  25.1395 14.4403 3.4508
v  25.9904 12.3307 4.2657
v  25.6602 13.2999 3.9427
v  25.0616 13.1806 4.3932
v  25.2311 12.2371 4.8870
v  26.2639 11.3502 4.4515
v  25.3227 11.2781 5.2487
v  25.3758 10.3211 5.4336
v  25.4289 9.3641 5.4439
v  25.4509 8.2401 5.3285
v  25.3884 7.1067 5.0821
v  25.2469 5.9421 4.7789
v  25.1054 4.7776 4.2312
v  24.4448 12.1343 5.3736
v  24.4448 11.2109 5.7869
v  24.4448 8.1228 5.9604
v  24.4448 6.8815 5.5984
v  28.1317 7.7612 3.0222
v  27.7501 6.9598 3.0222
v  27.9403 11.4785 3.0222
v  27.0130 11.4105 3.7481
v  6.0769 1.5427 -3.0221
v  6.7778 0.3077 -3.0222
v  6.7778 0.3077 3.0222
v  6.7842 -0.1295 -3.0222
v  10.3304 -1.3416 -3.0222
v  25.7661 5.1562 -3.8147
v  26.5266 5.6573 -3.3843
v  28.4381 18.7066 -3.0221
v  27.5325 15.5658 -3.0221
v  28.5970 -1.2514 -3.0222
v  24.8691 -0.5508 -3.0222
v  28.7314 0.3664 -3.0222
v  12.2342 -1.6876 -3.0222
v  11.2823 -1.4690 -3.0222
v  15.2089 -3.0256 -3.0222
v  15.1997 -4.3464 -2.2613
v  14.6039 -4.2613 -2.2613
v  14.8000 -2.9984 -3.0222
v  17.6158 -2.6755 -2.2613
v  17.2497 -1.7078 -3.0222
v  17.8746 -0.4603 -3.0222
v  24.4448 4.3989 -4.4022
v  24.4448 18.7066 -3.0221
v  14.0982 -4.0820 -2.1177
v  14.0982 -4.4201 -2.0607
v  15.7954 -4.2612 -2.2613
v  16.3462 -4.0523 -2.2613
v  16.3462 -4.0523 -2.0607
v  15.7954 -4.2612 -2.0607
v  32.8770 8.5894 -3.0222
v  24.4448 5.6402 -5.1226
v  31.9338 5.3140 -3.0222
v  34.4921 6.7497 -3.0222
v  30.0062 12.0001 -3.0222
v  24.4448 13.0578 -4.7794
v  24.4448 14.3019 -3.9008
v  27.3686 6.1583 -3.0222
v  26.6898 12.4332 -3.6743
v  26.2499 13.4360 -3.5144
v  27.0011 13.5929 -3.0222
v  27.5702 12.5357 -3.0222
v  24.4448 15.5460 -3.0221
v  15.7319 -3.0116 -3.0222
v  29.0086 1.4409 -3.0222
v  29.4880 2.5424 -3.0222
v  26.0084 14.6186 -3.0221
v  25.5332 14.5294 -3.2024
v  28.3455 9.3641 -3.0222
v  28.2474 10.4213 -3.0222
v  24.4448 9.3641 -6.1262
v  24.4448 10.2875 -6.0439
v  27.1912 7.5465 -3.6576
v  26.3321 7.3318 -4.3612
v  26.4640 8.3530 -4.5453
v  27.3496 8.4601 -3.7851
v  28.3049 8.5627 -3.0222
v  30.3540 3.8743 -3.0222
v  14.3092 -2.8278 -3.0222
v  14.0982 -4.0820 -2.2613
v  13.3247 -2.1802 -3.0222
v  16.7694 -3.5933 -2.0607
v  17.1926 -3.1344 -2.0607
v  17.1926 -3.1344 -2.2613
v  16.7694 -3.5933 -2.2613
v  16.5416 -2.5895 -3.0222
v  16.9095 -2.2060 -3.0222
v  16.0913 -2.8924 -3.0222
v  14.6039 -4.2613 -2.0607
v  15.1997 -4.3464 -2.0607
v  27.2397 10.3892 -3.8281
v  27.3580 9.3641 -3.8337
v  26.5135 9.3641 -4.6039
v  26.4329 10.3588 -4.5741
v  26.1112 6.2713 -4.1674
v  26.9208 6.6267 -3.6086
v  25.1395 14.4403 -3.4508
v  24.7921 14.3711 -3.7372
v  25.0616 13.1806 -4.3932
v  25.6602 13.2999 -3.9427
v  25.9904 12.3307 -4.2657
v  25.2311 12.2371 -4.8870
v  25.3227 11.2781 -5.2487
v  26.2639 11.3502 -4.4515
v  25.3758 10.3211 -5.4336
v  25.4289 9.3641 -5.4439
v  25.4509 8.2401 -5.3285
v  25.3884 7.1067 -5.0821
v  25.2469 5.9421 -4.7789
v  25.1054 4.7776 -4.2312
v  24.4448 12.1343 -5.3736
v  24.4448 11.2109 -5.7869
v  24.4448 8.1228 -5.9604
v  24.4448 6.8815 -5.5984
v  28.1317 7.7612 -3.0222
v  27.7501 6.9598 -3.0222
v  27.9403 11.4785 -3.0222
v  27.0130 11.4105 -3.7481
v  31.2655 17.7195 0.9198
v  29.5041 16.0346 0.9198
v  30.4546 14.9890 0.9198
v  32.2819 16.8340 0.9198
v  32.8567 17.3810 0.5787
v  32.8493 16.6073 0.9198
v  33.6018 16.7279 0.9198
v  34.3101 17.1761 0.9198
v  34.0812 17.9819 0.5787
v  33.5296 17.6328 0.5787
v  35.9942 18.6143 0.9198
v  35.7770 19.3945 0.5787
v  34.6626 18.4293 0.5787
v  34.9300 17.8195 0.9198
v  39.5133 17.1972 0.9198
v  37.6075 17.3474 0.9198
v  37.6943 16.8536 0.5787
v  39.5139 17.0544 0.5787
v  33.6778 13.4405 0.9198
v  31.3875 14.2127 0.9198
v  33.7735 12.1133 0.9198
v  36.6002 16.9522 0.9198
v  35.6829 16.3052 0.9198
v  39.5383 18.0471 0.9198
v  39.4905 18.3846 0.5787
v  37.1546 19.2729 0.9198
v  32.1764 17.5179 0.5787
v  32.3516 17.4261 0.5787
v  33.8066 14.1138 0.9198
v  34.2492 13.5678 0.5787
v  34.4374 14.0588 0.5787
v  34.0633 14.5768 0.9198
v  30.6739 18.3029 0.5787
v  30.3458 18.0489 0.5787
v  31.8934 17.8387 0.5787
v  34.2299 13.0586 0.5787
v  29.0842 16.4965 0.5787
v  34.4004 11.6247 0.5787
v  34.8554 14.7483 0.5787
v  35.3323 15.3495 0.5787
v  34.8312 15.5268 0.9198
v  36.7473 16.4954 0.5787
v  35.8903 15.8854 0.5787
v  32.3516 17.4261 -0.5787
v  32.5636 17.3702 0.5787
v  32.5636 17.3702 -0.5787
v  31.2340 18.5162 -0.5787
v  31.2340 18.5162 0.5787
v  31.4037 18.5139 0.5787
v  31.4037 18.5139 -0.5787
v  34.2299 13.0586 -0.5787
v  34.4004 11.6247 -0.5787
v  33.5296 17.6328 -0.5787
v  34.0812 17.9819 -0.5787
v  35.3323 15.3495 -0.5787
v  34.8554 14.7483 -0.5787
v  37.5494 19.8391 -0.5787
v  37.5494 19.8391 0.5787
v  38.1550 19.5346 0.5787
v  38.1550 19.5346 -0.5787
v  37.6943 16.8536 -0.5787
v  36.7473 16.4954 -0.5787
v  34.6626 18.4293 -0.5787
v  35.7770 19.3945 -0.5787
v  39.5139 17.0544 -0.5787
v  30.3458 18.0489 -0.5787
v  30.6739 18.3029 -0.5787
v  34.4374 14.0588 -0.5787
v  34.2492 13.5678 -0.5787
v  31.7415 18.2596 -0.5787
v  31.7415 18.2596 0.5787
v  31.8200 18.0563 0.5787
v  31.8200 18.0563 -0.5787
v  31.8934 17.8387 -0.5787
v  32.1764 17.5179 -0.5787
v  29.0842 16.4965 -0.5787
v  39.6595 17.1972 0.6312
v  39.6844 18.0471 0.6312
v  39.6595 17.1972 -0.6312
v  39.6844 18.0471 -0.6312
v  39.4905 18.3846 -0.5787
v  36.3636 19.7551 0.5787
v  35.8903 15.8854 -0.5787
v  36.3636 19.7551 -0.5787
v  36.9876 19.9121 0.5787
v  36.9876 19.9121 -0.5787
v  39.0965 18.7766 -0.5787
v  39.0965 18.7766 0.5787
v  38.6200 19.1823 0.5787
v  38.6200 19.1823 -0.5787
v  31.0164 18.4742 0.5787
v  31.0164 18.4742 -0.5787
v  31.6918 18.3456 -0.5787
v  31.6918 18.3456 0.5787
v  31.5343 18.4815 0.5787
v  31.5343 18.4815 -0.5787
v  31.6260 18.4251 -0.5787
v  31.6260 18.4251 0.5787
v  32.8567 17.3810 -0.5787
v  31.2655 17.7195 -0.9198
v  32.2819 16.8340 -0.9198
v  30.4546 14.9890 -0.9198
v  29.5041 16.0346 -0.9198
v  33.6018 16.7279 -0.9198
v  32.8493 16.6073 -0.9198
v  34.3101 17.1761 -0.9198
v  35.9942 18.6143 -0.9198
v  34.9300 17.8195 -0.9198
v  39.5133 17.1972 -0.9198
v  37.6075 17.3474 -0.9198
v  33.6778 13.4405 -0.9198
v  33.7735 12.1133 -0.9198
v  31.3875 14.2127 -0.9198
v  36.6002 16.9522 -0.9198
v  35.6829 16.3052 -0.9198
v  39.5383 18.0471 -0.9198
v  37.1546 19.2729 -0.9198
v  33.8066 14.1138 -0.9198
v  34.0633 14.5768 -0.9198
v  34.8312 15.5268 -0.9198
v  26.1931 -3.5992 0.8303
v  23.7934 -3.5429 0.8303
v  23.9364 -3.9061 0.8303
v  26.0944 -3.7894 0.8303
v  26.0522 -4.1194 0.8303
v  24.8518 -7.3321 0.8303
v  25.3548 -6.9136 0.8303
v  24.0161 -6.6301 0.8303
v  23.9252 -7.0861 0.8303
v  28.2278 -1.9449 -0.8303
v  28.2278 -1.9449 0.8303
v  26.3503 -3.4091 0.8303
v  26.3503 -3.4091 -0.8303
v  23.9364 -3.9061 -0.8303
v  23.7934 -3.5429 -0.8303
v  24.0892 -6.1536 -0.8303
v  24.0892 -6.1536 0.8303
v  24.1196 -5.5800 0.8303
v  24.1196 -5.5800 -0.8303
v  26.0944 -3.7894 -0.8303
v  26.0522 -4.1194 -0.8303
v  25.3548 -6.9136 -0.8303
v  24.8518 -7.3321 -0.8303
v  26.0636 -5.2643 0.8303
v  24.0924 -4.9660 0.8303
v  26.0681 -5.5811 0.8303
v  24.0924 -4.9660 -0.8303
v  24.0440 -4.4361 0.8303
v  24.0440 -4.4361 -0.8303
v  26.0636 -5.2643 -0.8303
v  26.0681 -5.5811 -0.8303
v  26.1931 -3.5992 -0.8303
v  23.6039 -3.1797 -0.8303
v  23.6039 -3.1797 0.8303
v  22.6277 -1.3539 0.8303
v  22.6277 -1.3539 -0.8303
v  23.6801 -8.0937 -0.8303
v  23.6801 -8.0937 0.8303
v  23.7031 -8.0082 0.8303
v  23.7031 -8.0082 -0.8303
v  23.7141 -8.1062 0.8303
v  23.6772 -8.1212 0.8303
v  23.7405 -8.1492 0.8303
v  23.7555 -8.1393 0.8303
v  23.8148 -7.5465 -0.8303
v  23.8148 -7.5465 0.8303
v  23.9252 -7.0861 -0.8303
v  23.6797 -8.1315 0.8303
v  24.0161 -6.6301 -0.8303
v  23.7141 -8.1062 -0.8303
v  23.6772 -8.1212 -0.8303
v  23.7555 -8.1393 -0.8303
v  23.7405 -8.1492 -0.8303
v  23.6797 -8.1315 -0.8303
v  26.0427 -4.4495 0.8303
v  26.0427 -4.4495 -0.8303
v  25.9399 -6.1840 0.8303
v  26.0348 -5.8978 0.8303
v  26.0348 -5.8978 -0.8303
v  25.9399 -6.1840 -0.8303
v  25.7840 -6.4382 0.8303
v  25.7840 -6.4382 -0.8303
v  24.3098 -7.7480 0.8303
v  24.3098 -7.7480 -0.8303
v  23.7234 -8.1500 -0.8303
v  23.7234 -8.1500 0.8303
v  23.7087 -8.1479 0.8303
v  23.7087 -8.1479 -0.8303
v  23.6854 -8.1390 -0.8303
v  23.6854 -8.1390 0.8303
v  23.6951 -8.1442 0.8303
v  23.6951 -8.1442 -0.8303
v  24.8826 -1.4372 0.8303
v  24.8826 -1.4372 -0.8303
v  14.8049 21.5243 1.4328
v  12.8394 18.9469 1.4328
v  15.9121 20.0959 1.4328
v  21.9895 23.3592 0.5159
v  23.0989 22.3548 0.5159
v  21.2845 22.3927 0.5159
v  16.6612 20.0959 1.1744
v  15.9121 20.0959 1.1744
v  15.9121 18.9469 1.1744
v  16.6612 18.9469 1.1744
v  19.9365 20.0959 1.1744
v  19.5085 20.0959 1.1744
v  19.5085 18.9469 1.1744
v  19.9365 18.9469 1.1744
v  16.6612 20.0959 1.4328
v  19.9365 20.0959 1.4328
v  19.5085 20.0959 1.4328
v  20.4378 21.4218 1.4328
v  20.1261 21.5243 1.4328
v  14.8049 21.5243 -1.4328
v  20.1261 21.5243 0.0000
v  20.1261 21.5243 -1.4328
v  22.7076 19.9265 1.4328
v  22.4849 20.1639 1.4328
v  19.9365 18.9469 1.4328
v  22.2440 21.3552 1.4328
v  20.8467 21.7182 1.4328
v  22.1715 20.8319 1.4328
v  24.1435 19.6303 -1.4328
v  24.1435 19.6303 1.4328
v  24.1435 18.9469 1.4328
v  24.1435 18.9469 -1.4328
v  23.1747 19.6303 -1.4328
v  23.1747 19.6303 1.4328
v  22.1715 20.8319 -1.4328
v  22.3388 20.3690 1.4328
v  22.3388 20.3690 -1.4328
v  12.8394 18.9469 -1.4328
v  22.3779 21.6841 -1.4328
v  22.3779 21.6841 1.4328
v  22.2440 21.3552 -1.4328
v  22.6186 21.9915 1.4328
v  21.9895 23.3592 1.4328
v  20.9605 21.9485 1.4328
v  24.0527 22.3657 0.5159
v  22.4849 20.1639 -1.4328
v  24.0527 22.3659 1.4328
v  23.0995 22.3572 1.4328
v  16.6612 18.9469 1.4328
v  15.9121 18.9469 1.4328
v  19.5085 18.9469 1.4328
v  22.7076 19.9265 -1.4328
v  22.6186 21.9915 -1.4328
v  24.1435 23.2363 1.4328
v  24.1435 22.4576 1.4328
v  24.1435 22.4576 0.5159
v  24.1435 23.2363 0.5159
v  23.0995 22.3572 0.0000
v  21.2556 22.3572 0.0000
v  24.0207 23.3592 1.4328
v  24.0207 23.3592 0.5159
v  20.5972 21.6303 1.4328
v  20.2951 21.5361 1.4328
v  20.2950 21.5361 0.0000
v  20.8514 21.8189 1.4328
v  20.7303 21.7128 1.4328
v  20.4521 21.5714 1.4328
v  20.4520 21.5715 0.0000
v  20.5969 21.6305 0.0000
v  20.7298 21.7131 0.0000
v  20.8507 21.8194 0.0000
v  20.9595 21.9492 0.0000
v  24.1298 23.3046 0.5159
v  24.1298 23.3046 1.4328
v  24.0889 23.3455 0.5159
v  24.0889 23.3455 1.4328
v  24.1334 22.4070 1.4328
v  24.1334 22.4070 0.5159
v  24.1031 22.3765 1.4328
v  24.1031 22.3764 0.5159
v  15.9121 20.0959 -1.4328
v  21.9895 23.3592 -0.5159
v  21.2845 22.3927 -0.5159
v  23.0989 22.3548 -0.5159
v  15.9121 18.9469 -1.1744
v  15.9121 20.0959 -1.1744
v  16.6612 20.0959 -1.1744
v  16.6612 18.9469 -1.1744
v  19.5085 18.9469 -1.1744
v  19.5085 20.0959 -1.1744
v  19.9365 20.0959 -1.1744
v  19.9365 18.9469 -1.1744
v  16.6612 20.0959 -1.4328
v  19.5085 20.0959 -1.4328
v  19.9365 20.0959 -1.4328
v  20.4378 21.4218 -1.4328
v  19.9365 18.9469 -1.4328
v  20.8467 21.7182 -1.4328
v  20.9605 21.9485 -1.4328
v  21.9895 23.3592 -1.4328
v  24.0527 22.3657 -0.5159
v  24.0527 22.3659 -1.4328
v  23.0995 22.3572 -1.4328
v  16.6612 18.9469 -1.4328
v  15.9121 18.9469 -1.4328
v  19.5085 18.9469 -1.4328
v  24.1435 22.4576 -0.5159
v  24.1435 22.4576 -1.4328
v  24.1435 23.2363 -1.4328
v  24.1435 23.2363 -0.5159
v  24.0207 23.3592 -0.5159
v  24.0207 23.3592 -1.4328
v  20.5972 21.6303 -1.4328
v  20.2951 21.5361 -1.4328
v  20.8514 21.8189 -1.4328
v  20.7303 21.7128 -1.4328
v  20.4521 21.5714 -1.4328
v  24.1298 23.3046 -0.5159
v  24.1298 23.3046 -1.4328
v  24.0889 23.3455 -0.5159
v  24.0889 23.3455 -1.4328
v  24.1334 22.4070 -1.4328
v  24.1334 22.4070 -0.5159
v  24.1031 22.3765 -1.4328
v  24.1031 22.3764 -0.5159
v  24.5260 21.9484 -1.4206
v  24.5260 21.9484 1.4206
v  24.6926 21.7433 1.4206
v  24.6926 21.7433 -1.4206
v  24.8168 21.5094 1.4206
v  24.8168 21.5094 -1.4206
v  24.9217 20.9933 1.4206
v  24.9217 20.9933 -1.4206
v  24.8945 21.2561 -1.4206
v  24.8945 21.2561 1.4206
v  23.5708 22.3441 -1.4206
v  23.5708 22.3441 1.4206
v  23.8337 22.3169 1.4206
v  23.8337 22.3169 -1.4206
v  24.0869 22.2392 1.4206
v  24.0869 22.2392 -1.4206
v  24.3209 22.1151 -1.4206
v  24.3209 22.1151 1.4206
v  22.6156 21.9484 -1.4206
v  22.6156 21.9484 1.4206
v  22.8208 22.1151 1.4206
v  22.8208 22.1151 -1.4206
v  23.0547 22.2392 1.4206
v  23.0547 22.2392 -1.4206
v  23.3080 22.3169 -1.4206
v  23.3080 22.3169 1.4206
v  22.2200 20.9933 -1.4206
v  22.2200 20.9933 1.4206
v  22.2472 21.2561 1.4206
v  22.2472 21.2561 -1.4206
v  22.3249 21.5094 1.4206
v  22.3249 21.5094 -1.4206
v  22.4490 21.7433 -1.4206
v  22.4490 21.7433 1.4206
v  22.6156 20.0381 -1.4206
v  22.6156 20.0381 1.4206
v  22.4490 20.2432 1.4206
v  22.4490 20.2432 -1.4206
v  22.3249 20.4772 1.4206
v  22.3249 20.4772 -1.4206
v  22.2472 20.7304 -1.4206
v  22.2472 20.7304 1.4206
v  23.5708 19.6424 -1.4206
v  23.5708 19.6424 1.4206
v  23.3080 19.6696 1.4206
v  23.3080 19.6696 -1.4206
v  23.0547 19.7473 1.4206
v  23.0547 19.7473 -1.4206
v  22.8208 19.8715 -1.4206
v  22.8208 19.8715 1.4206
v  24.5260 20.0381 -1.4206
v  24.5260 20.0381 1.4206
v  24.3209 19.8715 1.4206
v  24.3209 19.8715 -1.4206
v  24.0869 19.7473 1.4206
v  24.0869 19.7473 -1.4206
v  23.8337 19.6696 -1.4206
v  23.8337 19.6696 1.4206
v  24.8945 20.7304 1.4206
v  24.8945 20.7304 -1.4206
v  24.8168 20.4772 1.4206
v  24.8168 20.4772 -1.4206
v  24.6926 20.2432 -1.4206
v  24.6926 20.2432 1.4206
v  23.5708 20.9933 1.4318
v  23.5708 20.9933 -1.4318
v  5.0617 2.0882 4.4325
v  3.3990 0.0977 4.4325
v  4.1326 -0.4557 4.4325
v  5.6953 1.5863 4.4325
v  3.3204 -0.2888 4.2624
v  3.3204 -0.2888 3.9740
v  3.7825 -0.6374 3.9740
v  3.7825 -0.6374 4.2624
v  5.0617 2.0882 3.8039
v  3.3990 0.0977 3.8039
v  5.6953 1.5863 3.8039
v  4.1326 -0.4557 3.8039
v  5.0617 2.0882 -4.4325
v  5.6953 1.5863 -4.4325
v  4.1326 -0.4557 -4.4325
v  3.3990 0.0977 -4.4325
v  3.7825 -0.6374 -3.9740
v  3.3204 -0.2888 -3.9740
v  3.3204 -0.2888 -4.2624
v  3.7825 -0.6374 -4.2624
v  3.3990 0.0977 -3.8039
v  5.0617 2.0882 -3.8039
v  5.6953 1.5863 -3.8039
v  4.1326 -0.4557 -3.8039
v  5.8206 1.8150 -3.0126
v  5.8206 1.8150 3.0126
v  6.1961 1.3527 3.0126
v  6.1961 1.3527 -3.0126
v  6.4758 0.8254 3.0126
v  6.4758 0.8254 -3.0126
v  6.6508 0.2548 -3.0126
v  6.6508 0.2548 3.0126
v  6.7122 -0.3376 3.0126
v  6.7122 -0.3376 -3.0126
v  3.6681 2.7065 -3.0126
v  3.6681 2.7065 3.0126
v  4.2604 2.6452 3.0126
v  4.2604 2.6452 -3.0126
v  4.8311 2.4702 3.0126
v  4.8311 2.4702 -3.0126
v  5.3584 2.1904 -3.0126
v  5.3584 2.1904 3.0126
v  1.5156 1.8150 -3.0126
v  1.5156 1.8150 3.0126
v  1.9778 2.1904 3.0126
v  1.9778 2.1904 -3.0126
v  2.5051 2.4702 3.0126
v  2.5051 2.4702 -3.0126
v  3.0757 2.6452 -3.0126
v  3.0757 2.6452 3.0126
v  0.6240 -0.3376 -3.0126
v  0.6240 -0.3376 3.0126
v  0.6853 0.2548 3.0126
v  0.6853 0.2548 -3.0126
v  0.8604 0.8254 3.0126
v  0.8604 0.8254 -3.0126
v  1.1401 1.3527 -3.0126
v  1.1401 1.3527 3.0126
v  1.5156 -2.4901 -3.0126
v  1.5156 -2.4901 3.0126
v  1.1401 -2.0278 3.0126
v  1.1401 -2.0278 -3.0126
v  0.8604 -1.5006 3.0126
v  0.8604 -1.5006 -3.0126
v  0.6853 -0.9299 -3.0126
v  0.6853 -0.9299 3.0126
v  3.6681 -3.3817 -3.0126
v  3.6681 -3.3817 3.0126
v  3.0757 -3.3203 3.0126
v  3.0757 -3.3203 -3.0126
v  2.5051 -3.1453 3.0126
v  2.5051 -3.1453 -3.0126
v  1.9778 -2.8655 -3.0126
v  1.9778 -2.8655 3.0126
v  5.8206 -2.4901 -3.0126
v  5.8206 -2.4901 3.0126
v  5.3584 -2.8655 3.0126
v  5.3584 -2.8655 -3.0126
v  4.8311 -3.1453 3.0126
v  4.8311 -3.1453 -3.0126
v  4.2604 -3.3203 -3.0126
v  4.2604 -3.3203 3.0126
v  6.6508 -0.9299 3.0126
v  6.6508 -0.9299 -3.0126
v  6.4758 -1.5006 3.0126
v  6.4758 -1.5006 -3.0126
v  6.1961 -2.0278 -3.0126
v  6.1961 -2.0278 3.0126
v  5.8693 -0.3376 3.4228
v  5.8249 0.0908 3.4228
v  5.6984 0.5034 3.4228
v  5.2246 1.2189 3.4228
v  4.8903 1.4904 3.4228
v  4.5090 1.6927 3.4228
v  3.6681 1.8636 3.4228
v  3.2398 1.8193 3.4228
v  2.8271 1.6927 3.4228
v  2.1116 1.2189 3.4228
v  1.8401 0.8847 3.4228
v  1.6378 0.5034 3.4228
v  1.4669 -0.3376 3.4228
v  1.5112 -0.7659 3.4228
v  1.6378 -1.1785 3.4228
v  2.1116 -1.8940 3.4228
v  2.4458 -2.1655 3.4228
v  2.8271 -2.3678 3.4228
v  3.6681 -2.5388 3.4228
v  4.0964 -2.4944 3.4228
v  4.5090 -2.3678 3.4228
v  5.2246 -1.8940 3.4228
v  5.4961 -1.5598 3.4228
v  5.6984 -1.1785 3.4228
v  4.8469 -0.3376 3.4433
v  4.8232 -0.1082 3.4433
v  4.7554 0.1128 3.4433
v  4.5016 0.4960 3.4433
v  4.3226 0.6414 3.4433
v  4.1185 0.7497 3.4433
v  3.6681 0.8413 3.4433
v  3.4387 0.8175 3.4433
v  3.2177 0.7497 3.4433
v  2.8345 0.4960 3.4433
v  2.6891 0.3170 3.4433
v  2.5808 0.1128 3.4433
v  2.4892 -0.3376 3.4433
v  2.5130 -0.5669 3.4433
v  2.5808 -0.7879 3.4433
v  2.8345 -1.1711 3.4433
v  3.0135 -1.3165 3.4433
v  3.2177 -1.4249 3.4433
v  3.6681 -1.5164 3.4433
v  3.8975 -1.4926 3.4433
v  4.1185 -1.4249 3.4433
v  4.5016 -1.1711 3.4433
v  4.6471 -0.9921 3.4433
v  4.7554 -0.7879 3.4433
v  5.4961 0.8847 3.4228
v  4.0964 1.8193 3.4228
v  2.4458 1.4904 3.4228
v  1.5112 0.0908 3.4228
v  1.8401 -1.5598 3.4228
v  3.2398 -2.4944 3.4228
v  4.8903 -2.1655 3.4228
v  5.8249 -0.7659 3.4228
v  4.6471 0.3170 3.4433
v  3.8975 0.8175 3.4433
v  3.0135 0.6414 3.4433
v  2.5130 -0.1082 3.4433
v  2.6891 -0.9921 3.4433
v  3.4387 -1.4926 3.4433
v  4.3227 -1.3165 3.4433
v  4.8232 -0.5669 3.4433
v  4.8269 -0.3376 3.7943
v  4.8035 -0.1121 3.7943
v  4.7369 0.1052 3.7943
v  4.4875 0.4818 3.7943
v  4.6304 0.3059 3.7943
v  4.3115 0.6248 3.7943
v  4.1108 0.7313 3.7943
v  3.6681 0.8212 3.7943
v  3.8936 0.7979 3.7943
v  3.4426 0.7979 3.7943
v  3.2254 0.7313 3.7943
v  2.8487 0.4818 3.7943
v  3.0246 0.6248 3.7943
v  2.7058 0.3059 3.7943
v  2.5993 0.1052 3.7943
v  2.5093 -0.3376 3.7943
v  2.5326 -0.1121 3.7943
v  2.5326 -0.5630 3.7943
v  2.5993 -0.7803 3.7943
v  2.8487 -1.1570 3.7943
v  2.7058 -0.9810 3.7943
v  3.0246 -1.2999 3.7943
v  3.2254 -1.4064 3.7943
v  3.6681 -1.4964 3.7943
v  3.4426 -1.4730 3.7943
v  3.8936 -1.4730 3.7943
v  4.1108 -1.4064 3.7943
v  4.4875 -1.1570 3.7943
v  4.3115 -1.2999 3.7943
v  4.6304 -0.9810 3.7943
v  4.7369 -0.7803 3.7943
v  4.8035 -0.5630 3.7943
v  3.6681 -0.3376 3.8031
v  5.8693 -0.3376 -3.4228
v  5.8249 0.0908 -3.4228
v  5.6984 0.5034 -3.4228
v  5.2246 1.2189 -3.4228
v  4.8903 1.4904 -3.4228
v  4.5090 1.6927 -3.4228
v  3.6681 1.8636 -3.4228
v  3.2398 1.8193 -3.4228
v  2.8271 1.6927 -3.4228
v  2.1116 1.2189 -3.4228
v  1.8401 0.8847 -3.4228
v  1.6378 0.5034 -3.4228
v  1.4669 -0.3376 -3.4228
v  1.5112 -0.7659 -3.4228
v  1.6378 -1.1785 -3.4228
v  2.1116 -1.8940 -3.4228
v  2.4458 -2.1655 -3.4228
v  2.8271 -2.3678 -3.4228
v  3.6681 -2.5388 -3.4228
v  4.0964 -2.4944 -3.4228
v  4.5090 -2.3678 -3.4228
v  5.2246 -1.8940 -3.4228
v  5.4961 -1.5598 -3.4228
v  5.6984 -1.1785 -3.4228
v  4.8469 -0.3376 -3.4433
v  4.8232 -0.1082 -3.4433
v  4.7554 0.1128 -3.4433
v  4.5016 0.4960 -3.4433
v  4.3226 0.6414 -3.4433
v  4.1185 0.7497 -3.4433
v  3.6681 0.8413 -3.4433
v  3.4387 0.8175 -3.4433
v  3.2177 0.7497 -3.4433
v  2.8345 0.4960 -3.4433
v  2.6891 0.3170 -3.4433
v  2.5808 0.1128 -3.4433
v  2.4892 -0.3376 -3.4433
v  2.5130 -0.5669 -3.4433
v  2.5808 -0.7879 -3.4433
v  2.8345 -1.1711 -3.4433
v  3.0135 -1.3165 -3.4433
v  3.2177 -1.4249 -3.4433
v  3.6681 -1.5164 -3.4433
v  3.8975 -1.4926 -3.4433
v  4.1185 -1.4249 -3.4433
v  4.5016 -1.1711 -3.4433
v  4.6471 -0.9921 -3.4433
v  4.7554 -0.7879 -3.4433
v  5.4961 0.8847 -3.4228
v  4.0964 1.8193 -3.4228
v  2.4458 1.4904 -3.4228
v  1.5112 0.0908 -3.4228
v  1.8401 -1.5598 -3.4228
v  3.2398 -2.4944 -3.4228
v  4.8903 -2.1655 -3.4228
v  5.8249 -0.7659 -3.4228
v  4.6471 0.3170 -3.4433
v  3.8975 0.8175 -3.4433
v  3.0135 0.6414 -3.4433
v  2.5130 -0.1082 -3.4433
v  2.6891 -0.9921 -3.4433
v  3.4387 -1.4926 -3.4433
v  4.3227 -1.3165 -3.4433
v  4.8232 -0.5669 -3.4433
v  4.8269 -0.3376 -3.7943
v  4.8035 -0.1121 -3.7943
v  4.7369 0.1052 -3.7943
v  4.4875 0.4818 -3.7943
v  4.6304 0.3059 -3.7943
v  4.3115 0.6248 -3.7943
v  4.1108 0.7313 -3.7943
v  3.6681 0.8212 -3.7943
v  3.8936 0.7979 -3.7943
v  3.4426 0.7979 -3.7943
v  3.2254 0.7313 -3.7943
v  2.8487 0.4818 -3.7943
v  3.0246 0.6248 -3.7943
v  2.7058 0.3059 -3.7943
v  2.5993 0.1052 -3.7943
v  2.5093 -0.3376 -3.7943
v  2.5326 -0.1121 -3.7943
v  2.5326 -0.5630 -3.7943
v  2.5993 -0.7803 -3.7943
v  2.8487 -1.1570 -3.7943
v  2.7058 -0.9810 -3.7943
v  3.0246 -1.2999 -3.7943
v  3.2254 -1.4064 -3.7943
v  3.6681 -1.4964 -3.7943
v  3.4426 -1.4730 -3.7943
v  3.8936 -1.4730 -3.7943
v  4.1108 -1.4064 -3.7943
v  4.4875 -1.1570 -3.7943
v  4.3115 -1.2999 -3.7943
v  4.6304 -0.9810 -3.7943
v  4.7369 -0.7803 -3.7943
v  4.8035 -0.5630 -3.7943
v  3.6681 -0.3376 -3.8031
v  24.1767 15.3119 0.0000
v  24.1767 15.2801 -0.6064
v  15.7214 15.3019 -0.6367
v  15.6050 15.3364 0.0000
v  6.7071 13.9389 -1.7249
v  6.7071 14.4358 -1.2947
v  15.5726 14.5349 -1.3717
v  15.8647 14.0828 -1.8189
v  14.6971 15.2600 -0.8891
v  6.7071 15.2267 -0.7976
v  6.7071 15.2826 0.0000
v  14.6683 15.1904 -1.0329
v  6.7071 15.1650 -0.9470
v  6.7071 14.7545 -1.0371
v  15.0480 14.8242 -1.1054
v  24.1767 15.1757 -1.2386
v  24.1767 15.0600 -1.6811
v  18.2086 15.0705 -1.6806
v  17.7247 15.1894 -1.2459
v  16.6701 15.1583 -1.2524
v  17.2225 15.0315 -1.6581
v  17.0330 14.9290 -1.5990
v  16.4742 15.0855 -1.2367
v  17.3541 14.7084 -2.1796
v  17.5378 14.8480 -2.2601
v  18.4811 14.8855 -2.2816
v  6.7112 12.5170 -1.1680
v  6.7112 12.7140 -0.6267
v  6.7071 13.4301 -2.3370
v  6.7112 12.2793 -1.6756
v  6.7112 12.7159 0.0000
v  24.1767 14.8751 -2.2794
v  24.2013 9.3641 0.0000
v  5.5414 11.9719 -0.4827
v  5.5414 11.8552 -0.9247
v  5.5414 12.0108 0.0000
v  5.5335 9.3641 0.0000
v  16.0148 13.6050 -2.4375
v  17.5255 14.3776 -2.8816
v  24.1767 14.5655 -2.9896
v  18.6310 14.5752 -2.9951
v  17.7091 14.5397 -2.9748
v  5.5414 11.6680 -1.3242
v  24.1767 12.3565 -5.1403
v  24.1767 11.8149 -5.4186
v  15.7214 11.7996 -5.4526
v  15.6046 12.3689 -5.1615
v  6.7071 10.1736 -4.8217
v  6.7071 10.7954 -5.0349
v  15.5726 10.7786 -5.1592
v  15.8647 10.1648 -4.9934
v  16.0161 9.3641 -4.8905
v  6.7071 9.3641 -4.6887
v  14.6971 11.5604 -5.5433
v  6.7071 11.6227 -5.4685
v  6.7071 12.3418 -5.1150
v  14.6683 11.4011 -5.5555
v  6.7071 11.4626 -5.4903
v  6.7071 11.1782 -5.1809
v  15.0480 11.1543 -5.2754
v  24.1767 11.2159 -5.6462
v  24.1767 10.7752 -5.7687
v  18.2086 10.7810 -5.7775
v  17.7247 11.2164 -5.6617
v  16.6701 11.1952 -5.6382
v  17.2225 10.7808 -5.7325
v  17.0330 10.7803 -5.6142
v  16.4742 11.1722 -5.5673
v  17.3541 10.1676 -5.7155
v  17.5272 9.3641 -5.7832
v  24.1767 10.1651 -5.9098
v  24.1767 9.3641 -6.0002
v  18.6326 9.3641 -6.0114
v  18.4811 10.1684 -5.9198
v  17.5378 10.1682 -5.8766
v  17.7109 9.3641 -5.9705
v  6.7112 9.9399 -3.3126
v  6.7112 10.5069 -3.2107
v  6.7112 9.3641 -3.3628
v  6.7112 11.0496 -2.8972
v  5.5414 10.2582 -2.4968
v  5.5414 9.8175 -2.6182
v  5.5414 9.3641 -2.6577
v  5.5414 10.6949 -2.2878
v  5.5414 10.6956 -2.2873
v  15.7214 12.9031 -4.8102
v  24.1767 12.8659 -4.8067
v  6.7071 13.1573 -3.0848
v  15.8647 13.3110 -3.1618
v  15.5726 13.1521 -3.7775
v  6.7071 13.0357 -3.7307
v  6.7071 13.0043 -4.6642
v  14.6971 13.1001 -4.6470
v  6.7071 13.1023 -4.5358
v  14.6683 13.1893 -4.5145
v  15.0480 13.0676 -4.1615
v  6.7071 12.9736 -4.1357
v  24.1767 13.3597 -4.3982
v  17.7247 13.3729 -4.4064
v  18.2086 13.6886 -4.0849
v  24.1767 13.6838 -4.0755
v  16.6701 13.3629 -4.3763
v  16.4742 13.3126 -4.3212
v  17.0330 13.5469 -4.0037
v  17.2225 13.6496 -4.0625
v  17.3541 13.9375 -3.5208
v  17.5378 14.0774 -3.6009
v  18.4811 14.1148 -3.6224
v  6.7112 11.5918 -2.5791
v  6.7112 11.9604 -2.1364
v  24.1767 14.1077 -3.6146
v  5.5414 11.0938 -2.0104
v  5.5414 11.4170 -1.6871
v  5.5414 10.6965 -2.2869
v  24.1767 3.4163 0.0000
v  15.6050 3.3918 0.0000
v  15.7214 3.4263 -0.6367
v  24.1767 3.4480 -0.6064
v  6.7071 4.7893 -1.7249
v  15.8647 4.6453 -1.8189
v  15.5726 4.1933 -1.3717
v  6.7071 4.2923 -1.2947
v  6.7071 3.5015 -0.7976
v  14.6971 3.4682 -0.8891
v  6.7071 3.4456 0.0000
v  6.7071 3.5632 -0.9470
v  14.6683 3.5378 -1.0329
v  15.0480 3.9040 -1.1054
v  6.7071 3.9736 -1.0371
v  24.1767 3.5525 -1.2386
v  17.7247 3.5388 -1.2459
v  18.2086 3.6577 -1.6806
v  24.1767 3.6682 -1.6811
v  16.6701 3.5698 -1.2524
v  16.4742 3.6427 -1.2367
v  17.0330 3.7992 -1.5990
v  17.2225 3.6967 -1.6581
v  17.3541 4.0197 -2.1796
v  17.5378 3.8801 -2.2601
v  18.4811 3.8427 -2.2816
v  6.7112 6.0142 -0.6267
v  6.7112 6.2112 -1.1680
v  6.7071 5.2981 -2.3370
v  6.7112 6.4489 -1.6756
v  6.7112 6.0123 0.0000
v  24.1767 3.8530 -2.2794
v  5.5414 6.7563 -0.4827
v  5.5414 6.8730 -0.9247
v  5.5414 6.7174 0.0000
v  16.0148 5.1232 -2.4375
v  17.5255 4.3506 -2.8816
v  18.6310 4.1530 -2.9951
v  24.1767 4.1627 -2.9896
v  17.7091 4.1884 -2.9748
v  5.5414 7.0602 -1.3242
v  24.1767 6.3717 -5.1403
v  15.6046 6.3593 -5.1615
v  15.7214 6.9286 -5.4526
v  24.1767 6.9133 -5.4186
v  6.7071 8.5545 -4.8217
v  15.8647 8.5634 -4.9934
v  15.5726 7.9496 -5.1592
v  6.7071 7.9328 -5.0349
v  6.7071 7.1055 -5.4685
v  14.6971 7.1678 -5.5433
v  6.7071 6.3864 -5.1150
v  6.7071 7.2656 -5.4903
v  14.6683 7.3271 -5.5555
v  15.0480 7.5739 -5.2754
v  6.7071 7.5500 -5.1809
v  24.1767 7.5123 -5.6462
v  17.7247 7.5117 -5.6617
v  18.2086 7.9472 -5.7775
v  24.1767 7.9530 -5.7687
v  16.6701 7.5330 -5.6382
v  16.4742 7.5560 -5.5673
v  17.0330 7.9479 -5.6142
v  17.2225 7.9474 -5.7325
v  17.3541 8.5606 -5.7155
v  24.1767 8.5631 -5.9098
v  18.4811 8.5598 -5.9198
v  17.5378 8.5600 -5.8766
v  6.7112 8.2213 -3.2107
v  6.7112 8.7883 -3.3126
v  6.7112 7.6894 -2.8962
v  5.5414 8.4700 -2.4968
v  5.5414 8.9107 -2.6182
v  5.5414 8.0333 -2.2878
v  5.5414 8.0326 -2.2873
v  24.1767 5.8622 -4.8067
v  15.7214 5.8251 -4.8102
v  6.7071 5.5709 -3.0848
v  6.7071 5.6925 -3.7307
v  15.5726 5.5761 -3.7775
v  15.8647 5.4172 -3.1618
v  14.6971 5.6281 -4.6470
v  6.7071 5.7239 -4.6642
v  14.6683 5.5389 -4.5145
v  6.7071 5.6259 -4.5358
v  6.7071 5.7546 -4.1357
v  15.0480 5.6605 -4.1615
v  24.1767 5.3685 -4.3982
v  24.1767 5.0444 -4.0755
v  18.2086 5.0396 -4.0849
v  17.7247 5.3553 -4.4064
v  16.6701 5.3653 -4.3763
v  17.2225 5.0786 -4.0625
v  17.0330 5.1813 -4.0037
v  16.4742 5.4156 -4.3212
v  17.3541 4.7906 -3.5208
v  17.5378 4.6508 -3.6009
v  18.4811 4.6134 -3.6224
v  6.7112 6.7678 -2.1364
v  6.7112 7.1363 -2.5791
v  24.1767 4.6205 -3.6146
v  5.5414 7.6344 -2.0104
v  5.5414 7.3112 -1.6871
v  5.5414 8.0317 -2.2869
v  15.7214 15.3019 0.6367
v  24.1767 15.2801 0.6064
v  6.7071 13.9389 1.7249
v  15.8647 14.0828 1.8189
v  15.5726 14.5349 1.3717
v  6.7071 14.4358 1.2947
v  6.7071 15.2267 0.7977
v  14.6971 15.2600 0.8891
v  6.7071 15.1650 0.9470
v  14.6683 15.1904 1.0329
v  15.0480 14.8242 1.1054
v  6.7071 14.7545 1.0372
v  24.1767 15.1757 1.2386
v  17.7247 15.1894 1.2459
v  18.2086 15.0705 1.6806
v  24.1767 15.0600 1.6811
v  16.6701 15.1583 1.2524
v  16.4742 15.0855 1.2367
v  17.0330 14.9290 1.5990
v  17.2225 15.0315 1.6581
v  17.3541 14.7084 2.1796
v  17.5378 14.8480 2.2601
v  18.4811 14.8855 2.2816
v  6.7112 12.7140 0.6267
v  6.7112 12.5170 1.1680
v  6.7071 13.4301 2.3370
v  6.7112 12.2793 1.6756
v  24.1767 14.8751 2.2794
v  5.5414 11.9719 0.4827
v  5.5414 11.8552 0.9247
v  16.0148 13.6050 2.4375
v  17.5255 14.3776 2.8816
v  18.6310 14.5752 2.9951
v  24.1767 14.5655 2.9896
v  17.7091 14.5397 2.9748
v  5.5414 11.6680 1.3242
v  24.1767 12.3565 5.1403
v  15.6046 12.3689 5.1615
v  15.7214 11.7996 5.4526
v  24.1767 11.8149 5.4186
v  6.7071 10.1736 4.8217
v  15.8647 10.1648 4.9934
v  15.5726 10.7786 5.1593
v  6.7071 10.7954 5.0349
v  6.7071 9.3641 4.6887
v  16.0161 9.3641 4.8905
v  6.7071 11.6227 5.4686
v  14.6971 11.5604 5.5434
v  6.7071 12.3418 5.1150
v  6.7071 11.4626 5.4903
v  14.6683 11.4011 5.5555
v  15.0480 11.1543 5.2754
v  6.7071 11.1782 5.1809
v  24.1767 11.2159 5.6463
v  17.7247 11.2164 5.6617
v  18.2086 10.7810 5.7775
v  24.1767 10.7752 5.7687
v  16.6701 11.1952 5.6382
v  16.4742 11.1722 5.5673
v  17.0330 10.7803 5.6142
v  17.2225 10.7808 5.7325
v  17.5272 9.3641 5.7832
v  17.3541 10.1676 5.7155
v  24.1767 10.1651 5.9098
v  18.4811 10.1684 5.9198
v  18.6326 9.3641 6.0114
v  24.1767 9.3641 6.0002
v  17.5378 10.1682 5.8767
v  17.7109 9.3641 5.9706
v  6.7112 10.5069 3.2107
v  6.7112 9.9399 3.3126
v  6.7112 9.3641 3.3628
v  6.7112 11.0513 2.8962
v  5.5414 10.2582 2.4968
v  5.5414 9.8175 2.6182
v  5.5414 9.3641 2.6577
v  5.5414 10.6965 2.2869
v  24.1767 12.8659 4.8067
v  15.7214 12.9031 4.8102
v  6.7071 13.1573 3.0848
v  6.7071 13.0357 3.7307
v  15.5726 13.1521 3.7775
v  15.8647 13.3110 3.1618
v  14.6971 13.1001 4.6470
v  6.7071 13.0043 4.6642
v  14.6683 13.1893 4.5145
v  6.7071 13.1023 4.5358
v  6.7071 12.9736 4.1357
v  15.0480 13.0676 4.1616
v  24.1767 13.3597 4.3982
v  24.1767 13.6838 4.0755
v  18.2086 13.6886 4.0849
v  17.7247 13.3729 4.4064
v  16.6701 13.3629 4.3763
v  17.2225 13.6496 4.0625
v  17.0330 13.5469 4.0037
v  16.4742 13.3126 4.3212
v  17.3541 13.9375 3.5208
v  17.5378 14.0774 3.6009
v  18.4811 14.1148 3.6224
v  6.7112 11.9604 2.1364
v  6.7112 11.5918 2.5792
v  24.1767 14.1077 3.6146
v  5.5414 11.0938 2.0104
v  5.5414 11.4170 1.6871
v  24.1767 3.4480 0.6064
v  15.7214 3.4263 0.6367
v  6.7071 4.7893 1.7249
v  6.7071 4.2923 1.2947
v  15.5726 4.1933 1.3717
v  15.8647 4.6453 1.8189
v  14.6971 3.4682 0.8891
v  6.7071 3.5015 0.7977
v  14.6683 3.5378 1.0329
v  6.7071 3.5632 0.9470
v  6.7071 3.9736 1.0372
v  15.0480 3.9040 1.1054
v  24.1767 3.5525 1.2386
v  24.1767 3.6682 1.6811
v  18.2086 3.6577 1.6806
v  17.7247 3.5388 1.2459
v  16.6701 3.5698 1.2524
v  17.2225 3.6967 1.6581
v  17.0330 3.7992 1.5990
v  16.4742 3.6427 1.2367
v  17.3541 4.0197 2.1796
v  17.5378 3.8801 2.2601
v  18.4811 3.8427 2.2816
v  6.7112 6.2112 1.1680
v  6.7112 6.0142 0.6267
v  6.7071 5.2981 2.3370
v  6.7112 6.4489 1.6756
v  24.1767 3.8530 2.2794
v  5.5414 6.7563 0.4827
v  5.5414 6.8730 0.9247
v  16.0148 5.1232 2.4375
v  17.5255 4.3506 2.8816
v  24.1767 4.1627 2.9896
v  18.6310 4.1530 2.9951
v  17.7091 4.1884 2.9748
v  5.5414 7.0602 1.3242
v  24.1767 6.3717 5.1403
v  24.1767 6.9133 5.4186
v  15.7214 6.9286 5.4526
v  15.6046 6.3593 5.1615
v  6.7071 8.5545 4.8217
v  6.7071 7.9328 5.0349
v  15.5726 7.9496 5.1593
v  15.8647 8.5634 4.9934
v  14.6971 7.1678 5.5434
v  6.7071 7.1055 5.4686
v  6.7071 6.3864 5.1150
v  14.6683 7.3271 5.5555
v  6.7071 7.2656 5.4903
v  6.7071 7.5500 5.1809
v  15.0480 7.5739 5.2754
v  24.1767 7.5123 5.6463
v  24.1767 7.9530 5.7687
v  18.2086 7.9472 5.7775
v  17.7247 7.5117 5.6617
v  16.6701 7.5330 5.6382
v  17.2225 7.9474 5.7325
v  17.0330 7.9479 5.6142
v  16.4742 7.5560 5.5673
v  17.3541 8.5606 5.7155
v  24.1767 8.5631 5.9098
v  18.4811 8.5598 5.9198
v  17.5378 8.5600 5.8767
v  6.7112 8.7883 3.3126
v  6.7112 8.2213 3.2107
v  6.7112 7.6769 2.8962
v  5.5414 8.4700 2.4968
v  5.5414 8.9107 2.6182
v  5.5414 8.0317 2.2869
v  15.7214 5.8251 4.8102
v  24.1767 5.8622 4.8067
v  6.7071 5.5709 3.0848
v  15.8647 5.4172 3.1618
v  15.5726 5.5761 3.7775
v  6.7071 5.6925 3.7307
v  6.7071 5.7239 4.6642
v  14.6971 5.6281 4.6470
v  6.7071 5.6259 4.5358
v  14.6683 5.5389 4.5145
v  15.0480 5.6605 4.1616
v  6.7071 5.7546 4.1357
v  24.1767 5.3685 4.3982
v  17.7247 5.3553 4.4064
v  18.2086 5.0396 4.0849
v  24.1767 5.0444 4.0755
v  16.6701 5.3653 4.3763
v  16.4742 5.4156 4.3212
v  17.0330 5.1813 4.0037
v  17.2225 5.0786 4.0625
v  17.3541 4.7906 3.5208
v  17.5378 4.6508 3.6009
v  18.4811 4.6134 3.6224
v  6.7112 7.1363 2.5792
v  6.7112 6.7678 2.1364
v  24.1767 4.6205 3.6146
v  5.5414 7.6344 2.0104
v  5.5414 7.3112 1.6871
v  -6.2896 1.4100 3.5798
v  -3.7252 1.4100 3.5798
v  -3.7252 2.3051 3.2090
v  -6.2896 2.3051 3.2090
v  -3.7252 2.6758 2.3139
v  -6.2896 2.6758 2.3139
v  -6.2896 0.1441 2.3139
v  -3.7252 0.1441 2.3139
v  -3.7252 0.5149 3.2090
v  -6.2896 0.5149 3.2090
v  -3.7252 1.4100 2.3139
v  -6.2896 1.4100 2.3139
v  -3.7252 2.3051 -3.2090
v  -3.7252 1.4100 -3.5798
v  -6.2896 1.4100 -3.5798
v  -6.2896 2.3051 -3.2090
v  -3.7252 2.6758 -2.3139
v  -6.2896 2.6758 -2.3139
v  -3.7252 0.5149 -3.2090
v  -3.7252 0.1441 -2.3139
v  -6.2896 0.1441 -2.3139
v  -6.2896 0.5149 -3.2090
v  -3.7252 1.4100 -2.3139
v  -6.2896 1.4100 -2.3139
v  -7.5357 16.3590 3.0222
v  -2.8964 16.3590 3.0222
v  -2.8964 17.8953 3.0222
v  -8.1664 17.5314 3.0222
v  -38.3801 16.3590 -3.0222
v  -38.3801 16.3590 3.0222
v  -39.0107 17.5314 3.0222
v  -39.0107 17.5314 -3.0222
v  -28.0077 16.3590 -3.0222
v  -28.0077 16.3590 3.0222
v  -28.6384 17.5314 3.0222
v  -28.6384 17.5314 -3.0222
v  -17.8510 16.3590 -3.0222
v  -17.8510 16.3590 3.0222
v  -18.4817 17.5314 3.0222
v  -18.4817 17.5314 -3.0222
v  -8.1664 17.5314 -3.0222
v  -13.5933 17.5314 3.0222
v  -13.5933 17.5314 -3.0222
v  -7.5357 16.3590 -3.0222
v  -4.7820 19.3207 -3.0222
v  -4.7820 19.3207 3.0222
v  -2.8964 17.8953 -3.0222
v  -23.8254 17.5314 3.0222
v  -23.8254 17.5314 -3.0222
v  -34.1320 17.5314 3.0222
v  -34.1320 17.5314 -3.0222
v  -44.3056 17.5314 3.0222
v  -44.3056 17.5314 -3.0222
v  -44.8492 16.3590 3.0222
v  -44.8492 16.3590 -3.0222
v  -48.6286 19.3207 3.0222
v  -48.6286 16.3590 3.0222
v  -48.6286 19.3207 -3.0222
v  -48.6286 16.3590 -3.0222
v  -34.6756 16.3590 3.0222
v  -34.6756 16.3590 -3.0222
v  -2.8964 16.3590 -3.0222
v  -14.1369 16.3590 3.0222
v  -14.1369 16.3590 -3.0222
v  -24.3690 16.3590 3.0222
v  -24.3690 16.3590 -3.0222
v  -45.8800 19.3207 0.7643
v  -45.8800 22.1472 0.7643
v  -47.3785 22.1472 0.7643
v  -47.3785 19.3207 0.7643
v  -45.5454 19.3207 0.7643
v  -36.9987 19.3207 0.7643
v  -39.9791 22.1472 0.7643
v  -45.5454 22.1472 0.7643
v  -47.3785 22.1472 -0.7643
v  -45.8800 22.1472 -0.7643
v  -47.3785 19.3207 -0.7643
v  -45.5454 22.1472 -0.7643
v  -39.9791 22.1472 -0.7643
v  -36.9987 19.3207 -0.7643
v  -45.8800 22.0509 0.6680
v  -45.8800 19.4170 0.6680
v  -45.8800 19.3207 0.0000
v  -45.8800 19.4170 0.0000
v  -45.8800 22.0509 -0.6680
v  -45.5454 19.4170 0.6680
v  -45.5454 22.0509 0.6680
v  -45.5454 22.0509 -0.6680
v  -45.5454 19.4170 0.0000
v  -45.5454 19.3207 0.0000
v  -45.8800 19.3207 -0.7643
v  -45.5454 19.3207 -0.7643
v  -45.8800 19.4170 -0.6680
v  -45.5454 19.4170 -0.6680
v  -48.9658 2.7009 0.8454
v  -48.9658 3.2125 1.1451
v  -48.9658 3.4496 0.5725
v  -48.9658 2.8760 0.4227
v  -48.9658 2.8760 -0.4227
v  -48.9658 3.4496 -0.5725
v  -48.9658 3.2125 -1.1451
v  -48.9658 2.7009 -0.8454
v  -48.9658 2.1031 -1.4432
v  -48.9658 2.4028 -1.9547
v  -48.9658 1.8302 -2.1919
v  -48.9658 1.6804 -1.6183
v  -48.9658 0.8350 -1.6183
v  -48.9658 0.6852 -2.1919
v  -48.9658 0.1126 -1.9547
v  -48.9658 0.4123 -1.4432
v  -48.9658 -0.1855 -0.8454
v  -48.9658 -0.6970 -1.1451
v  -48.9658 -0.9342 -0.5725
v  -48.9658 -0.3606 -0.4227
v  -48.9658 -0.3606 0.4227
v  -48.9658 -0.9342 0.5725
v  -48.9658 -0.6970 1.1451
v  -48.9658 -0.1855 0.8454
v  -48.9658 0.4123 1.4432
v  -48.9658 0.1126 1.9547
v  -48.9658 0.6852 2.1919
v  -48.9658 0.8350 1.6183
v  -48.9658 1.6804 1.6183
v  -48.9658 1.8302 2.1919
v  -48.9658 2.4028 1.9548
v  -48.9658 2.1031 1.4432
v  -25.2677 2.5689 1.0123
v  -25.2677 2.9006 0.2114
v  -25.2677 2.7885 -0.6341
v  -25.2677 2.2700 -1.3112
v  -25.2677 1.4691 -1.6429
v  -25.2677 0.6236 -1.5308
v  -25.2677 -0.0534 -1.0123
v  -25.2677 -0.3852 -0.2114
v  -25.2677 -0.2731 0.6341
v  -25.2677 0.2455 1.3112
v  -25.2677 1.0464 1.6429
v  -25.2677 1.8918 1.5308
v  -25.2677 3.4829 0.2863
v  -25.2677 3.0336 1.3710
v  -25.2677 1.5440 -2.2252
v  -25.2677 2.6287 -1.7759
v  -25.2677 -0.9675 -0.2863
v  -25.2677 -0.5181 -1.3710
v  -25.2677 0.9714 2.2252
v  -25.2677 -0.1133 1.7759
v  -25.2677 0.3989 -2.0733
v  -25.2677 -0.8156 0.8588
v  -25.2677 2.1165 2.0733
v  -25.2677 3.3310 -0.8588
v  -48.9658 3.5162 0.0000
v  -48.9658 2.9252 0.0000
v  -48.9658 2.8547 1.5970
v  -48.9658 2.4368 1.1791
v  -48.9658 2.8547 -1.5970
v  -48.9658 2.4368 -1.1791
v  -48.9658 1.2577 -2.2585
v  -48.9658 1.2577 -1.6675
v  -48.9658 -0.3393 -1.5970
v  -48.9658 0.0786 -1.1791
v  -48.9658 -1.0008 0.0000
v  -48.9658 -0.4098 0.0000
v  -48.9658 -0.3393 1.5970
v  -48.9658 0.0786 1.1791
v  -48.9658 1.2577 2.2585
v  -48.9658 1.2577 1.6675
v  -25.2677 1.2577 0.0000
v  -44.4804 2.6793 2.4707
v  -44.4681 2.7631 2.6092
v  -44.5734 2.8087 2.5636
v  -44.6190 2.7631 2.4584
v  -44.4928 2.6511 2.3048
v  -44.6415 2.7406 2.3048
v  -44.3145 2.6511 2.4831
v  -44.3145 2.7406 2.6317
v  -44.3145 2.6211 2.3048
v  -44.1487 2.6793 2.4707
v  -44.0101 2.7631 2.4584
v  -44.0557 2.8087 2.5636
v  -44.1610 2.7631 2.6092
v  -44.1363 2.6511 2.3048
v  -43.9876 2.7406 2.3048
v  -44.4804 3.4557 2.4707
v  -44.6190 3.3719 2.4584
v  -44.5734 3.3263 2.5636
v  -44.4681 3.3719 2.6092
v  -44.3145 3.4840 2.4831
v  -44.3145 3.3944 2.6317
v  -44.4928 3.4840 2.3048
v  -44.6415 3.3944 2.3048
v  -44.3145 3.5140 2.3048
v  -44.1487 3.4557 2.4707
v  -44.1610 3.3719 2.6092
v  -44.0557 3.3263 2.5636
v  -44.0101 3.3719 2.4584
v  -44.1363 3.4840 2.3048
v  -43.9876 3.3944 2.3048
v  -44.4804 2.9016 2.6931
v  -44.6190 2.9140 2.6092
v  -44.3145 2.8893 2.7213
v  -44.4928 3.0675 2.7213
v  -44.6415 3.0675 2.6317
v  -44.3145 3.0675 2.7513
v  -44.1487 2.9016 2.6931
v  -44.0101 2.9140 2.6092
v  -44.1363 3.0675 2.7213
v  -43.9876 3.0675 2.6317
v  -44.1487 3.2334 2.6931
v  -44.0101 3.2210 2.6092
v  -44.3145 3.2457 2.7213
v  -44.4804 3.2334 2.6931
v  -44.6190 3.2210 2.6092
v  -43.9263 2.9016 2.4707
v  -43.8981 2.8893 2.3048
v  -43.8981 3.0675 2.4831
v  -43.8681 3.0675 2.3048
v  -43.9263 3.2334 2.4707
v  -43.8981 3.2457 2.3048
v  -44.7028 2.9016 2.4707
v  -44.7310 3.0675 2.4831
v  -44.7310 2.8893 2.3048
v  -44.7610 3.0675 2.3048
v  -44.7028 3.2334 2.4707
v  -44.7310 3.2457 2.3048
v  -14.2745 2.6793 2.4707
v  -14.2622 2.7631 2.6092
v  -14.3675 2.8087 2.5636
v  -14.4131 2.7631 2.4584
v  -14.2869 2.6511 2.3048
v  -14.4356 2.7406 2.3048
v  -14.1087 2.6511 2.4831
v  -14.1087 2.7406 2.6317
v  -14.1087 2.6211 2.3048
v  -13.9428 2.6793 2.4707
v  -13.8043 2.7631 2.4584
v  -13.8499 2.8087 2.5636
v  -13.9551 2.7631 2.6092
v  -13.9304 2.6511 2.3048
v  -13.7818 2.7406 2.3048
v  -14.2745 3.4557 2.4707
v  -14.4131 3.3719 2.4584
v  -14.3675 3.3263 2.5636
v  -14.2622 3.3719 2.6092
v  -14.1087 3.4840 2.4831
v  -14.1087 3.3944 2.6317
v  -14.2869 3.4840 2.3048
v  -14.4356 3.3944 2.3048
v  -14.1087 3.5140 2.3048
v  -13.9428 3.4557 2.4707
v  -13.9551 3.3719 2.6092
v  -13.8499 3.3263 2.5636
v  -13.8043 3.3719 2.4584
v  -13.9304 3.4840 2.3048
v  -13.7818 3.3944 2.3048
v  -14.2745 2.9016 2.6931
v  -14.4131 2.9140 2.6092
v  -14.1087 2.8893 2.7213
v  -14.2869 3.0675 2.7213
v  -14.4356 3.0675 2.6317
v  -14.1087 3.0675 2.7513
v  -13.9428 2.9016 2.6931
v  -13.8043 2.9140 2.6092
v  -13.9304 3.0675 2.7213
v  -13.7818 3.0675 2.6317
v  -13.9428 3.2334 2.6931
v  -13.8043 3.2210 2.6092
v  -14.1087 3.2457 2.7213
v  -14.2745 3.2334 2.6931
v  -14.4131 3.2210 2.6092
v  -13.7204 2.9016 2.4707
v  -13.6922 2.8893 2.3048
v  -13.6922 3.0675 2.4831
v  -13.6622 3.0675 2.3048
v  -13.7204 3.2334 2.4707
v  -13.6922 3.2457 2.3048
v  -14.4969 2.9016 2.4707
v  -14.5251 3.0675 2.4831
v  -14.5251 2.8893 2.3048
v  -14.5551 3.0675 2.3048
v  -14.4969 3.2334 2.4707
v  -14.5251 3.2457 2.3048
v  -44.4804 2.6793 -2.4707
v  -44.6190 2.7631 -2.4584
v  -44.5734 2.8087 -2.5636
v  -44.4681 2.7631 -2.6092
v  -44.4928 2.6511 -2.3048
v  -44.6415 2.7406 -2.3048
v  -44.3145 2.6511 -2.4831
v  -44.3145 2.7406 -2.6317
v  -44.3145 2.6211 -2.3048
v  -44.0557 2.8087 -2.5636
v  -44.0101 2.7631 -2.4584
v  -44.1487 2.6793 -2.4707
v  -44.1610 2.7631 -2.6092
v  -43.9876 2.7406 -2.3048
v  -44.1363 2.6511 -2.3048
v  -44.4804 3.4557 -2.4707
v  -44.4681 3.3719 -2.6092
v  -44.5734 3.3263 -2.5636
v  -44.6190 3.3719 -2.4584
v  -44.3145 3.4840 -2.4831
v  -44.3145 3.3944 -2.6317
v  -44.4928 3.4840 -2.3048
v  -44.6415 3.3944 -2.3048
v  -44.3145 3.5140 -2.3048
v  -44.0557 3.3263 -2.5636
v  -44.1610 3.3719 -2.6092
v  -44.1487 3.4557 -2.4707
v  -44.0101 3.3719 -2.4584
v  -44.1363 3.4840 -2.3048
v  -43.9876 3.3944 -2.3048
v  -44.4804 2.9016 -2.6931
v  -44.6190 2.9140 -2.6092
v  -44.3145 2.8893 -2.7213
v  -44.4928 3.0675 -2.7213
v  -44.6415 3.0675 -2.6317
v  -44.3145 3.0675 -2.7513
v  -44.1487 2.9016 -2.6931
v  -44.0101 2.9140 -2.6092
v  -44.1363 3.0675 -2.7213
v  -43.9876 3.0675 -2.6317
v  -44.1487 3.2334 -2.6931
v  -44.0101 3.2210 -2.6092
v  -44.3145 3.2457 -2.7213
v  -44.4804 3.2334 -2.6931
v  -44.6190 3.2210 -2.6092
v  -43.9263 2.9016 -2.4707
v  -43.8981 2.8893 -2.3048
v  -43.8981 3.0675 -2.4831
v  -43.8681 3.0675 -2.3048
v  -43.9263 3.2334 -2.4707
v  -43.8981 3.2457 -2.3048
v  -44.7028 2.9016 -2.4707
v  -44.7310 3.0675 -2.4831
v  -44.7310 2.8893 -2.3048
v  -44.7610 3.0675 -2.3048
v  -44.7028 3.2334 -2.4707
v  -44.7310 3.2457 -2.3048
v  -14.2745 2.6793 -2.4707
v  -14.4131 2.7631 -2.4584
v  -14.3675 2.8087 -2.5636
v  -14.2622 2.7631 -2.6092
v  -14.2869 2.6511 -2.3048
v  -14.4356 2.7406 -2.3048
v  -14.1087 2.6511 -2.4831
v  -14.1087 2.7406 -2.6317
v  -14.1087 2.6211 -2.3048
v  -13.8499 2.8087 -2.5636
v  -13.8043 2.7631 -2.4584
v  -13.9428 2.6793 -2.4707
v  -13.9551 2.7631 -2.6092
v  -13.7818 2.7406 -2.3048
v  -13.9304 2.6511 -2.3048
v  -14.2745 3.4557 -2.4707
v  -14.2622 3.3719 -2.6092
v  -14.3675 3.3263 -2.5636
v  -14.4131 3.3719 -2.4584
v  -14.1087 3.4840 -2.4831
v  -14.1087 3.3944 -2.6317
v  -14.2869 3.4840 -2.3048
v  -14.4356 3.3944 -2.3048
v  -14.1087 3.5140 -2.3048
v  -13.8499 3.3263 -2.5636
v  -13.9551 3.3719 -2.6092
v  -13.9428 3.4557 -2.4707
v  -13.8043 3.3719 -2.4584
v  -13.9304 3.4840 -2.3048
v  -13.7818 3.3944 -2.3048
v  -14.2745 2.9016 -2.6931
v  -14.4131 2.9140 -2.6092
v  -14.1087 2.8893 -2.7213
v  -14.2869 3.0675 -2.7213
v  -14.4356 3.0675 -2.6317
v  -14.1087 3.0675 -2.7513
v  -13.9428 2.9016 -2.6931
v  -13.8043 2.9140 -2.6092
v  -13.9304 3.0675 -2.7213
v  -13.7818 3.0675 -2.6317
v  -13.9428 3.2334 -2.6931
v  -13.8043 3.2210 -2.6092
v  -14.1087 3.2457 -2.7213
v  -14.2745 3.2334 -2.6931
v  -14.4131 3.2210 -2.6092
v  -13.7204 2.9016 -2.4707
v  -13.6922 2.8893 -2.3048
v  -13.6922 3.0675 -2.4831
v  -13.6622 3.0675 -2.3048
v  -13.7204 3.2334 -2.4707
v  -13.6922 3.2457 -2.3048
v  -14.4969 2.9016 -2.4707
v  -14.5251 3.0675 -2.4831
v  -14.5251 2.8893 -2.3048
v  -14.5551 3.0675 -2.3048
v  -14.4969 3.2334 -2.4707
v  -14.5251 3.2457 -2.3048
v  -2.8964 4.9485 3.0222
v  -6.7428 4.9485 3.0222
v  -6.7428 2.7234 3.0222
v  -2.8964 2.7234 3.0222
v  -48.5195 -1.1775 3.0221
v  -48.5195 -1.0007 0.0000
v  -48.5195 -2.8114 2.3742
v  -24.7099 -2.6007 -2.2311
v  -23.8176 -2.6007 -2.2311
v  -23.8176 -2.6007 2.2311
v  -24.7099 -2.6007 2.2311
v  -23.8176 -2.8114 -2.3742
v  -21.8184 -2.8114 -2.3742
v  -21.8184 -2.8114 2.3742
v  -23.8176 -2.8114 2.3742
v  -21.8184 -2.6007 -2.2311
v  -20.9260 -2.6007 -2.2311
v  -20.9260 -2.6007 2.2311
v  -21.8184 -2.6007 2.2311
v  -20.9260 -2.8114 -2.3742
v  -18.6855 -2.8114 -2.3742
v  -18.6855 -2.8114 2.3742
v  -20.9260 -2.8114 2.3742
v  -18.6855 -2.6007 -2.2311
v  -17.7931 -2.6007 -2.2311
v  -17.7931 -2.6007 2.2311
v  -18.6855 -2.6007 2.2311
v  -17.7931 -2.8114 -2.3742
v  -15.8509 -2.8114 -2.3742
v  -15.8509 -2.8114 2.3742
v  -17.7931 -2.8114 2.3742
v  -14.9586 4.9485 3.0222
v  -43.4277 4.9485 3.0222
v  -43.4277 2.8878 3.0222
v  -14.9586 2.8878 3.0222
v  -15.8509 -2.6007 -2.2311
v  -14.9586 -2.6007 -2.2311
v  -14.9586 -2.6007 2.2311
v  -15.8509 -2.6007 2.2311
v  -13.2469 -2.8114 -2.3742
v  -12.5264 -2.8114 -2.3742
v  -12.5264 -2.8114 2.3742
v  -13.2469 -2.8114 2.3742
v  -12.5264 -2.6007 -2.2311
v  -11.6341 -2.6007 -2.2311
v  -11.6341 -2.6007 2.2311
v  -12.5264 -2.6007 2.2311
v  -11.6341 -2.8114 -2.3742
v  -9.5924 -2.8114 -2.3742
v  -9.5924 -2.8114 2.3742
v  -11.6341 -2.8114 2.3742
v  -9.5924 -2.6007 -2.2311
v  -8.7001 -2.6007 -2.2311
v  -8.7001 -2.6007 2.2311
v  -9.5924 -2.6007 2.2311
v  -6.7428 0.1121 3.0221
v  -8.7001 1.8869 3.0222
v  -8.7001 -1.1775 3.0221
v  -24.7099 1.8869 2.7674
v  -24.7099 -1.1297 2.7720
v  -23.8176 -1.1297 2.7720
v  -23.8176 1.8869 2.7674
v  -23.8176 1.8869 3.0222
v  -23.8176 -1.1775 3.0221
v  -21.8184 -1.1775 3.0221
v  -21.8184 1.8869 3.0222
v  -21.8184 1.8870 2.7674
v  -21.8184 -1.1297 2.7720
v  -20.9260 -1.1297 2.7720
v  -20.9260 1.8870 2.7674
v  -20.9260 1.8869 3.0222
v  -20.9260 -1.1775 3.0221
v  -18.6855 -1.1775 3.0221
v  -18.6855 1.8869 3.0222
v  -18.6855 1.8869 2.7674
v  -18.6855 -1.1297 2.7720
v  -17.7931 -1.1297 2.7720
v  -17.7931 1.8869 2.7674
v  -17.7931 1.8869 3.0222
v  -17.7931 -1.1775 3.0221
v  -15.8509 -1.1775 3.0221
v  -15.8509 1.8869 3.0222
v  -15.8509 1.8869 2.7674
v  -15.8509 -1.1297 2.7720
v  -14.9586 -1.1297 2.7720
v  -14.9586 1.8869 2.7674
v  -12.5264 1.8869 2.7674
v  -12.5264 -1.1297 2.7720
v  -11.6341 -1.1297 2.7720
v  -11.6341 1.8869 2.7674
v  -11.6341 1.8869 3.0222
v  -11.6341 -1.1775 3.0221
v  -9.5924 -1.1775 3.0221
v  -9.5924 1.8869 3.0222
v  -9.5924 1.8869 2.7674
v  -9.5924 -1.1297 2.7720
v  -8.7001 -1.1297 2.7720
v  -8.7001 1.8869 2.7674
v  -8.7001 -2.8114 2.3742
v  -6.7428 -2.8114 2.3742
v  -6.7428 -1.1775 3.0221
v  -3.9290 -2.8114 2.3742
v  -3.9290 -2.8114 -2.3742
v  -2.8964 -1.1775 -3.0221
v  -2.8964 -1.1775 3.0221
v  -24.7099 -2.8114 2.3742
v  -24.7099 -1.1775 3.0221
v  -13.2468 4.9485 3.0222
v  -13.2468 2.8878 3.0222
v  -6.7428 0.1121 2.3139
v  -2.8964 0.1121 2.3139
v  -2.8964 2.7234 2.3140
v  -6.7428 2.7234 2.3140
v  -2.8964 0.1121 3.0221
v  -24.7099 1.8869 3.0221
v  -24.7099 -2.8114 -2.3742
v  -14.9586 -2.8114 -2.3742
v  -14.9586 -2.8114 2.3742
v  -14.9586 -1.1775 3.0221
v  -14.9586 1.8869 3.0222
v  -12.5264 1.8869 3.0222
v  -12.5264 -1.1775 3.0221
v  -8.7001 -2.8114 -2.3742
v  -13.2469 -1.1775 3.0221
v  -13.2468 1.8869 3.0222
v  -14.1027 1.8869 3.0222
v  -14.3756 2.3933 3.0222
v  -14.6484 2.4877 3.0222
v  -14.9586 2.8878 2.3140
v  -14.9586 4.9485 2.3140
v  -14.3756 2.3933 2.3140
v  -14.6484 2.4877 2.3140
v  -14.1027 4.9485 2.3140
v  -43.6556 2.6415 3.0222
v  -45.1892 4.9485 3.0222
v  -48.5195 4.9485 3.0222
v  -45.1892 2.8878 3.0222
v  -43.4277 4.9485 2.3140
v  -43.4277 2.8878 2.3140
v  -45.1892 4.9485 2.3140
v  -45.1892 2.8878 2.3140
v  -44.7334 2.4877 2.3140
v  -44.5209 2.3933 2.3140
v  -44.3085 4.9485 2.3140
v  -44.7334 2.4877 3.0222
v  -44.5209 2.3933 3.0222
v  -48.5195 -2.8114 -2.3742
v  -13.2468 4.9485 2.3140
v  -13.2468 2.8878 2.3140
v  -6.7428 -2.8114 -2.3742
v  -48.5195 1.2577 2.2585
v  -48.5195 -0.3393 1.5970
v  -14.1027 -1.1775 3.0221
v  -14.1027 -2.8114 2.3742
v  -14.1027 -2.8114 -2.3742
v  -13.5570 2.4877 3.0222
v  -13.4020 2.6415 3.0222
v  -13.4020 2.6415 2.3140
v  -13.5570 2.4877 2.3140
v  -14.8035 2.6415 2.3140
v  -14.8035 2.6415 3.0222
v  -43.8835 2.4877 2.3140
v  -43.6556 2.6415 2.3140
v  -44.9613 2.6415 2.3140
v  -43.8835 2.4877 3.0222
v  -44.9613 2.6415 3.0222
v  -48.5195 3.5162 0.0000
v  -48.5195 2.8547 1.5970
v  -2.8964 0.1121 -2.3139
v  -44.3085 2.3669 3.0222
v  -44.0960 2.3933 3.0222
v  -44.0960 2.3933 2.3140
v  -44.3085 2.3669 2.3140
v  -14.1027 2.3669 3.0222
v  -13.8299 2.3933 3.0222
v  -13.8299 2.3933 2.3140
v  -14.1027 2.3669 2.3140
v  -2.8964 4.9485 -3.0222
v  -2.8964 2.7234 -3.0222
v  -6.7428 2.7234 -3.0222
v  -6.7428 4.9485 -3.0222
v  -48.5195 -1.1775 -3.0221
v  -14.9586 4.9485 -3.0222
v  -14.9586 2.8878 -3.0222
v  -43.4277 2.8878 -3.0222
v  -43.4277 4.9485 -3.0222
v  -6.7428 0.1121 -3.0221
v  -8.7001 -1.1775 -3.0221
v  -8.7001 1.8869 -3.0222
v  -24.7099 1.8869 -2.7674
v  -23.8176 1.8869 -2.7674
v  -23.8176 -1.1297 -2.7720
v  -24.7099 -1.1297 -2.7720
v  -23.8176 1.8869 -3.0222
v  -21.8184 1.8869 -3.0222
v  -21.8184 -1.1775 -3.0221
v  -23.8176 -1.1775 -3.0221
v  -21.8184 1.8870 -2.7674
v  -20.9260 1.8870 -2.7674
v  -20.9260 -1.1297 -2.7720
v  -21.8184 -1.1297 -2.7720
v  -20.9260 1.8869 -3.0222
v  -18.6855 1.8869 -3.0222
v  -18.6855 -1.1775 -3.0221
v  -20.9260 -1.1775 -3.0221
v  -18.6855 1.8869 -2.7674
v  -17.7931 1.8869 -2.7674
v  -17.7931 -1.1297 -2.7720
v  -18.6855 -1.1297 -2.7720
v  -17.7931 1.8869 -3.0222
v  -15.8509 1.8869 -3.0222
v  -15.8509 -1.1775 -3.0221
v  -17.7931 -1.1775 -3.0221
v  -15.8509 1.8869 -2.7674
v  -14.9586 1.8869 -2.7674
v  -14.9586 -1.1297 -2.7720
v  -15.8509 -1.1297 -2.7720
v  -12.5264 1.8869 -2.7674
v  -11.6341 1.8869 -2.7674
v  -11.6341 -1.1297 -2.7720
v  -12.5264 -1.1297 -2.7720
v  -11.6341 1.8869 -3.0222
v  -9.5924 1.8869 -3.0222
v  -9.5924 -1.1775 -3.0221
v  -11.6341 -1.1775 -3.0221
v  -9.5924 1.8869 -2.7674
v  -8.7001 1.8869 -2.7674
v  -8.7001 -1.1297 -2.7720
v  -9.5924 -1.1297 -2.7720
v  -6.7428 -1.1775 -3.0221
v  -24.7099 -1.1775 -3.0221
v  -13.2468 2.8878 -3.0222
v  -13.2468 4.9485 -3.0222
v  -6.7428 0.1121 -2.3139
v  -6.7428 2.7234 -2.3140
v  -2.8964 2.7234 -2.3140
v  -2.8964 0.1121 -3.0221
v  -24.7099 1.8869 -3.0221
v  -14.9586 -1.1775 -3.0221
v  -14.9586 1.8869 -3.0222
v  -12.5264 1.8869 -3.0222
v  -12.5264 -1.1775 -3.0221
v  -13.2469 -1.1775 -3.0221
v  -13.2468 1.8869 -3.0222
v  -14.1027 1.8869 -3.0222
v  -14.6484 2.4877 -3.0222
v  -14.3756 2.3933 -3.0222
v  -14.9586 4.9485 -2.3140
v  -14.9586 2.8878 -2.3140
v  -14.6484 2.4877 -2.3140
v  -14.3756 2.3933 -2.3140
v  -14.1027 4.9485 -2.3140
v  -43.6556 2.6415 -3.0222
v  -45.1892 4.9485 -3.0222
v  -45.1892 2.8878 -3.0222
v  -48.5195 4.9485 -3.0222
v  -43.4277 2.8878 -2.3140
v  -43.4277 4.9485 -2.3140
v  -45.1892 4.9485 -2.3140
v  -45.1892 2.8878 -2.3140
v  -44.7334 2.4877 -2.3140
v  -44.3085 4.9485 -2.3140
v  -44.5209 2.3933 -2.3140
v  -44.7334 2.4877 -3.0222
v  -44.5209 2.3933 -3.0222
v  -13.2468 2.8878 -2.3140
v  -13.2468 4.9485 -2.3140
v  -48.5195 1.2577 -2.2585
v  -48.5195 -0.3393 -1.5970
v  -14.1027 -1.1775 -3.0221
v  -13.5570 2.4877 -3.0222
v  -13.5570 2.4877 -2.3140
v  -13.4020 2.6415 -2.3140
v  -13.4020 2.6415 -3.0222
v  -14.8035 2.6415 -3.0222
v  -14.8035 2.6415 -2.3140
v  -43.8835 2.4877 -2.3140
v  -43.6556 2.6415 -2.3140
v  -44.9613 2.6415 -2.3140
v  -43.8835 2.4877 -3.0222
v  -44.9613 2.6415 -3.0222
v  -48.5195 2.8547 -1.5970
v  -44.3085 2.3669 -3.0222
v  -44.3085 2.3669 -2.3140
v  -44.0960 2.3933 -2.3140
v  -44.0960 2.3933 -3.0222
v  -14.1027 2.3669 -3.0222
v  -14.1027 2.3669 -2.3140
v  -13.8299 2.3933 -2.3140
v  -13.8299 2.3933 -3.0222
v  -49.6075 14.7261 -1.7041
v  -52.3786 14.2774 -1.4413
v  -52.3786 14.5759 -0.7207
v  -49.6075 15.0790 -0.8520
v  -49.6075 12.6692 -3.2618
v  -52.3786 12.5379 -2.7587
v  -52.3786 13.2584 -2.4602
v  -49.6075 13.5213 -2.9089
v  -49.6075 8.5556 -0.8520
v  -52.3786 9.0586 -0.7207
v  -52.3786 9.3571 -1.4413
v  -49.6075 8.9085 -1.7041
v  -49.6075 10.9653 3.2616
v  -52.3786 11.0967 2.7586
v  -52.3786 10.3762 2.4601
v  -49.6075 10.1133 2.9087
v  -49.6075 15.0790 0.8519
v  -52.3786 14.5759 0.7205
v  -52.3786 14.2774 1.4410
v  -49.6075 14.7261 1.7039
v  -49.6075 8.9085 1.7039
v  -52.3786 9.3571 1.4410
v  -52.3786 9.0586 0.7205
v  -49.6075 8.5556 0.8519
v  -49.6075 10.1133 -2.9089
v  -52.3786 10.3761 -2.4602
v  -52.3786 11.0967 -2.7587
v  -49.6075 10.9653 -3.2618
v  -49.6075 13.5213 2.9087
v  -52.3786 13.2584 2.4601
v  -52.3786 12.5379 2.7586
v  -49.6075 12.6692 3.2616
v  -52.3786 13.6675 -0.5079
v  -52.3786 13.4658 -0.9950
v  -52.3786 12.7769 -1.6838
v  -52.3786 12.2898 -1.8855
v  -52.3786 11.3156 -1.8855
v  -52.3786 10.8286 -1.6838
v  -52.3786 9.9380 -0.5079
v  -52.3786 10.1398 -0.9950
v  -52.3786 10.1398 0.9533
v  -52.3786 9.9380 0.4663
v  -52.3786 11.3156 1.8440
v  -52.3786 10.8286 1.6422
v  -52.3786 12.7769 1.6422
v  -52.3786 12.2898 1.8440
v  -52.3786 13.4658 0.9533
v  -52.3786 13.6675 0.4663
v  -25.1621 13.7015 -0.2640
v  -25.1621 13.3177 -1.1907
v  -25.1621 12.5333 -1.7846
v  -25.1621 11.5594 -1.9190
v  -25.1621 10.6327 -1.5352
v  -25.1621 10.0389 -0.7514
v  -25.1621 9.9044 0.2230
v  -25.1621 10.2883 1.1497
v  -25.1621 11.0722 1.7431
v  -25.1621 12.0465 1.8781
v  -25.1621 12.9732 1.4942
v  -25.1621 13.5667 0.7099
v  -52.3786 14.6753 -0.0008
v  -49.6075 15.1966 -0.0008
v  -49.6075 14.2068 -2.3908
v  -52.3786 13.8381 -2.0221
v  -49.6075 11.8168 -3.3807
v  -52.3786 11.8168 -2.8594
v  -52.3786 9.7955 -2.0221
v  -49.6075 9.4268 -2.3908
v  -49.6075 8.4369 -0.0008
v  -52.3786 8.9582 -0.0008
v  -52.3786 9.7955 2.0205
v  -49.6075 9.4268 2.3892
v  -49.6075 11.8168 3.3791
v  -52.3786 11.8168 2.8578
v  -52.3786 13.8381 2.0205
v  -49.6075 14.2068 2.3892
v  -52.3786 13.1695 -1.3865
v  -52.3786 13.7355 -0.0202
v  -52.3786 11.8031 -1.9525
v  -52.3786 10.4369 -1.3865
v  -52.3786 9.8708 -0.0202
v  -52.3786 10.4369 1.3461
v  -52.3786 11.8032 1.9122
v  -52.3786 13.1695 1.3461
v  -25.1621 11.8029 -0.0206
v  -49.6075 7.7598 3.7716
v  -49.6075 7.7598 3.0108
v  -12.5145 7.7598 3.0108
v  -12.5145 7.7598 3.7716
v  -49.6075 14.0709 3.0108
v  -49.6075 14.0709 3.7716
v  -11.6802 7.6805 3.7716
v  -11.6802 14.1389 3.7716
v  -11.9583 14.0927 3.7716
v  -11.9583 7.7314 3.7716
v  -12.5145 14.0709 3.7716
v  -8.1573 16.3506 3.7716
v  -8.1573 4.9401 3.7716
v  -2.8907 4.9401 3.7716
v  -2.8907 16.3506 3.7716
v  -12.5145 14.0709 3.0108
v  -49.6075 16.3506 3.0108
v  -11.1239 14.3859 3.0108
v  -11.1239 14.3859 3.7716
v  -9.5052 15.8595 3.7716
v  -9.5052 15.8595 3.0108
v  -8.6965 5.0180 3.0108
v  -8.6965 5.0180 3.7716
v  -8.9660 5.0984 3.7716
v  -8.9660 5.0984 3.0108
v  -2.8907 4.9401 -3.7716
v  -2.8907 16.3506 -3.7716
v  -11.4020 7.5846 3.0108
v  -12.2364 7.7527 3.0108
v  -11.1239 7.4285 3.0108
v  -8.9660 16.2382 3.0108
v  -8.9660 16.2382 3.7716
v  -8.6965 16.2918 3.7716
v  -8.6965 16.2918 3.0108
v  -11.9583 14.0927 3.0108
v  -11.6802 14.1389 3.0108
v  -11.9583 7.7314 3.0108
v  -11.6802 7.6805 3.0108
v  -9.5052 5.6090 3.0108
v  -9.5052 5.6090 3.7716
v  -11.1239 7.4285 3.7716
v  -12.2364 7.7527 3.7716
v  -12.2364 14.0756 3.7716
v  -11.4020 14.2311 3.7716
v  -11.4020 7.5846 3.7716
v  -11.4020 14.2311 3.0108
v  -12.2364 14.0756 3.0108
v  -9.2356 5.2766 3.0108
v  -9.2356 5.2766 3.7716
v  -8.4269 4.9851 3.7716
v  -8.4269 4.9851 3.0108
v  -8.1573 4.9401 3.0108
v  -8.4269 16.3217 3.0108
v  -8.4269 16.3217 3.7716
v  -8.1573 16.3506 3.0108
v  -9.2356 16.0968 3.7716
v  -9.2356 16.0968 3.0108
v  -49.6075 8.4411 0.0005
v  -49.6075 4.9401 3.0108
v  -49.6075 15.1526 0.0005
v  -49.6075 13.8233 2.2789
v  -49.6075 9.4845 1.7738
v  -49.6075 10.9751 2.3068
v  -49.6044 14.0709 -3.0024
v  -49.6044 16.3506 -3.0024
v  -49.6075 7.7598 -3.0107
v  -49.6075 4.9401 -3.0107
v  -8.1542 16.3506 -3.0024
v  -12.5145 7.7598 -3.0107
v  -49.6075 7.7598 -3.7716
v  -12.5145 7.7598 -3.7716
v  -49.6075 14.0709 -3.7716
v  -11.9583 14.0927 -3.7716
v  -11.6802 14.1389 -3.7716
v  -11.6802 7.6805 -3.7716
v  -11.9583 7.7314 -3.7716
v  -12.5145 14.0709 -3.7716
v  -8.1573 4.9401 -3.7716
v  -8.1573 16.3506 -3.7716
v  -12.5114 14.0709 -3.0024
v  -8.1573 4.9401 -3.0107
v  -9.5052 15.8595 -3.7716
v  -11.1239 14.3859 -3.7716
v  -11.1208 14.3859 -3.0024
v  -9.5021 15.8595 -3.0024
v  -8.9660 5.0984 -3.7716
v  -8.6965 5.0180 -3.7716
v  -8.6965 5.0180 -3.0107
v  -8.9660 5.0984 -3.0107
v  -11.4020 7.5846 -3.0107
v  -11.1239 7.4285 -3.0107
v  -12.2364 7.7527 -3.0107
v  -8.6965 16.2918 -3.7716
v  -8.9660 16.2382 -3.7716
v  -8.9629 16.2382 -3.0024
v  -8.6934 16.2918 -3.0024
v  -11.9552 14.0927 -3.0024
v  -11.6771 14.1389 -3.0024
v  -11.6802 7.6805 -3.0107
v  -11.9583 7.7314 -3.0107
v  -11.1239 7.4285 -3.7716
v  -9.5052 5.6090 -3.7716
v  -9.5052 5.6090 -3.0107
v  -12.2364 14.0756 -3.7716
v  -12.2364 7.7527 -3.7716
v  -11.4020 7.5846 -3.7716
v  -11.4020 14.2311 -3.7716
v  -11.3989 14.2311 -3.0024
v  -12.2333 14.0756 -3.0024
v  -9.2356 5.2766 -3.7716
v  -9.2356 5.2766 -3.0107
v  -8.4269 4.9851 -3.0107
v  -8.4269 4.9851 -3.7716
v  -8.4269 16.3217 -3.7716
v  -8.4238 16.3217 -3.0024
v  -9.2325 16.0968 -3.0024
v  -9.2356 16.0968 -3.7716
v  -49.6075 13.8233 -2.2788
v  -49.6075 9.4845 -1.7738
v  -49.6075 10.9751 -2.3068
v  -2.8964 -1.8756 2.7375
v  0.9409 -1.8851 2.7339
v  0.6766 -1.1184 3.0222
v  -2.8964 -1.1184 3.0222
v  0.6029 -0.3430 3.0222
v  -2.8964 1.1570 3.0222
v  0.6829 0.4325 3.0221
v  0.9447 1.0793 3.0221
v  -2.8964 3.4325 3.0221
v  3.3354 3.4325 3.0221
v  3.3354 2.8214 3.0221
v  6.5395 5.6952 3.7829
v  -2.8964 5.6952 3.7829
v  6.5395 3.4325 3.0221
v  5.1650 6.6881 3.7829
v  -2.8964 16.8132 3.7829
v  5.1650 12.0495 3.7829
v  6.3605 12.5639 3.7829
v  0.8147 -2.0506 2.6717
v  -2.7094 -2.0506 2.6717
v  -2.7094 -2.0506 -2.6717
v  0.8147 -2.0506 -2.6717
v  0.6029 -0.3430 -3.0222
v  0.6829 0.4325 -3.0221
v  -2.8964 1.1570 -3.0222
v  -2.8964 -1.1184 -3.0222
v  2.7471 2.6090 3.0221
v  2.1517 2.3205 3.0221
v  2.1517 2.3205 -3.0221
v  2.7471 2.6090 -3.0221
v  3.3354 2.8214 -3.0221
v  3.3354 3.4325 -3.0221
v  -2.8964 3.4325 -3.0221
v  -2.8964 5.6952 -3.7829
v  6.5395 3.4325 -3.0221
v  6.5395 5.6952 -3.7829
v  5.1650 6.6881 -3.7829
v  5.1650 12.0495 -3.7829
v  6.3605 12.5639 -3.7829
v  6.8743 15.7845 3.7829
v  6.3605 14.7085 3.7829
v  6.3605 14.7085 -3.7829
v  6.8743 15.7845 -3.7829
v  10.2497 16.8132 3.7829
v  24.3920 15.7845 3.7829
v  24.3920 15.7845 -3.7829
v  24.3920 18.9469 -3.7829
v  24.3920 18.9469 3.7829
v  1.6378 1.9679 3.0221
v  1.2734 1.5687 3.0221
v  1.2734 1.5687 -3.0221
v  1.6378 1.9679 -3.0221
v  12.2420 18.9469 3.7829
v  10.2497 16.8132 3.4353
v  -2.8964 16.8132 3.4342
v  11.0073 17.0549 3.7829
v  11.0073 17.0549 3.4353
v  10.7139 18.0508 3.4353
v  10.7139 18.0508 -3.4353
v  -2.8964 18.0508 -3.4342
v  -2.8964 18.0508 3.4342
v  12.2420 18.9469 3.4353
v  12.2420 18.9469 -3.4353
v  11.5429 18.4439 -3.4353
v  11.5429 18.4439 3.4353
v  10.8704 18.1103 3.4353
v  -2.8964 16.8132 -3.4342
v  10.8704 18.1103 -3.4353
v  11.6758 17.8128 3.7829
v  11.9313 18.2794 3.7829
v  11.9313 18.2794 3.4353
v  11.6758 17.8128 3.4353
v  -2.8964 -1.8756 -2.7375
v  0.9409 -1.8851 -2.7339
v  0.6766 -1.1184 -3.0222
v  11.3833 17.4033 3.4353
v  11.0861 18.2014 3.4353
v  11.3833 17.4033 3.7829
v  11.2820 18.3012 -3.4353
v  11.0861 18.2014 -3.4353
v  11.2820 18.3012 3.4353
v  0.9447 1.0793 -3.0221
v  0.9118 -2.0322 -2.6786
v  0.9118 -2.0322 2.6786
v  0.9539 -1.9771 -2.6994
v  0.9539 -1.9771 2.6994
v  -2.8756 -1.9728 -2.7009
v  -2.8756 -1.9728 2.7009
v  -2.8133 -2.0312 -2.6790
v  -2.8133 -2.0312 2.6790
v  -2.8964 16.8132 -3.7829
v  10.2497 16.8132 -3.7829
v  12.2420 18.9469 -3.7829
v  10.2497 16.8132 -3.4353
v  11.0073 17.0549 -3.4353
v  11.0073 17.0549 -3.7829
v  11.6758 17.8128 -3.7829
v  11.6758 17.8128 -3.4353
v  11.9313 18.2794 -3.4353
v  11.9313 18.2794 -3.7829
v  11.3833 17.4033 -3.4353
v  11.3833 17.4033 -3.7829
# 2587 vertices

vn -0.3490 0.1186 0.9296
vn 0.0000 0.0000 1.0000
vn -0.3968 0.2342 0.8876
vn 0.1819 0.7039 0.6866
vn -0.2492 0.2831 0.9261
vn -0.1798 0.3024 0.9361
vn -0.1724 0.1453 0.9742
vn -0.0870 -0.0047 0.9962
vn -0.1903 -0.0856 0.9780
vn -0.3683 -0.0561 0.9280
vn -0.3186 -0.1615 0.9340
vn -0.2998 -0.3157 0.9002
vn -0.2786 -0.1843 0.9426
vn -0.1445 -0.2522 0.9568
vn -0.3307 -0.1992 0.9225
vn -0.1716 0.0638 0.9831
vn -0.1759 -0.0519 0.9830
vn -0.0666 -0.0295 0.9973
vn 0.2746 0.1097 0.9553
vn 0.5425 0.1948 0.8172
vn 0.4651 0.3536 0.8116
vn 0.1292 0.3052 0.9435
vn -0.1925 -0.0309 0.9808
vn -0.3676 0.0161 0.9298
vn -0.3296 -0.0815 0.9406
vn -0.2386 -0.3001 0.9236
vn -0.1007 -0.1580 0.9823
vn -0.2339 -0.1269 0.9639
vn -0.3857 -0.1727 0.9063
vn -0.0008 -0.0002 1.0000
vn 0.1861 0.1581 0.9697
vn 0.3522 0.3031 0.8855
vn 0.3698 0.3191 0.8726
vn 0.1961 0.1644 0.9667
vn -0.1935 -0.4502 0.8717
vn -0.2019 -0.1624 0.9659
vn -0.1378 -0.3709 0.9184
vn 0.2186 0.1550 0.9634
vn 0.3988 0.2856 0.8714
vn -0.2018 -0.0653 0.9773
vn -0.3039 -0.2889 0.9079
vn -0.4080 -0.2325 0.8829
vn 0.2279 0.0990 0.9686
vn 0.4331 0.1892 0.8813
vn 0.4166 0.2185 0.8824
vn 0.2153 0.1127 0.9700
vn -0.3566 -0.1070 0.9281
vn -0.2095 -0.0949 0.9732
vn -0.2973 -0.1486 0.9431
vn 0.2536 0.0729 0.9645
vn 0.2798 0.0341 0.9594
vn 0.4949 0.0956 0.8637
vn 0.4743 0.1294 0.8708
vn -0.3628 -0.9318 -0.0000
vn -0.4133 -0.9106 -0.0000
vn 0.9861 0.1663 -0.0000
vn 0.9959 0.0904 -0.0000
vn -0.9994 0.0349 -0.0000
vn -0.9876 0.1568 -0.0000
vn -0.9276 0.3736 -0.0000
vn -0.8845 -0.4665 -0.0000
vn -0.6658 -0.7462 -0.0000
vn 0.5693 0.8221 -0.0000
vn 0.7707 0.6372 -0.0000
vn 0.9169 0.3991 -0.0000
vn 0.9375 0.3481 -0.0000
vn -0.9333 -0.3592 -0.0000
vn -0.8952 -0.4457 -0.0000
vn 0.9111 -0.4121 -0.0000
vn -0.6424 -0.7664 -0.0000
vn -0.9233 -0.3840 -0.0000
vn -0.2977 -0.9547 -0.0000
vn -0.2981 -0.9545 -0.0000
vn -0.8929 -0.4503 -0.0000
vn -0.9919 -0.1268 -0.0000
vn -0.9746 -0.2240 -0.0000
vn -0.9966 0.0821 -0.0000
vn -0.9632 -0.2688 -0.0000
vn -0.9685 0.2489 -0.0000
vn -0.4130 0.0102 0.9107
vn 0.2680 0.0201 0.9632
vn 0.5104 -0.0080 0.8599
vn 0.5153 0.0374 0.8562
vn 0.9997 -0.0255 -0.0000
vn 0.9946 -0.1041 -0.0000
vn -0.9418 0.3361 -0.0000
vn -1.0000 0.0036 -0.0000
vn -0.5786 0.8156 -0.0000
vn -0.3538 0.9353 -0.0000
vn -0.3367 0.2226 0.9149
vn -0.1945 0.2881 0.9376
vn -0.2246 0.2907 0.9301
vn -0.4177 0.3070 0.8551
vn 0.2073 0.1654 0.9642
vn -0.0023 0.0025 1.0000
vn -0.9981 -0.0619 -0.0000
vn -0.9751 -0.2217 -0.0000
vn 0.7682 0.6403 -0.0000
vn 0.7468 0.6651 -0.0000
vn -0.4611 -0.0541 0.8857
vn -0.9954 -0.0958 -0.0000
vn 0.7584 0.6518 -0.0000
vn 0.3578 0.1468 0.9222
vn -0.7763 0.6304 -0.0000
vn 0.0035 -1.0000 -0.0000
vn 0.2337 0.1527 0.9602
vn -0.0234 0.0024 0.9997
vn -0.6833 -0.1166 0.7208
vn -0.1696 -0.2557 0.9518
vn -0.2137 -0.0090 0.9769
vn 0.1994 0.3958 0.8964
vn 0.4023 0.5363 0.7420
vn 0.9764 0.2159 -0.0000
vn 0.9402 0.3407 -0.0000
vn -0.0956 -0.9954 -0.0000
vn -0.2682 -0.9634 -0.0000
vn -0.2584 -0.2641 0.9293
vn -0.6824 -0.7310 -0.0000
vn 0.8807 0.4737 -0.0000
vn -0.1036 0.3039 0.9471
vn -0.1092 0.2877 0.9515
vn -0.1223 0.9925 -0.0000
vn -0.5480 -0.8365 -0.0000
vn -0.7341 -0.6790 -0.0000
vn -0.3604 -0.4583 0.8125
vn -0.4424 -0.1723 0.8801
vn 0.8206 0.5715 -0.0000
vn -0.9708 -0.2397 -0.0000
vn -0.6790 -0.7342 -0.0000
vn -0.2259 -0.0810 0.9708
vn -0.2105 -0.1028 0.9722
vn -0.4235 -0.2301 0.8762
vn -0.4662 -0.1014 0.8788
vn -0.0424 -0.0171 0.9990
vn -0.8793 -0.4763 -0.0000
vn -0.4926 -0.8703 -0.0000
vn 0.2590 0.1311 0.9569
vn 0.8758 0.4826 -0.0000
vn 0.8126 0.5828 -0.0000
vn -0.4908 -0.0072 0.8712
vn -0.4316 0.0469 0.9009
vn 0.2270 0.0881 0.9699
vn 0.4446 0.1700 0.8795
vn 0.9639 0.2662 -0.0000
vn -0.9823 0.1873 -0.0000
vn -0.9975 -0.0707 -0.0000
vn -0.0590 0.1547 0.9862
vn 0.7455 0.2124 0.6318
vn 0.0382 0.9993 -0.0000
vn 0.2062 0.9785 -0.0000
vn 0.6228 -0.7824 -0.0000
vn 0.4934 0.2256 0.8400
vn -0.0636 0.3697 0.9270
vn 0.4397 0.3106 0.8427
vn 0.3928 0.3230 0.8611
vn 0.9267 0.3759 -0.0000
vn -0.9077 -0.0245 0.4189
vn -0.9043 -0.0142 0.4267
vn -0.2757 -0.2466 0.9291
vn 0.5218 0.6446 0.5589
vn 0.4657 0.8694 0.1652
vn -0.9792 -0.2028 -0.0000
vn -0.9940 -0.1098 -0.0000
vn -0.8667 -0.0558 0.4956
vn -0.2700 0.0548 0.9613
vn 0.3928 0.5586 0.7305
vn -0.8338 -0.5520 -0.0000
vn 0.9783 0.2072 -0.0000
vn -0.1059 0.1684 0.9800
vn 0.4898 0.2676 0.8297
vn -0.2126 -0.0528 0.9757
vn -0.4821 -0.0226 0.8758
vn -0.2492 0.2831 -0.9261
vn 0.1819 0.7039 -0.6866
vn -0.3968 0.2342 -0.8876
vn 0.0000 0.0000 -1.0000
vn -0.3490 0.1186 -0.9296
vn -0.0870 -0.0047 -0.9962
vn -0.1724 0.1453 -0.9742
vn -0.1798 0.3024 -0.9361
vn -0.1903 -0.0856 -0.9780
vn -0.3186 -0.1615 -0.9340
vn -0.3683 -0.0561 -0.9280
vn -0.2998 -0.3157 -0.9002
vn -0.3307 -0.1992 -0.9225
vn -0.1445 -0.2522 -0.9568
vn -0.2786 -0.1843 -0.9426
vn -0.1716 0.0638 -0.9831
vn -0.0666 -0.0295 -0.9973
vn -0.1759 -0.0519 -0.9830
vn 0.2746 0.1097 -0.9553
vn 0.1292 0.3052 -0.9435
vn 0.4651 0.3536 -0.8116
vn 0.5425 0.1948 -0.8172
vn -0.1925 -0.0309 -0.9808
vn -0.3296 -0.0815 -0.9406
vn -0.3676 0.0161 -0.9298
vn -0.2339 -0.1269 -0.9639
vn -0.1007 -0.1580 -0.9823
vn -0.2386 -0.3001 -0.9236
vn -0.3857 -0.1727 -0.9063
vn -0.0008 -0.0002 -1.0000
vn 0.3698 0.3191 -0.8726
vn 0.3522 0.3031 -0.8855
vn 0.1861 0.1581 -0.9697
vn 0.1961 0.1644 -0.9667
vn -0.2019 -0.1624 -0.9659
vn -0.1935 -0.4502 -0.8717
vn -0.1378 -0.3709 -0.9184
vn 0.3988 0.2856 -0.8714
vn 0.2186 0.1550 -0.9634
vn -0.2018 -0.0653 -0.9773
vn -0.4080 -0.2325 -0.8829
vn -0.3039 -0.2889 -0.9079
vn 0.4166 0.2185 -0.8824
vn 0.4331 0.1892 -0.8813
vn 0.2279 0.0990 -0.9686
vn 0.2153 0.1127 -0.9700
vn -0.2095 -0.0949 -0.9732
vn -0.3566 -0.1070 -0.9281
vn -0.2973 -0.1486 -0.9431
vn 0.2536 0.0729 -0.9645
vn 0.4743 0.1294 -0.8708
vn 0.4949 0.0956 -0.8637
vn 0.2798 0.0341 -0.9594
vn -0.4130 0.0102 -0.9107
vn 0.5153 0.0374 -0.8562
vn 0.5104 -0.0080 -0.8599
vn 0.2680 0.0201 -0.9632
vn -0.3367 0.2226 -0.9149
vn -0.4177 0.3070 -0.8551
vn -0.2246 0.2907 -0.9301
vn -0.1945 0.2881 -0.9376
vn 0.2073 0.1654 -0.9642
vn -0.0023 0.0027 -1.0000
vn -0.4611 -0.0541 -0.8857
vn 0.3578 0.1468 -0.9222
vn -0.0233 0.0024 -0.9997
vn 0.2336 0.1526 -0.9603
vn -0.6833 -0.1166 -0.7208
vn -0.1696 -0.2557 -0.9518
vn -0.2137 -0.0090 -0.9769
vn 0.1994 0.3958 -0.8964
vn 0.4023 0.5363 -0.7420
vn -0.2584 -0.2641 -0.9293
vn -0.1092 0.2877 -0.9515
vn -0.1036 0.3039 -0.9471
vn -0.4424 -0.1723 -0.8801
vn -0.3604 -0.4583 -0.8125
vn -0.2259 -0.0810 -0.9708
vn -0.4662 -0.1014 -0.8788
vn -0.4235 -0.2301 -0.8762
vn -0.2105 -0.1028 -0.9722
vn -0.0424 -0.0171 -0.9990
vn 0.2589 0.1311 -0.9570
vn -0.4316 0.0469 -0.9009
vn -0.4908 -0.0072 -0.8712
vn 0.4446 0.1700 -0.8795
vn 0.2270 0.0881 -0.9699
vn -0.0590 0.1555 -0.9861
vn 0.7455 0.2124 -0.6318
vn 0.4934 0.2256 -0.8400
vn -0.0636 0.3697 -0.9270
vn 0.4397 0.3106 -0.8427
vn 0.3928 0.3230 -0.8611
vn -0.9077 -0.0245 -0.4189
vn -0.2757 -0.2466 -0.9291
vn -0.9043 -0.0142 -0.4267
vn 0.4657 0.8694 -0.1652
vn 0.5218 0.6446 -0.5589
vn -0.8667 -0.0558 -0.4956
vn -0.2700 0.0548 -0.9613
vn 0.3928 0.5586 -0.7305
vn -0.1062 0.1686 -0.9799
vn 0.4898 0.2676 -0.8297
vn -0.2126 -0.0528 -0.9757
vn -0.4821 -0.0226 -0.8758
vn 0.0000 -0.4413 0.8974
vn -0.0365 -0.4380 0.8982
vn -0.0283 -0.4411 0.8970
vn 0.5954 -0.5963 0.5385
vn 0.6089 -0.4846 0.6280
vn 0.6499 -0.5012 0.5713
vn -0.0000 0.0000 1.0000
vn -0.1346 -0.4361 0.8898
vn -0.0796 -0.4347 0.8970
vn -0.0797 -0.4361 0.8963
vn -0.1396 -0.4460 0.8841
vn -0.0078 -0.5118 0.8591
vn -0.1044 -0.5017 0.8587
vn -0.2064 -0.8512 0.4826
vn -0.0001 -0.8763 0.4818
vn 0.5806 -0.3419 0.7389
vn 0.7377 -0.5488 0.3931
vn 0.3468 -0.5030 0.7916
vn 0.2897 -0.4988 0.8169
vn -0.9900 0.1410 -0.0000
vn -0.9985 0.0551 -0.0000
vn 0.8139 0.5811 -0.0000
vn 0.6757 0.7372 -0.0000
vn -0.8585 0.5129 -0.0000
vn -0.9429 0.3330 -0.0000
vn 0.0662 -0.1659 0.9839
vn 0.0375 -0.1080 0.9934
vn 0.0610 -0.1659 0.9842
vn 0.5599 -0.8286 -0.0000
vn 0.4913 -0.7497 0.4434
vn 0.2130 -0.8528 0.4769
vn 0.2496 -0.9683 -0.0000
vn 0.4734 -0.8808 -0.0000
vn 0.9041 -0.4273 -0.0000
vn -1.0000 0.0000 -0.0000
vn 0.6050 0.7962 -0.0000
vn 0.6679 0.7442 -0.0000
vn -0.0000 -0.0000 1.0000
vn -0.1116 -0.6759 0.7285
vn -0.0582 -0.6405 0.7658
vn -0.0628 -0.6460 0.7607
vn -0.1097 -0.6839 0.7213
vn 0.5664 0.2996 0.7678
vn 0.5653 0.2517 0.7856
vn 0.4795 0.3560 0.8021
vn 0.4526 0.4130 0.7903
vn 0.7950 0.6066 -0.0000
vn -0.9006 -0.4347 -0.0000
vn -0.8307 -0.5568 -0.0000
vn -0.0000 0.0001 1.0000
vn -0.0853 -0.9964 -0.0000
vn 0.0000 -1.0000 -0.0000
vn 0.0000 1.0000 -0.0000
vn -0.9423 -0.3348 -0.0000
vn -0.0810 -0.9967 -0.0000
vn 0.3464 0.5235 0.7784
vn 0.3129 0.4649 0.8282
vn 0.2956 0.4201 0.8580
vn 0.0568 -0.0240 0.9981
vn 0.0747 -0.0490 0.9960
vn 0.0503 -0.0776 0.9957
vn 0.8111 0.5849 -0.0000
vn 0.6697 0.7427 -0.0000
vn 0.0589 -0.0456 0.9972
vn 0.0200 -0.0215 0.9996
vn 0.0650 -0.0327 0.9973
vn 0.0581 -0.0378 0.9976
vn -0.6296 -0.7769 -0.0000
vn -0.7086 -0.7056 -0.0000
vn 0.4642 0.8857 -0.0000
vn 0.2403 0.9707 -0.0000
vn 0.0232 -0.0123 0.9997
vn 0.0218 -0.0099 0.9997
vn -0.2423 -0.9702 -0.0000
vn -0.4616 -0.8871 -0.0000
vn 0.0421 0.9991 -0.0000
vn -0.1482 0.9890 -0.0000
vn -0.3443 0.9389 -0.0000
vn -0.4472 0.8944 -0.0000
vn 0.4457 -0.8952 -0.0000
vn 0.3395 -0.9406 -0.0000
vn 0.6342 -0.1451 0.7594
vn 0.6321 -0.2332 0.7389
vn 0.6217 -0.2265 0.7498
vn 0.6366 -0.1256 0.7609
vn -0.1584 -0.9874 -0.0000
vn 0.8012 -0.5984 -0.0000
vn -0.0434 -0.9991 -0.0000
vn 0.1465 -0.9892 -0.0000
vn -0.2295 -0.4656 0.8547
vn -0.2269 -0.4388 0.8695
vn -0.2444 -0.4816 0.8416
vn -0.3520 -0.8046 0.4782
vn -0.1705 -0.9854 -0.0000
vn -0.2706 -0.9627 -0.0000
vn -0.5194 -0.8546 -0.0000
vn 0.9234 0.3839 -0.0000
vn 0.9921 -0.1253 -0.0000
vn 0.9549 -0.2968 -0.0000
vn -0.0218 -0.0598 0.9980
vn -0.7377 -0.6751 -0.0000
vn 0.4325 -0.4828 0.7615
vn 0.6570 -0.6207 0.4279
vn 0.6710 -0.6202 0.4064
vn 0.5181 -0.4210 0.7446
vn 0.0998 -0.5170 0.8501
vn 0.2855 -0.5048 0.8147
vn 0.0102 -0.0324 0.9994
vn 0.0001 -1.0000 -0.0000
vn 0.7352 -0.6779 -0.0000
vn 0.7351 -0.6779 -0.0000
vn -0.3985 -0.9171 -0.0000
vn -0.2356 -0.9719 -0.0000
vn 0.9911 0.1328 -0.0000
vn 0.0056 -0.0441 0.9990
vn 0.0223 -0.0172 0.9996
vn 0.6408 0.1365 0.7555
vn 0.6456 0.1335 0.7519
vn 0.6419 0.0034 0.7667
vn 0.6513 0.0154 0.7587
vn 0.6296 -0.3378 0.6996
vn 0.6195 -0.3053 0.7231
vn 0.3710 0.5387 0.7565
vn 0.4182 0.5289 0.7385
vn 0.5543 0.3628 0.7491
vn 0.4595 0.4630 0.7580
vn 0.4294 0.4910 0.7579
vn 0.4978 0.4081 0.7653
vn 0.6255 0.2502 0.7390
vn 0.5468 0.2689 0.7929
vn 0.5779 0.1190 0.8074
vn 0.5874 -0.0140 0.8092
vn 0.5790 -0.1396 0.8033
vn 0.5727 -0.2414 0.7834
vn 0.5587 -0.3467 0.7534
vn 0.5714 -0.5103 0.6427
vn 0.3898 0.5043 0.7705
vn 0.4439 0.4104 0.7966
vn 0.4972 0.2752 0.8228
vn 0.5470 0.1366 0.8259
vn 0.5395 -0.1581 0.8270
vn 0.5697 -0.0174 0.8217
vn 0.5022 -0.2670 0.8225
vn 0.4750 -0.3779 0.7947
vn 0.2877 0.5329 0.7958
vn 0.4903 -0.5500 0.6761
vn 0.5999 -0.2044 0.7736
vn 0.6303 -0.0809 0.7721
vn 0.6215 0.1176 0.7745
vn 0.6348 0.0129 0.7725
vn 0.5937 -0.3777 0.7106
vn 0.6070 -0.2669 0.7485
vn 0.6212 0.2184 0.7526
vn 0.5997 0.1947 0.7761
vn -0.7878 -0.6159 -0.0000
vn -0.9822 -0.1876 -0.0000
vn -1.0000 0.0020 -0.0000
vn -0.0365 -0.4380 -0.8982
vn 0.0000 -0.4413 -0.8974
vn -0.0283 -0.4411 -0.8970
vn 0.5954 -0.5963 -0.5385
vn 0.6499 -0.5012 -0.5713
vn 0.6089 -0.4846 -0.6280
vn -0.0000 0.0000 -1.0000
vn -0.1346 -0.4361 -0.8898
vn -0.1396 -0.4460 -0.8841
vn -0.0797 -0.4361 -0.8963
vn -0.0796 -0.4347 -0.8970
vn -0.0078 -0.5118 -0.8591
vn -0.0001 -0.8763 -0.4818
vn -0.2064 -0.8512 -0.4826
vn -0.1044 -0.5017 -0.8587
vn 0.3468 -0.5030 -0.7916
vn 0.7377 -0.5488 -0.3931
vn 0.5806 -0.3419 -0.7389
vn 0.2897 -0.4988 -0.8169
vn 0.5537 0.8327 -0.0000
vn 0.0662 -0.1659 -0.9839
vn 0.0610 -0.1659 -0.9842
vn 0.0375 -0.1080 -0.9934
vn 0.2130 -0.8528 -0.4769
vn 0.4913 -0.7497 -0.4434
vn -0.0000 -0.0000 -1.0000
vn -0.1116 -0.6759 -0.7285
vn -0.1097 -0.6839 -0.7213
vn -0.0628 -0.6460 -0.7607
vn -0.0582 -0.6405 -0.7658
vn 0.0000 -0.0000 -1.0000
vn 0.5664 0.2996 -0.7678
vn 0.4526 0.4130 -0.7903
vn 0.4795 0.3560 -0.8021
vn 0.5653 0.2517 -0.7856
vn -0.0000 0.0001 -1.0000
vn 0.3464 0.5235 -0.7784
vn 0.2956 0.4201 -0.8580
vn 0.3129 0.4649 -0.8282
vn 0.0568 -0.0240 -0.9981
vn 0.0503 -0.0776 -0.9957
vn 0.0747 -0.0490 -0.9960
vn 0.0650 -0.0327 -0.9973
vn 0.0200 -0.0215 -0.9996
vn 0.0589 -0.0456 -0.9972
vn 0.0581 -0.0378 -0.9976
vn 0.0218 -0.0099 -0.9997
vn 0.0232 -0.0123 -0.9997
vn 0.6217 -0.2265 -0.7498
vn 0.6321 -0.2332 -0.7389
vn 0.6342 -0.1451 -0.7594
vn 0.6366 -0.1256 -0.7609
vn -0.2295 -0.4656 -0.8547
vn -0.3520 -0.8046 -0.4782
vn -0.2444 -0.4816 -0.8416
vn -0.2269 -0.4388 -0.8695
vn -0.0218 -0.0598 -0.9980
vn -0.7036 -0.7106 -0.0000
vn 0.6710 -0.6202 -0.4064
vn 0.6570 -0.6207 -0.4279
vn 0.4325 -0.4828 -0.7615
vn 0.5181 -0.4210 -0.7446
vn 0.0998 -0.5170 -0.8501
vn 0.2855 -0.5048 -0.8147
vn 0.0102 -0.0324 -0.9994
vn 0.0056 -0.0441 -0.9990
vn 0.0223 -0.0172 -0.9996
vn 0.6408 0.1365 -0.7555
vn 0.6513 0.0154 -0.7587
vn 0.6419 0.0034 -0.7667
vn 0.6456 0.1335 -0.7519
vn 0.6296 -0.3378 -0.6996
vn 0.6195 -0.3053 -0.7231
vn 0.4182 0.5289 -0.7385
vn 0.3710 0.5387 -0.7565
vn 0.4294 0.4910 -0.7579
vn 0.4595 0.4630 -0.7580
vn 0.5543 0.3628 -0.7491
vn 0.4978 0.4081 -0.7653
vn 0.5468 0.2689 -0.7929
vn 0.6255 0.2502 -0.7390
vn 0.5779 0.1190 -0.8074
vn 0.5874 -0.0140 -0.8092
vn 0.5790 -0.1396 -0.8033
vn 0.5727 -0.2414 -0.7834
vn 0.5587 -0.3467 -0.7534
vn 0.5714 -0.5103 -0.6427
vn 0.3898 0.5043 -0.7705
vn 0.4439 0.4104 -0.7966
vn 0.4972 0.2752 -0.8228
vn 0.5470 0.1366 -0.8259
vn 0.5395 -0.1581 -0.8270
vn 0.5697 -0.0174 -0.8217
vn 0.5022 -0.2670 -0.8225
vn 0.4750 -0.3779 -0.7947
vn 0.2877 0.5329 -0.7958
vn 0.4903 -0.5500 -0.6761
vn 0.5999 -0.2044 -0.7736
vn 0.6303 -0.0809 -0.7721
vn 0.6215 0.1176 -0.7745
vn 0.6348 0.0129 -0.7725
vn 0.5937 -0.3777 -0.7106
vn 0.6070 -0.2669 -0.7485
vn 0.6212 0.2184 -0.7526
vn 0.5997 0.1947 -0.7761
vn -0.0273 0.4188 0.9077
vn 0.0395 0.4028 0.9144
vn -0.1399 0.3582 0.9231
vn -0.2457 0.3178 0.9157
vn -0.2615 0.3310 0.9067
vn -0.1771 0.3347 0.9255
vn -0.2453 0.3371 0.9090
vn -0.2362 0.3333 0.9128
vn -0.2808 0.3613 0.8892
vn -0.2894 0.3480 0.8917
vn 0.0748 -0.8735 0.4810
vn 0.0842 -0.5563 0.8267
vn 0.0938 -0.5832 0.8069
vn 0.1013 -0.9176 0.3843
vn 0.3544 0.6891 0.6321
vn 0.3379 0.6149 0.7125
vn 0.0253 0.4100 0.9117
vn 0.3537 0.4385 0.8262
vn 0.0706 0.3300 0.9413
vn 0.2137 0.4505 0.8668
vn 0.1929 0.4727 0.8599
vn 0.4759 -0.1808 0.8607
vn 0.5010 -0.0929 0.8605
vn 0.4439 -0.2229 0.8679
vn 0.4366 -0.2781 0.8556
vn -0.2103 0.3257 0.9218
vn -0.2594 0.2819 0.9237
vn 0.4200 0.2682 0.8670
vn 0.5309 -0.0338 0.8467
vn 0.5294 0.0243 0.8480
vn -0.3411 0.2937 0.8930
vn -0.3754 0.3051 0.8752
vn 0.5219 0.0552 0.8512
vn 0.5133 0.0610 0.8560
vn 0.4341 -0.3257 0.8399
vn 0.4185 -0.4014 0.8147
vn 0.4220 -0.3826 0.8219
vn 0.2815 -0.5136 0.8105
vn 0.2690 -0.5172 0.8125
vn 0.3739 -0.4639 0.8031
vn 0.3872 -0.4586 0.7998
vn 0.3618 0.9322 -0.0000
vn 0.1103 0.9939 -0.0000
vn -0.0884 0.9961 -0.0000
vn 0.1280 0.9918 -0.0000
vn 0.9992 0.0402 -0.0000
vn 0.9930 0.1181 -0.0000
vn -0.4450 0.8955 -0.0000
vn -0.5729 0.8196 -0.0000
vn 0.7397 -0.6729 -0.0000
vn 0.8209 -0.5711 -0.0000
vn 0.2932 0.9561 -0.0000
vn 0.5288 0.8488 -0.0000
vn 0.2336 -0.9723 -0.0000
vn 0.4707 -0.8823 -0.0000
vn -0.6325 0.7745 -0.0000
vn -0.5911 0.8066 -0.0000
vn 0.4515 -0.8923 -0.0000
vn -0.6987 0.7154 -0.0000
vn -0.5323 0.8466 -0.0000
vn 0.8980 -0.4399 -0.0000
vn 0.9797 -0.2006 -0.0000
vn 0.9021 0.4316 -0.0000
vn 0.9404 0.3400 -0.0000
vn 0.8658 0.5004 -0.0000
vn 0.6173 0.7867 -0.0000
vn -0.7760 0.6307 -0.0000
vn 0.6074 -0.7324 0.3077
vn 0.8779 0.1780 0.4445
vn 0.9437 0.2419 0.2256
vn 0.8017 0.5933 0.0726
vn 0.9720 -0.0285 0.2332
vn 0.8918 -0.0262 0.4518
vn 0.7002 -0.7140 -0.0000
vn 0.9437 0.2419 -0.2256
vn 0.8017 0.5933 -0.0726
vn 0.9720 -0.0285 -0.2332
vn -0.1731 0.3715 0.9122
vn 0.6380 -0.7700 -0.0000
vn -0.3883 0.9215 -0.0000
vn -0.0586 0.9983 -0.0000
vn -0.0356 0.4632 0.8855
vn 0.6773 0.7357 -0.0000
vn 0.6263 0.7796 -0.0000
vn 0.2257 0.2331 0.9459
vn 0.2340 0.2817 0.9305
vn 0.2253 0.3325 0.9158
vn 0.1456 0.4341 0.8890
vn -0.3214 0.9469 -0.0000
vn -0.1265 0.3736 0.9189
vn 0.8210 0.5710 -0.0000
vn 0.3869 0.9221 -0.0000
vn 0.6559 0.7548 -0.0000
vn 0.2586 0.3101 0.9148
vn 0.1490 0.3598 0.9211
vn 0.0509 0.3865 0.9209
vn -0.0338 0.3922 0.9192
vn 0.4439 0.1617 0.8813
vn 0.4073 0.2034 0.8904
vn 0.3506 0.2526 0.9018
vn -0.1962 0.9806 -0.0000
vn 0.0399 0.5213 0.8524
vn -0.0273 0.4188 -0.9077
vn -0.1399 0.3582 -0.9231
vn 0.0395 0.4028 -0.9144
vn -0.2457 0.3178 -0.9157
vn -0.1771 0.3347 -0.9255
vn -0.2615 0.3310 -0.9067
vn -0.2453 0.3371 -0.9090
vn -0.2894 0.3480 -0.8917
vn -0.2808 0.3613 -0.8892
vn -0.2362 0.3333 -0.9128
vn 0.0748 -0.8735 -0.4810
vn 0.1013 -0.9176 -0.3843
vn 0.0938 -0.5832 -0.8069
vn 0.0842 -0.5563 -0.8267
vn 0.3544 0.6891 -0.6321
vn 0.0253 0.4100 -0.9117
vn 0.3379 0.6149 -0.7125
vn 0.3537 0.4385 -0.8262
vn 0.1929 0.4727 -0.8599
vn 0.2137 0.4505 -0.8668
vn 0.0706 0.3300 -0.9413
vn 0.4439 -0.2229 -0.8679
vn 0.5010 -0.0929 -0.8605
vn 0.4759 -0.1808 -0.8607
vn 0.4366 -0.2781 -0.8556
vn -0.2594 0.2819 -0.9237
vn -0.2103 0.3257 -0.9218
vn 0.4200 0.2682 -0.8670
vn 0.5294 0.0243 -0.8480
vn 0.5309 -0.0338 -0.8467
vn -0.3411 0.2937 -0.8930
vn -0.3754 0.3051 -0.8752
vn 0.5133 0.0610 -0.8560
vn 0.5219 0.0552 -0.8512
vn 0.4341 -0.3257 -0.8399
vn 0.4220 -0.3826 -0.8219
vn 0.4185 -0.4014 -0.8147
vn 0.2815 -0.5136 -0.8105
vn 0.3872 -0.4586 -0.7998
vn 0.3739 -0.4639 -0.8031
vn 0.2690 -0.5172 -0.8125
vn 0.6074 -0.7324 -0.3077
vn 0.8779 0.1780 -0.4445
vn 0.8918 -0.0262 -0.4518
vn -0.1731 0.3715 -0.9122
vn -0.0356 0.4632 -0.8855
vn 0.2257 0.2331 -0.9459
vn 0.2340 0.2817 -0.9305
vn 0.2253 0.3325 -0.9158
vn 0.1456 0.4341 -0.8890
vn -0.1265 0.3736 -0.9189
vn 0.2586 0.3101 -0.9148
vn 0.1490 0.3597 -0.9211
vn 0.0509 0.3865 -0.9209
vn -0.0338 0.3922 -0.9192
vn 0.4439 0.1617 -0.8813
vn 0.4073 0.2034 -0.8904
vn 0.3506 0.2526 -0.9018
vn 0.0399 0.5213 -0.8524
vn 0.6150 -0.7886 -0.0000
vn 0.6969 -0.7171 -0.0000
vn -0.9589 -0.2837 -0.0000
vn -0.9098 -0.4151 -0.0000
vn -0.9947 0.1025 -0.0000
vn -1.0000 0.0044 -0.0000
vn 0.9545 -0.2983 -0.0000
vn 0.9970 -0.0779 -0.0000
vn 0.6927 -0.7212 -0.0000
vn 0.6243 -0.7812 -0.0000
vn -0.9958 -0.0911 -0.0000
vn 0.9998 0.0199 -0.0000
vn 0.9990 -0.0453 -0.0000
vn 0.8338 -0.5520 -0.0000
vn -0.8842 -0.4670 -0.0000
vn -0.8819 -0.4715 -0.0000
vn -0.9831 0.1829 -0.0000
vn -0.9689 0.2475 -0.0000
vn -0.9722 0.2342 0.0000
vn -0.9722 0.2342 -0.0000
vn -0.9768 0.2143 0.0000
vn -0.9768 0.2143 -0.0000
vn 1.0000 -0.0016 -0.0000
vn -0.9800 -0.1989 -0.0000
vn -0.9990 -0.0442 -0.0000
vn 0.9775 -0.2109 -0.0000
vn 0.9068 -0.4216 -0.0000
vn 0.8007 -0.5990 -0.0000
vn 0.5928 -0.8053 -0.0000
vn 0.5638 -0.8259 -0.0000
vn -0.9848 0.1736 -0.0000
vn -0.9978 -0.0666 -0.0000
vn -0.0475 -0.9989 -0.0000
vn -0.2023 -0.9793 -0.0000
vn 0.3099 -0.9508 -0.0000
vn -0.6493 -0.7605 -0.0000
vn -0.9030 -0.4296 -0.0000
vn -0.3699 -0.9291 -0.0000
vn -0.0349 0.9994 -0.0000
vn 1.0000 0.0000 -0.0000
vn 0.9945 0.1044 -0.0000
vn 0.8857 0.4643 -0.0000
vn -0.7952 0.6064 -0.0000
vn 0.8651 -0.5016 -0.0000
vn 0.9658 -0.2591 -0.0000
vn 0.7737 0.6336 -0.0000
vn 0.6375 0.7705 -0.0000
vn 0.5355 0.8445 -0.0000
vn 0.6053 -0.7960 0.0017
vn 0.7018 -0.7124 0.0004
vn 0.6007 -0.7995 -0.0021
vn 0.7018 -0.7124 -0.0004
vn 0.9951 0.0988 -0.0000
vn 0.9952 -0.0984 -0.0000
vn -0.8079 0.5893 0.0000
vn -0.8079 0.5893 -0.0000
vn -0.8078 0.5894 0.0011
vn 0.0036 0.9984 -0.0562
vn 0.0209 0.9998 0.0047
vn 0.0172 0.9999 -0.0000
vn -0.7868 0.6171 0.0005
vn 0.1086 -0.9941 0.0007
vn 0.0091 -1.0000 0.0026
vn 0.0103 -0.9999 0.0014
vn 0.1101 -0.9939 0.0002
vn 0.0990 0.9951 -0.0000
vn 0.6039 -0.7971 0.0000
vn -0.1449 0.9894 0.0000
vn -0.1452 0.9894 -0.0000
vn -0.2988 0.9543 0.0001
vn -0.2995 0.9541 0.0000
vn -0.4532 0.8914 0.0002
vn -0.4541 0.8910 -0.0000
vn -0.5950 0.8037 0.0003
vn -0.5961 0.8029 -0.0000
vn -0.7141 0.7000 0.0005
vn -0.7154 0.6988 0.0000
vn -0.7877 0.6160 -0.0000
vn -0.8093 0.5874 -0.0000
vn 0.9805 0.1966 -0.0000
vn 0.7071 0.7071 -0.0000
vn 0.1970 0.9804 -0.0000
vn 0.9806 -0.1958 -0.0000
vn 0.7105 -0.7037 0.0001
vn 0.7095 -0.7047 -0.0000
vn 0.7095 -0.7047 0.0000
vn 0.7106 -0.7036 0.0001
vn 0.2077 -0.9782 0.0002
vn 0.2058 -0.9786 0.0001
vn 0.6053 -0.7960 -0.0017
vn 0.6007 -0.7995 0.0021
vn -0.8078 0.5894 -0.0011
vn 0.0209 0.9998 -0.0047
vn 0.0036 0.9984 0.0562
vn -0.7868 0.6171 -0.0005
vn 0.0103 -0.9999 -0.0014
vn 0.0091 -1.0000 -0.0026
vn 0.1086 -0.9941 -0.0007
vn 0.1101 -0.9939 -0.0002
vn -0.1449 0.9894 -0.0000
vn -0.2988 0.9543 -0.0001
vn -0.4532 0.8914 -0.0002
vn -0.5950 0.8037 -0.0003
vn -0.7141 0.7000 -0.0005
vn 0.7105 -0.7037 -0.0001
vn 0.7106 -0.7036 -0.0001
vn 0.2058 -0.9786 -0.0001
vn 0.2077 -0.9782 -0.0002
vn 0.7072 0.7070 -0.0000
vn 0.8336 0.5523 -0.0000
vn 0.9238 0.3829 -0.0000
vn 0.9800 0.1991 -0.0000
vn -0.0000 1.0000 -0.0000
vn 0.1991 0.9800 -0.0000
vn 0.3827 0.9239 -0.0000
vn 0.5522 0.8337 -0.0000
vn -0.7071 0.7071 -0.0000
vn -0.5522 0.8337 -0.0000
vn -0.3827 0.9239 -0.0000
vn -0.1990 0.9800 -0.0000
vn -0.9800 0.1991 -0.0000
vn -0.9239 0.3827 -0.0000
vn -0.8337 0.5522 -0.0000
vn -0.7070 -0.7072 -0.0000
vn -0.8338 -0.5521 -0.0000
vn -0.9239 -0.3827 -0.0000
vn -0.9800 -0.1991 -0.0000
vn -0.0000 -1.0000 -0.0000
vn -0.1990 -0.9800 -0.0000
vn -0.3829 -0.9238 -0.0000
vn -0.5522 -0.8337 -0.0000
vn 0.7071 -0.7071 -0.0000
vn 0.5523 -0.8337 -0.0000
vn 0.3828 -0.9238 -0.0000
vn 0.1991 -0.9800 -0.0000
vn 0.9800 -0.1991 -0.0000
vn 0.9238 -0.3828 -0.0000
vn 0.8337 -0.5523 -0.0000
vn 0.0083 0.0000 1.0000
vn 0.0081 0.0016 1.0000
vn 0.0077 0.0032 1.0000
vn 0.0069 0.0046 1.0000
vn 0.0059 0.0059 1.0000
vn 0.0046 0.0069 1.0000
vn 0.0032 0.0077 1.0000
vn 0.0017 0.0081 1.0000
vn -0.0000 0.0083 1.0000
vn -0.0016 0.0081 1.0000
vn -0.0032 0.0077 1.0000
vn -0.0046 0.0069 1.0000
vn -0.0059 0.0059 1.0000
vn -0.0069 0.0046 1.0000
vn -0.0077 0.0032 1.0000
vn -0.0081 0.0017 1.0000
vn -0.0083 0.0000 1.0000
vn -0.0081 -0.0017 1.0000
vn -0.0077 -0.0032 1.0000
vn -0.0069 -0.0046 1.0000
vn -0.0059 -0.0059 1.0000
vn -0.0046 -0.0069 1.0000
vn -0.0032 -0.0077 1.0000
vn -0.0016 -0.0081 1.0000
vn -0.0000 -0.0083 1.0000
vn 0.0017 -0.0081 1.0000
vn 0.0032 -0.0077 1.0000
vn 0.0046 -0.0069 1.0000
vn 0.0059 -0.0059 1.0000
vn 0.0069 -0.0046 1.0000
vn 0.0077 -0.0032 1.0000
vn 0.0081 -0.0017 1.0000
vn 0.0083 0.0000 -1.0000
vn 0.0081 0.0016 -1.0000
vn 0.0077 0.0032 -1.0000
vn 0.0069 0.0046 -1.0000
vn 0.0059 0.0059 -1.0000
vn 0.0046 0.0069 -1.0000
vn 0.0032 0.0077 -1.0000
vn 0.0017 0.0081 -1.0000
vn -0.0000 0.0083 -1.0000
vn -0.0016 0.0081 -1.0000
vn -0.0032 0.0077 -1.0000
vn -0.0046 0.0069 -1.0000
vn -0.0059 0.0059 -1.0000
vn -0.0069 0.0046 -1.0000
vn -0.0077 0.0032 -1.0000
vn -0.0081 0.0017 -1.0000
vn -0.0083 0.0000 -1.0000
vn -0.0081 -0.0017 -1.0000
vn -0.0077 -0.0032 -1.0000
vn -0.0069 -0.0046 -1.0000
vn -0.0059 -0.0059 -1.0000
vn -0.0046 -0.0069 -1.0000
vn -0.0032 -0.0077 -1.0000
vn -0.0016 -0.0081 -1.0000
vn -0.0000 -0.0083 -1.0000
vn 0.0017 -0.0081 -1.0000
vn 0.0032 -0.0077 -1.0000
vn 0.0046 -0.0069 -1.0000
vn 0.0059 -0.0059 -1.0000
vn 0.0069 -0.0046 -1.0000
vn 0.0077 -0.0032 -1.0000
vn 0.0081 -0.0017 -1.0000
vn -0.6022 -0.7983 -0.0000
vn -0.7675 0.6411 -0.0000
vn 0.6209 0.7839 -0.0000
vn -0.2597 -0.3443 0.9022
vn -0.9799 0.1993 -0.0000
vn -0.2597 -0.3443 -0.9022
vn 0.4607 -0.8876 -0.0000
vn 0.7941 -0.6077 -0.0000
vn 0.8338 0.5521 -0.0000
vn 0.9239 0.3826 -0.0000
vn 1.0000 -0.0000 -0.0000
vn 0.1990 0.9800 -0.0000
vn -1.0000 -0.0000 -0.0000
vn -0.8337 0.5521 -0.0000
vn -0.7071 -0.7071 -0.0000
vn -0.8337 -0.5522 -0.0000
vn -0.1991 -0.9800 -0.0000
vn -0.3827 -0.9239 -0.0000
vn 0.5522 -0.8337 -0.0000
vn 0.3827 -0.9239 -0.0000
vn 0.9239 -0.3826 -0.0000
vn 0.8337 -0.5522 -0.0000
vn 0.2475 -0.0000 0.9689
vn 0.4376 -0.0000 0.8992
vn 0.4292 0.0871 0.8990
vn 0.2420 0.0492 0.9690
vn 0.4048 0.1677 0.8989
vn 0.2281 0.0945 0.9690
vn 0.1750 0.1750 0.9689
vn 0.3094 0.3094 0.8992
vn 0.2419 0.3651 0.8990
vn 0.1363 0.2059 0.9690
vn 0.1677 0.4048 0.8989
vn 0.0945 0.2280 0.9691
vn 0.0000 0.2475 0.9689
vn 0.0000 0.4376 0.8992
vn -0.0871 0.4292 0.8990
vn -0.0492 0.2420 0.9690
vn -0.1677 0.4048 0.8989
vn -0.0945 0.2280 0.9691
vn -0.1750 0.1750 0.9689
vn -0.3094 0.3094 0.8992
vn -0.3651 0.2419 0.8990
vn -0.2059 0.1363 0.9690
vn -0.4048 0.1677 0.8989
vn -0.2281 0.0945 0.9691
vn -0.2475 -0.0000 0.9689
vn -0.4376 -0.0000 0.8992
vn -0.4292 -0.0871 0.8990
vn -0.2420 -0.0492 0.9690
vn -0.4048 -0.1677 0.8989
vn -0.2280 -0.0945 0.9691
vn -0.1750 -0.1750 0.9689
vn -0.3094 -0.3094 0.8992
vn -0.2419 -0.3651 0.8990
vn -0.1363 -0.2059 0.9690
vn -0.1677 -0.4048 0.8989
vn -0.0945 -0.2280 0.9691
vn 0.0000 -0.2475 0.9689
vn 0.0000 -0.4376 0.8992
vn 0.0871 -0.4292 0.8990
vn 0.0492 -0.2420 0.9690
vn 0.1677 -0.4048 0.8989
vn 0.0945 -0.2280 0.9691
vn 0.1750 -0.1750 0.9689
vn 0.3094 -0.3094 0.8992
vn 0.3651 -0.2419 0.8990
vn 0.2059 -0.1363 0.9690
vn 0.4048 -0.1677 0.8989
vn 0.2281 -0.0945 0.9691
vn 0.0200 -0.0000 0.9998
vn 0.0197 0.0040 0.9998
vn 0.0186 0.0077 0.9998
vn 0.0142 0.0142 0.9998
vn 0.0111 0.0167 0.9998
vn 0.0077 0.0186 0.9998
vn 0.0000 0.0200 0.9998
vn -0.0040 0.0197 0.9998
vn -0.0077 0.0186 0.9998
vn -0.0142 0.0142 0.9998
vn -0.0167 0.0111 0.9998
vn -0.0186 0.0077 0.9998
vn -0.0200 -0.0000 0.9998
vn -0.0197 -0.0040 0.9998
vn -0.0186 -0.0077 0.9998
vn -0.0142 -0.0142 0.9998
vn -0.0111 -0.0167 0.9998
vn -0.0077 -0.0186 0.9998
vn -0.0000 -0.0200 0.9998
vn 0.0040 -0.0197 0.9998
vn 0.0077 -0.0186 0.9998
vn 0.0142 -0.0142 0.9998
vn 0.0167 -0.0111 0.9998
vn 0.0186 -0.0077 0.9998
vn 0.3651 0.2419 0.8990
vn 0.2059 0.1363 0.9690
vn 0.0871 0.4292 0.8990
vn 0.0492 0.2420 0.9690
vn -0.2419 0.3651 0.8990
vn -0.1363 0.2059 0.9690
vn -0.4292 0.0871 0.8990
vn -0.2420 0.0492 0.9690
vn -0.3651 -0.2419 0.8990
vn -0.2059 -0.1363 0.9690
vn -0.0871 -0.4292 0.8990
vn -0.0492 -0.2420 0.9690
vn 0.2419 -0.3651 0.8990
vn 0.1363 -0.2059 0.9690
vn 0.4292 -0.0871 0.8990
vn 0.2420 -0.0492 0.9690
vn 0.0167 0.0111 0.9998
vn 0.0040 0.0197 0.9998
vn -0.0111 0.0167 0.9998
vn -0.0197 0.0040 0.9998
vn -0.0167 -0.0111 0.9998
vn -0.0040 -0.0197 0.9998
vn 0.0111 -0.0167 0.9998
vn 0.0197 -0.0040 0.9998
vn 0.9984 -0.0000 0.0571
vn 0.9984 -0.0000 0.0569
vn 0.9784 0.1987 0.0570
vn 0.9784 0.1988 0.0571
vn 0.9224 0.3820 0.0570
vn 0.9224 0.3820 0.0569
vn 0.8323 0.5513 0.0570
vn 0.7058 0.7061 0.0569
vn 0.7059 0.7060 0.0570
vn 0.8324 0.5513 0.0570
vn 0.5514 0.8323 0.0568
vn 0.3821 0.9224 0.0568
vn 0.3821 0.9224 0.0567
vn 0.1988 0.9784 0.0569
vn 0.0000 0.9984 0.0572
vn 0.0000 0.9984 0.0570
vn 0.1986 0.9784 0.0568
vn -0.1988 0.9784 0.0569
vn -0.1986 0.9784 0.0568
vn -0.3820 0.9224 0.0568
vn -0.3820 0.9224 0.0567
vn -0.5513 0.8324 0.0569
vn -0.7060 0.7060 0.0571
vn -0.7060 0.7059 0.0570
vn -0.5514 0.8323 0.0568
vn -0.8324 0.5513 0.0570
vn -0.8323 0.5513 0.0570
vn -0.9224 0.3821 0.0569
vn -0.9223 0.3822 0.0569
vn -0.9784 0.1988 0.0570
vn -0.9984 -0.0000 0.0572
vn -0.9984 -0.0000 0.0570
vn -0.9784 0.1987 0.0569
vn -0.9784 -0.1988 0.0570
vn -0.9784 -0.1987 0.0569
vn -0.9224 -0.3821 0.0569
vn -0.9223 -0.3822 0.0569
vn -0.8324 -0.5512 0.0570
vn -0.7060 -0.7060 0.0569
vn -0.7060 -0.7059 0.0569
vn -0.5514 -0.8323 0.0568
vn -0.5513 -0.8324 0.0569
vn -0.3820 -0.9224 0.0569
vn -0.3820 -0.9224 0.0570
vn -0.1986 -0.9784 0.0568
vn 0.0000 -0.9984 0.0569
vn -0.1988 -0.9784 0.0569
vn 0.1987 -0.9784 0.0568
vn 0.1988 -0.9784 0.0569
vn 0.3820 -0.9224 0.0569
vn 0.3820 -0.9224 0.0570
vn 0.5515 -0.8323 0.0569
vn 0.7059 -0.7060 0.0567
vn 0.7060 -0.7060 0.0569
vn 0.5512 -0.8324 0.0570
vn 0.8324 -0.5513 0.0569
vn 0.8324 -0.5512 0.0570
vn 0.9224 -0.3820 0.0570
vn 0.9224 -0.3820 0.0569
vn 0.9784 -0.1987 0.0570
vn 0.9784 -0.1988 0.0571
vn 0.0076 -0.0000 1.0000
vn 0.0075 0.0015 1.0000
vn 0.0000 -0.0000 1.0000
vn 0.0070 0.0029 1.0000
vn 0.0063 0.0042 1.0000
vn 0.0054 0.0054 1.0000
vn 0.0042 0.0063 1.0000
vn 0.0029 0.0070 1.0000
vn 0.0015 0.0075 1.0000
vn 0.0000 0.0076 1.0000
vn -0.0015 0.0075 1.0000
vn -0.0029 0.0070 1.0000
vn -0.0042 0.0063 1.0000
vn -0.0054 0.0054 1.0000
vn -0.0063 0.0042 1.0000
vn -0.0070 0.0029 1.0000
vn -0.0075 0.0015 1.0000
vn -0.0076 -0.0000 1.0000
vn -0.0075 -0.0015 1.0000
vn -0.0070 -0.0029 1.0000
vn -0.0063 -0.0042 1.0000
vn -0.0054 -0.0054 1.0000
vn -0.0042 -0.0063 1.0000
vn -0.0029 -0.0070 1.0000
vn -0.0015 -0.0075 1.0000
vn 0.0000 -0.0076 1.0000
vn 0.0015 -0.0075 1.0000
vn 0.0029 -0.0070 1.0000
vn 0.0042 -0.0063 1.0000
vn 0.0054 -0.0054 1.0000
vn 0.0063 -0.0042 1.0000
vn 0.0070 -0.0029 1.0000
vn 0.0075 -0.0015 1.0000
vn 0.4292 0.0871 -0.8990
vn 0.4376 -0.0000 -0.8992
vn 0.2475 -0.0000 -0.9689
vn 0.2420 0.0492 -0.9690
vn 0.4048 0.1677 -0.8989
vn 0.2281 0.0945 -0.9690
vn 0.2419 0.3651 -0.8990
vn 0.3094 0.3094 -0.8992
vn 0.1750 0.1750 -0.9689
vn 0.1363 0.2059 -0.9690
vn 0.1677 0.4048 -0.8989
vn 0.0945 0.2280 -0.9691
vn -0.0871 0.4292 -0.8990
vn 0.0000 0.4376 -0.8992
vn 0.0000 0.2475 -0.9689
vn -0.0492 0.2420 -0.9690
vn -0.1677 0.4048 -0.8989
vn -0.0945 0.2280 -0.9691
vn -0.3651 0.2419 -0.8990
vn -0.3094 0.3094 -0.8992
vn -0.1750 0.1750 -0.9689
vn -0.2059 0.1363 -0.9690
vn -0.4048 0.1677 -0.8989
vn -0.2281 0.0945 -0.9691
vn -0.4292 -0.0871 -0.8990
vn -0.4376 -0.0000 -0.8992
vn -0.2475 -0.0000 -0.9689
vn -0.2420 -0.0492 -0.9690
vn -0.4048 -0.1677 -0.8989
vn -0.2280 -0.0945 -0.9691
vn -0.2419 -0.3651 -0.8990
vn -0.3094 -0.3094 -0.8992
vn -0.1750 -0.1750 -0.9689
vn -0.1363 -0.2059 -0.9690
vn -0.1677 -0.4048 -0.8989
vn -0.0945 -0.2280 -0.9691
vn 0.0871 -0.4292 -0.8990
vn 0.0000 -0.4376 -0.8992
vn 0.0000 -0.2475 -0.9689
vn 0.0492 -0.2420 -0.9690
vn 0.1677 -0.4048 -0.8989
vn 0.0945 -0.2280 -0.9691
vn 0.3651 -0.2419 -0.8990
vn 0.3094 -0.3094 -0.8992
vn 0.1750 -0.1750 -0.9689
vn 0.2059 -0.1363 -0.9690
vn 0.4048 -0.1677 -0.8989
vn 0.2281 -0.0945 -0.9691
vn 0.0200 -0.0000 -0.9998
vn 0.0197 0.0040 -0.9998
vn 0.0186 0.0077 -0.9998
vn 0.0142 0.0142 -0.9998
vn 0.0111 0.0167 -0.9998
vn 0.0077 0.0186 -0.9998
vn -0.0000 0.0200 -0.9998
vn -0.0040 0.0197 -0.9998
vn -0.0077 0.0186 -0.9998
vn -0.0142 0.0142 -0.9998
vn -0.0167 0.0111 -0.9998
vn -0.0186 0.0077 -0.9998
vn -0.0200 -0.0000 -0.9998
vn -0.0197 -0.0040 -0.9998
vn -0.0186 -0.0077 -0.9998
vn -0.0142 -0.0142 -0.9998
vn -0.0111 -0.0167 -0.9998
vn -0.0077 -0.0186 -0.9998
vn 0.0000 -0.0200 -0.9998
vn 0.0040 -0.0197 -0.9998
vn 0.0077 -0.0186 -0.9998
vn 0.0142 -0.0142 -0.9998
vn 0.0167 -0.0111 -0.9998
vn 0.0186 -0.0077 -0.9998
vn 0.3651 0.2419 -0.8990
vn 0.2059 0.1363 -0.9690
vn 0.0871 0.4292 -0.8990
vn 0.0492 0.2420 -0.9690
vn -0.2419 0.3651 -0.8990
vn -0.1363 0.2059 -0.9690
vn -0.4292 0.0871 -0.8990
vn -0.2420 0.0492 -0.9690
vn -0.3651 -0.2419 -0.8990
vn -0.2059 -0.1363 -0.9690
vn -0.0871 -0.4292 -0.8990
vn -0.0492 -0.2420 -0.9690
vn 0.2419 -0.3651 -0.8990
vn 0.1363 -0.2059 -0.9690
vn 0.4292 -0.0871 -0.8990
vn 0.2420 -0.0492 -0.9690
vn 0.0167 0.0111 -0.9998
vn 0.0040 0.0197 -0.9998
vn -0.0111 0.0167 -0.9998
vn -0.0197 0.0040 -0.9998
vn -0.0167 -0.0111 -0.9998
vn -0.0040 -0.0197 -0.9998
vn 0.0111 -0.0167 -0.9998
vn 0.0197 -0.0040 -0.9998
vn 0.9784 0.1987 -0.0570
vn 0.9984 -0.0000 -0.0569
vn 0.9984 -0.0000 -0.0571
vn 0.9784 0.1988 -0.0571
vn 0.9224 0.3820 -0.0570
vn 0.9224 0.3820 -0.0569
vn 0.7059 0.7060 -0.0570
vn 0.7058 0.7061 -0.0569
vn 0.8323 0.5513 -0.0570
vn 0.8324 0.5513 -0.0570
vn 0.5514 0.8323 -0.0568
vn 0.3821 0.9224 -0.0568
vn 0.3821 0.9224 -0.0567
vn 0.0000 0.9984 -0.0570
vn 0.0000 0.9984 -0.0572
vn 0.1988 0.9784 -0.0569
vn 0.1986 0.9784 -0.0568
vn -0.1988 0.9784 -0.0569
vn -0.1986 0.9784 -0.0568
vn -0.3820 0.9224 -0.0568
vn -0.3820 0.9224 -0.0567
vn -0.7060 0.7059 -0.0570
vn -0.7060 0.7060 -0.0571
vn -0.5513 0.8324 -0.0569
vn -0.5514 0.8323 -0.0568
vn -0.8324 0.5513 -0.0570
vn -0.8323 0.5513 -0.0570
vn -0.9224 0.3821 -0.0569
vn -0.9223 0.3822 -0.0569
vn -0.9984 -0.0000 -0.0570
vn -0.9984 -0.0000 -0.0572
vn -0.9784 0.1988 -0.0570
vn -0.9784 0.1987 -0.0569
vn -0.9784 -0.1988 -0.0570
vn -0.9784 -0.1987 -0.0569
vn -0.9224 -0.3821 -0.0569
vn -0.9223 -0.3822 -0.0569
vn -0.7060 -0.7059 -0.0569
vn -0.7060 -0.7060 -0.0569
vn -0.8324 -0.5512 -0.0570
vn -0.5514 -0.8323 -0.0568
vn -0.5513 -0.8324 -0.0569
vn -0.3820 -0.9224 -0.0569
vn -0.3820 -0.9224 -0.0570
vn 0.0000 -0.9984 -0.0569
vn -0.1986 -0.9784 -0.0568
vn -0.1988 -0.9784 -0.0569
vn 0.1987 -0.9784 -0.0568
vn 0.1988 -0.9784 -0.0569
vn 0.3820 -0.9224 -0.0569
vn 0.3820 -0.9224 -0.0570
vn 0.7060 -0.7060 -0.0569
vn 0.7059 -0.7060 -0.0567
vn 0.5515 -0.8323 -0.0569
vn 0.5512 -0.8324 -0.0570
vn 0.8324 -0.5513 -0.0569
vn 0.8324 -0.5512 -0.0570
vn 0.9224 -0.3820 -0.0570
vn 0.9224 -0.3820 -0.0569
vn 0.9784 -0.1987 -0.0570
vn 0.9784 -0.1988 -0.0571
vn 0.0076 -0.0000 -1.0000
vn 0.0075 0.0015 -1.0000
vn 0.0070 0.0029 -1.0000
vn 0.0063 0.0042 -1.0000
vn 0.0054 0.0054 -1.0000
vn 0.0042 0.0063 -1.0000
vn 0.0029 0.0070 -1.0000
vn 0.0015 0.0075 -1.0000
vn 0.0000 0.0076 -1.0000
vn -0.0015 0.0075 -1.0000
vn -0.0029 0.0070 -1.0000
vn -0.0042 0.0063 -1.0000
vn -0.0054 0.0054 -1.0000
vn -0.0063 0.0042 -1.0000
vn -0.0070 0.0029 -1.0000
vn -0.0075 0.0015 -1.0000
vn -0.0076 -0.0000 -1.0000
vn -0.0075 -0.0015 -1.0000
vn -0.0070 -0.0029 -1.0000
vn -0.0063 -0.0042 -1.0000
vn -0.0054 -0.0054 -1.0000
vn -0.0042 -0.0063 -1.0000
vn -0.0029 -0.0070 -1.0000
vn -0.0015 -0.0075 -1.0000
vn 0.0000 -0.0076 -1.0000
vn 0.0015 -0.0075 -1.0000
vn 0.0029 -0.0070 -1.0000
vn 0.0042 -0.0063 -1.0000
vn 0.0054 -0.0054 -1.0000
vn 0.0063 -0.0042 -1.0000
vn 0.0070 -0.0029 -1.0000
vn 0.0075 -0.0015 -1.0000
vn 0.0028 1.0000 0.0000
vn 0.0026 0.9942 -0.1080
vn -0.0028 0.9917 -0.1283
vn -0.0056 1.0000 -0.0033
vn -0.0164 0.7151 -0.6988
vn -0.0128 0.6422 -0.7665
vn -0.1344 0.6063 -0.7838
vn -0.2078 0.7059 -0.6771
vn -0.0062 0.9645 -0.2641
vn -0.0061 0.9736 -0.2281
vn -0.0055 1.0000 -0.0003
vn -0.0193 0.6118 -0.7907
vn -0.0103 0.6434 -0.7655
vn -0.0117 0.4332 -0.9012
vn -0.0674 0.3943 -0.9165
vn 0.0020 0.9781 -0.2084
vn 0.0018 0.9617 -0.2741
vn -0.0182 0.9571 -0.2892
vn -0.0145 0.9702 -0.2420
vn -0.1498 0.8397 -0.5220
vn -0.2679 0.8401 -0.4717
vn -0.4371 0.6003 -0.6698
vn -0.2225 0.4534 -0.8631
vn -0.5658 0.6538 -0.5024
vn -0.3522 0.8299 -0.4327
vn -0.0199 0.9357 -0.3522
vn -1.0000 -0.0019 0.0018
vn -1.0000 -0.0026 0.0012
vn -1.0000 -0.0019 0.0007
vn -1.0000 -0.0016 0.0020
vn -1.0000 -0.0025 0.0014
vn -1.0000 -0.0027 0.0015
vn -1.0000 -0.0012 0.0041
vn -1.0000 -0.0015 0.0013
vn -1.0000 -0.0016 0.0003
vn -1.0000 -0.0016 0.0000
vn 0.0019 0.9375 -0.3479
vn 1.0000 0.0041 -0.0004
vn 1.0000 0.0041 -0.0000
vn 1.0000 0.0041 -0.0009
vn 1.0000 0.0040 -0.0011
vn 1.0000 0.0039 -0.0014
vn -0.5231 0.8400 -0.1437
vn -0.5427 0.8268 -0.1478
vn -0.5249 0.7892 -0.3187
vn -0.5163 0.8051 -0.2921
vn -0.5317 0.8469 0.0000
vn -0.5162 0.8565 -0.0000
vn -1.0000 0.0029 -0.0005
vn -1.0000 0.0028 -0.0010
vn -1.0000 0.0030 -0.0000
vn -0.2657 0.8358 -0.4804
vn -0.0191 0.8668 -0.4982
vn -0.6246 0.6771 -0.3892
vn 0.0020 0.8670 -0.4983
vn -0.0184 0.8668 -0.4983
vn -0.3554 0.8104 -0.4658
vn 1.0000 0.0036 -0.0020
vn -0.5162 0.7426 -0.4268
vn -0.5162 0.7425 -0.4268
vn -1.0000 0.0026 -0.0015
vn 0.0028 0.5031 -0.8642
vn 0.0025 0.4066 -0.9136
vn -0.0028 0.3878 -0.9217
vn -0.0056 0.5002 -0.8659
vn -0.0164 -0.2426 -0.9700
vn -0.0128 -0.3397 -0.9404
vn -0.1344 -0.3726 -0.9182
vn -0.2082 -0.2284 -0.9510
vn -0.2657 0.0000 -0.9641
vn -0.0191 -0.0000 -0.9998
vn -0.0062 0.2569 -0.9664
vn -0.0061 0.2924 -0.9563
vn -0.0055 0.5028 -0.8644
vn -0.0193 -0.3757 -0.9265
vn -0.0103 -0.3379 -0.9411
vn -0.0117 -0.5611 -0.8276
vn -0.0674 -0.5939 -0.8017
vn 0.0020 0.3116 -0.9502
vn 0.0018 0.2467 -0.9691
vn -0.0182 0.2313 -0.9727
vn -0.0144 0.2787 -0.9603
vn -0.1499 -0.0291 -0.9883
vn -0.2678 0.0147 -0.9634
vn -0.4370 -0.2771 -0.8557
vn -0.2226 -0.5184 -0.8257
vn -0.5659 -0.1048 -0.8178
vn -0.6250 0.0000 -0.7806
vn 0.0019 0.1691 -0.9856
vn 0.0020 -0.0000 -1.0000
vn -0.0185 -0.0000 -0.9998
vn -0.0199 0.1645 -0.9862
vn -0.3513 0.0434 -0.9353
vn -0.3567 -0.0000 -0.9342
vn -1.0000 0.0005 0.0026
vn -1.0000 -0.0002 0.0028
vn -1.0000 -0.0003 0.0020
vn -1.0000 0.0009 0.0024
vn -1.0000 0.0000 0.0028
vn -1.0000 0.0000 0.0031
vn -1.0000 0.0029 0.0031
vn -1.0000 0.0004 0.0020
vn -1.0000 -0.0005 0.0015
vn -1.0000 -0.0008 0.0014
vn 1.0000 0.0017 -0.0038
vn 1.0000 0.0021 -0.0036
vn 1.0000 0.0013 -0.0039
vn 1.0000 0.0010 -0.0040
vn 1.0000 0.0007 -0.0041
vn 1.0000 -0.0000 -0.0041
vn -0.5231 0.2982 -0.7984
vn -0.5427 0.2880 -0.7890
vn -0.5249 0.1206 -0.8426
vn -0.5162 0.1516 -0.8429
vn -0.5162 -0.0000 -0.8565
vn -0.5317 0.4261 -0.7319
vn -0.5162 0.4350 -0.7378
vn -1.0000 0.0000 -0.0030
vn -1.0000 0.0005 -0.0029
vn -1.0000 0.0010 -0.0028
vn -1.0000 0.0015 -0.0026
vn -0.5163 0.4247 -0.7437
vn 0.0022 0.6117 -0.7910
vn 0.0026 0.5937 -0.8047
vn -0.0164 0.9638 -0.2662
vn -0.2078 0.9404 -0.2691
vn -0.1344 0.9824 -0.1294
vn -0.0128 0.9855 -0.1690
vn -0.0072 0.6871 -0.7265
vn -0.0040 0.7345 -0.6786
vn -0.0110 0.9853 -0.1705
vn -0.0190 0.9913 -0.1304
vn -0.0674 0.9904 0.1205
vn -0.0117 0.9968 0.0793
vn 0.0020 0.6723 -0.7402
vn -0.0144 0.6974 -0.7165
vn -0.0182 0.7317 -0.6814
vn 0.0018 0.7209 -0.6930
vn -0.1499 0.8738 -0.4627
vn -0.2226 0.9740 0.0429
vn -0.4371 0.8809 -0.1814
vn -0.2679 0.8305 -0.4884
vn -0.5659 0.7632 -0.3120
vn -0.3522 0.7917 -0.4992
vn -0.0199 0.7754 -0.6312
vn -1.0000 -0.0025 0.0008
vn -1.0000 -0.0025 0.0004
vn -1.0000 -0.0016 0.0013
vn -1.0000 -0.0023 0.0016
vn -1.0000 -0.0041 -0.0010
vn -1.0000 -0.0019 0.0006
vn -1.0000 -0.0011 0.0012
vn 0.0019 0.7725 -0.6350
vn 1.0000 0.0025 -0.0033
vn 1.0000 0.0028 -0.0031
vn 1.0000 0.0030 -0.0029
vn 1.0000 0.0032 -0.0026
vn -0.5249 0.6727 -0.5216
vn -0.5427 0.5439 -0.6400
vn -0.5231 0.5470 -0.6536
vn -0.5163 0.6576 -0.5487
vn -0.5162 0.4203 -0.7462
vn -1.0000 0.0019 -0.0023
vn -1.0000 0.0023 -0.0019
vn 0.0028 -1.0000 0.0000
vn -0.0056 -1.0000 0.0033
vn 0.0022 -0.9915 -0.1304
vn 0.0025 -0.9942 -0.1080
vn -0.0164 -0.7151 -0.6988
vn -0.2078 -0.7059 -0.6771
vn -0.1344 -0.6063 -0.7838
vn -0.0128 -0.6421 -0.7665
vn -0.0072 -0.9736 -0.2281
vn -0.0040 -0.9561 -0.2931
vn -0.0055 -1.0000 0.0003
vn -0.0110 -0.6431 -0.7657
vn -0.0190 -0.6116 -0.7909
vn -0.0674 -0.3943 -0.9165
vn -0.0117 -0.4332 -0.9012
vn 0.0020 -0.9780 -0.2084
vn -0.0144 -0.9702 -0.2420
vn -0.0182 -0.9571 -0.2892
vn 0.0018 -0.9617 -0.2741
vn -0.1498 -0.8397 -0.5221
vn -0.2226 -0.4533 -0.8631
vn -0.4371 -0.6003 -0.6698
vn -0.2679 -0.8401 -0.4717
vn -0.5658 -0.6538 -0.5024
vn -0.3521 -0.8299 -0.4327
vn -0.0199 -0.9357 -0.3522
vn -1.0000 0.0019 0.0018
vn -1.0000 0.0016 0.0020
vn -1.0000 0.0019 0.0007
vn -1.0000 0.0026 0.0012
vn -1.0000 0.0025 0.0014
vn -1.0000 0.0027 0.0015
vn -1.0000 0.0012 0.0041
vn -1.0000 0.0015 0.0013
vn -1.0000 0.0016 0.0003
vn -1.0000 0.0016 0.0000
vn 0.0019 -0.9375 -0.3479
vn 1.0000 -0.0041 -0.0004
vn 1.0000 -0.0041 0.0000
vn 1.0000 -0.0041 -0.0009
vn 1.0000 -0.0040 -0.0011
vn 1.0000 -0.0039 -0.0014
vn -0.5249 -0.7892 -0.3187
vn -0.5427 -0.8268 -0.1478
vn -0.5231 -0.8400 -0.1437
vn -0.5163 -0.8051 -0.2921
vn -0.5317 -0.8469 0.0000
vn -0.5162 -0.8565 -0.0000
vn -1.0000 -0.0029 -0.0005
vn -1.0000 -0.0028 -0.0010
vn -1.0000 -0.0030 0.0000
vn -0.0191 -0.8668 -0.4982
vn -0.2657 -0.8358 -0.4804
vn -0.6247 -0.6770 -0.3891
vn -0.0184 -0.8668 -0.4983
vn 0.0020 -0.8670 -0.4984
vn -0.3554 -0.8104 -0.4658
vn 1.0000 -0.0036 -0.0020
vn -0.5162 -0.7425 -0.4268
vn -0.5162 -0.7426 -0.4268
vn -1.0000 -0.0026 -0.0015
vn 0.0028 -0.5031 -0.8642
vn -0.0056 -0.5059 -0.8625
vn 0.0022 -0.3858 -0.9226
vn 0.0025 -0.4066 -0.9136
vn -0.0164 0.2426 -0.9700
vn -0.2082 0.2284 -0.9510
vn -0.1344 0.3726 -0.9182
vn -0.0128 0.3397 -0.9404
vn -0.0072 -0.2925 -0.9562
vn -0.0040 -0.2276 -0.9738
vn -0.0056 -0.5034 -0.8640
vn -0.0110 0.3383 -0.9410
vn -0.0190 0.3759 -0.9264
vn -0.0674 0.5939 -0.8017
vn -0.0117 0.5611 -0.8276
vn 0.0020 -0.3116 -0.9502
vn -0.0144 -0.2787 -0.9603
vn -0.0182 -0.2313 -0.9727
vn 0.0018 -0.2467 -0.9691
vn -0.1499 0.0291 -0.9883
vn -0.2226 0.5183 -0.8257
vn -0.4370 0.2771 -0.8557
vn -0.2678 -0.0147 -0.9634
vn -0.5659 0.1048 -0.8178
vn 0.0019 -0.1691 -0.9856
vn -0.0199 -0.1645 -0.9862
vn -0.3513 -0.0434 -0.9353
vn -1.0000 -0.0005 0.0026
vn -1.0000 -0.0009 0.0024
vn -1.0000 0.0002 0.0028
vn -1.0000 -0.0029 0.0031
vn -1.0000 -0.0004 0.0020
vn -1.0000 0.0005 0.0015
vn -1.0000 0.0008 0.0014
vn 1.0000 -0.0017 -0.0038
vn 1.0000 -0.0021 -0.0036
vn 1.0000 -0.0013 -0.0039
vn 1.0000 -0.0010 -0.0040
vn 1.0000 -0.0007 -0.0041
vn -0.5249 -0.1206 -0.8426
vn -0.5427 -0.2917 -0.7876
vn -0.5220 -0.2995 -0.7987
vn -0.5162 -0.1516 -0.8429
vn -0.5304 -0.4265 -0.7326
vn -0.5128 -0.4373 -0.7388
vn -1.0000 -0.0005 -0.0029
vn -1.0000 -0.0010 -0.0028
vn -1.0000 -0.0015 -0.0026
vn -0.5129 -0.4263 -0.7451
vn 0.0025 -0.5937 -0.8047
vn -0.0028 -0.6100 -0.7924
vn -0.0164 -0.9638 -0.2662
vn -0.0128 -0.9855 -0.1690
vn -0.1344 -0.9825 -0.1294
vn -0.2078 -0.9404 -0.2691
vn -0.0062 -0.7137 -0.7004
vn -0.0061 -0.6871 -0.7265
vn -0.0193 -0.9912 -0.1308
vn -0.0103 -0.9852 -0.1708
vn -0.0117 -0.9968 0.0793
vn -0.0674 -0.9904 0.1205
vn 0.0020 -0.6724 -0.7402
vn 0.0018 -0.7209 -0.6930
vn -0.0182 -0.7317 -0.6814
vn -0.0144 -0.6974 -0.7165
vn -0.1499 -0.8738 -0.4627
vn -0.2679 -0.8305 -0.4884
vn -0.4371 -0.8809 -0.1814
vn -0.2226 -0.9740 0.0429
vn -0.5658 -0.7632 -0.3120
vn -0.3521 -0.7917 -0.4993
vn -0.0199 -0.7754 -0.6312
vn -1.0000 0.0025 0.0008
vn -1.0000 0.0023 0.0016
vn -1.0000 0.0016 0.0013
vn -1.0000 0.0025 0.0004
vn -1.0000 0.0041 -0.0010
vn -1.0000 0.0019 0.0006
vn -1.0000 0.0011 0.0012
vn 0.0019 -0.7725 -0.6350
vn 1.0000 -0.0025 -0.0033
vn 1.0000 -0.0028 -0.0031
vn 1.0000 -0.0030 -0.0029
vn 1.0000 -0.0032 -0.0026
vn -0.5218 -0.5465 -0.6551
vn -0.5427 -0.5409 -0.6425
vn -0.5249 -0.6727 -0.5215
vn -0.5163 -0.6576 -0.5487
vn -0.5129 -0.4216 -0.7478
vn -1.0000 -0.0019 -0.0023
vn -1.0000 -0.0023 -0.0019
vn 0.0022 0.9915 0.1305
vn 0.0026 0.9942 0.1080
vn -0.0164 0.7151 0.6988
vn -0.2078 0.7059 0.6771
vn -0.1344 0.6063 0.7838
vn -0.0128 0.6421 0.7665
vn -0.0072 0.9736 0.2282
vn -0.0040 0.9561 0.2931
vn -0.0110 0.6431 0.7657
vn -0.0190 0.6117 0.7909
vn -0.0674 0.3943 0.9165
vn -0.0117 0.4332 0.9012
vn 0.0020 0.9781 0.2084
vn -0.0145 0.9702 0.2420
vn -0.0182 0.9571 0.2892
vn 0.0018 0.9617 0.2741
vn -0.1498 0.8397 0.5220
vn -0.2225 0.4534 0.8631
vn -0.4371 0.6003 0.6698
vn -0.2679 0.8401 0.4717
vn -0.5658 0.6538 0.5024
vn -0.3522 0.8299 0.4327
vn -0.0199 0.9357 0.3522
vn -1.0000 -0.0019 -0.0018
vn -1.0000 -0.0016 -0.0020
vn -1.0000 -0.0019 -0.0007
vn -1.0000 -0.0026 -0.0012
vn -1.0000 -0.0025 -0.0014
vn -1.0000 -0.0027 -0.0015
vn -1.0000 -0.0012 -0.0041
vn -1.0000 -0.0015 -0.0013
vn -1.0000 -0.0016 -0.0003
vn 0.0019 0.9375 0.3479
vn 1.0000 0.0041 0.0004
vn 1.0000 0.0041 0.0009
vn 1.0000 0.0040 0.0011
vn 1.0000 0.0039 0.0014
vn -0.5249 0.7892 0.3187
vn -0.5427 0.8268 0.1478
vn -0.5231 0.8400 0.1437
vn -0.5163 0.8051 0.2921
vn -1.0000 0.0029 0.0005
vn -1.0000 0.0028 0.0010
vn -0.0191 0.8668 0.4982
vn -0.2657 0.8358 0.4804
vn -0.6246 0.6771 0.3892
vn -0.0184 0.8668 0.4983
vn 0.0020 0.8670 0.4983
vn -0.3554 0.8104 0.4658
vn 1.0000 0.0036 0.0020
vn -0.5162 0.7425 0.4268
vn -0.5162 0.7426 0.4268
vn -1.0000 0.0026 0.0015
vn 0.0028 0.5031 0.8642
vn -0.0056 0.5059 0.8625
vn 0.0022 0.3859 0.9226
vn 0.0025 0.4067 0.9136
vn -0.0164 -0.2426 0.9700
vn -0.2082 -0.2285 0.9510
vn -0.1344 -0.3726 0.9182
vn -0.0128 -0.3397 0.9405
vn -0.0191 -0.0000 0.9998
vn -0.2657 0.0000 0.9641
vn -0.0072 0.2922 0.9563
vn -0.0041 0.2275 0.9738
vn -0.0056 0.5034 0.8640
vn -0.0110 -0.3386 0.9409
vn -0.0190 -0.3762 0.9263
vn -0.0674 -0.5939 0.8017
vn -0.0117 -0.5611 0.8276
vn 0.0020 0.3116 0.9502
vn -0.0144 0.2787 0.9603
vn -0.0182 0.2313 0.9727
vn 0.0018 0.2466 0.9691
vn -0.1499 -0.0291 0.9883
vn -0.2226 -0.5184 0.8257
vn -0.4370 -0.2771 0.8557
vn -0.2678 0.0147 0.9634
vn -0.6251 0.0000 0.7805
vn -0.5661 -0.1049 0.8177
vn 0.0019 0.1691 0.9856
vn -0.0198 0.1645 0.9862
vn -0.0185 -0.0000 0.9998
vn 0.0020 -0.0000 1.0000
vn -0.3514 0.0434 0.9352
vn -0.3568 -0.0000 0.9342
vn -1.0000 0.0005 -0.0026
vn -1.0000 0.0009 -0.0024
vn -1.0000 -0.0003 -0.0020
vn -1.0000 -0.0002 -0.0028
vn -1.0000 0.0000 -0.0028
vn -1.0000 0.0000 -0.0031
vn -1.0000 0.0029 -0.0031
vn -1.0000 0.0004 -0.0020
vn -1.0000 -0.0005 -0.0015
vn -1.0000 -0.0008 -0.0014
vn 1.0000 0.0017 0.0038
vn 1.0000 0.0021 0.0036
vn 1.0000 0.0013 0.0039
vn 1.0000 0.0010 0.0040
vn 1.0000 0.0007 0.0041
vn 1.0000 -0.0000 0.0041
vn -0.5249 0.1206 0.8426
vn -0.5427 0.2880 0.7890
vn -0.5231 0.2983 0.7983
vn -0.5162 0.1516 0.8429
vn -0.5162 -0.0000 0.8565
vn -0.5317 0.4261 0.7319
vn -0.5162 0.4310 0.7401
vn -1.0000 -0.0000 0.0030
vn -1.0000 0.0005 0.0029
vn -1.0000 0.0010 0.0028
vn -1.0000 0.0015 0.0026
vn 0.0026 0.5937 0.8047
vn -0.0028 0.6100 0.7924
vn -0.0164 0.9638 0.2662
vn -0.0128 0.9855 0.1690
vn -0.1344 0.9824 0.1294
vn -0.2078 0.9404 0.2691
vn -0.0062 0.7137 0.7004
vn -0.0061 0.6871 0.7265
vn -0.0193 0.9912 0.1306
vn -0.0103 0.9852 0.1708
vn -0.0117 0.9968 -0.0793
vn -0.0674 0.9904 -0.1206
vn 0.0020 0.6723 0.7402
vn 0.0018 0.7209 0.6930
vn -0.0182 0.7317 0.6814
vn -0.0144 0.6974 0.7165
vn -0.1499 0.8738 0.4627
vn -0.2679 0.8305 0.4884
vn -0.4371 0.8809 0.1814
vn -0.2226 0.9740 -0.0429
vn -0.5659 0.7632 0.3120
vn -0.3522 0.7917 0.4992
vn -0.0199 0.7754 0.6312
vn -1.0000 -0.0025 -0.0008
vn -1.0000 -0.0023 -0.0016
vn -1.0000 -0.0016 -0.0013
vn -1.0000 -0.0025 -0.0004
vn -1.0000 -0.0041 0.0010
vn -1.0000 -0.0019 -0.0006
vn -1.0000 -0.0011 -0.0012
vn 0.0019 0.7725 0.6350
vn 1.0000 0.0025 0.0033
vn 1.0000 0.0028 0.0031
vn 1.0000 0.0030 0.0029
vn 1.0000 0.0032 0.0026
vn -0.5231 0.5470 0.6535
vn -0.5427 0.5439 0.6400
vn -0.5249 0.6727 0.5215
vn -0.5163 0.6576 0.5487
vn -1.0000 0.0019 0.0023
vn -1.0000 0.0023 0.0019
vn 0.0025 -0.9942 0.1080
vn -0.0028 -0.9917 0.1282
vn -0.0164 -0.7151 0.6988
vn -0.0128 -0.6421 0.7665
vn -0.1344 -0.6063 0.7838
vn -0.2078 -0.7059 0.6771
vn -0.0062 -0.9645 0.2641
vn -0.0061 -0.9736 0.2282
vn -0.0193 -0.6118 0.7907
vn -0.0103 -0.6434 0.7655
vn -0.0117 -0.4332 0.9012
vn -0.0674 -0.3943 0.9165
vn 0.0020 -0.9780 0.2084
vn 0.0018 -0.9617 0.2741
vn -0.0182 -0.9571 0.2892
vn -0.0144 -0.9702 0.2420
vn -0.1498 -0.8397 0.5221
vn -0.2679 -0.8401 0.4717
vn -0.4371 -0.6003 0.6698
vn -0.2226 -0.4533 0.8631
vn -0.5658 -0.6538 0.5024
vn -0.3521 -0.8299 0.4327
vn -0.0199 -0.9357 0.3522
vn -1.0000 0.0019 -0.0018
vn -1.0000 0.0026 -0.0012
vn -1.0000 0.0019 -0.0007
vn -1.0000 0.0016 -0.0020
vn -1.0000 0.0025 -0.0014
vn -1.0000 0.0027 -0.0015
vn -1.0000 0.0012 -0.0041
vn -1.0000 0.0015 -0.0013
vn -1.0000 0.0016 -0.0003
vn 0.0019 -0.9375 0.3479
vn 1.0000 -0.0041 0.0004
vn 1.0000 -0.0041 0.0009
vn 1.0000 -0.0040 0.0011
vn 1.0000 -0.0039 0.0014
vn -0.5231 -0.8400 0.1437
vn -0.5427 -0.8268 0.1478
vn -0.5249 -0.7892 0.3187
vn -0.5163 -0.8051 0.2921
vn -1.0000 -0.0029 0.0005
vn -1.0000 -0.0028 0.0010
vn -0.2657 -0.8358 0.4804
vn -0.0191 -0.8668 0.4982
vn -0.6247 -0.6770 0.3891
vn 0.0020 -0.8670 0.4984
vn -0.0184 -0.8668 0.4983
vn -0.3554 -0.8104 0.4658
vn 1.0000 -0.0036 0.0020
vn -0.5162 -0.7426 0.4268
vn -0.5162 -0.7425 0.4268
vn -1.0000 -0.0026 0.0015
vn 0.0028 -0.5031 0.8642
vn 0.0025 -0.4067 0.9136
vn -0.0028 -0.3879 0.9217
vn -0.0056 -0.5003 0.8659
vn -0.0164 0.2426 0.9700
vn -0.0128 0.3397 0.9404
vn -0.1344 0.3726 0.9182
vn -0.2082 0.2285 0.9510
vn -0.0062 -0.2566 0.9665
vn -0.0061 -0.2922 0.9563
vn -0.0055 -0.5029 0.8644
vn -0.0193 0.3760 0.9264
vn -0.0103 0.3382 0.9410
vn -0.0117 0.5611 0.8276
vn -0.0674 0.5939 0.8017
vn 0.0020 -0.3116 0.9502
vn 0.0018 -0.2466 0.9691
vn -0.0182 -0.2313 0.9727
vn -0.0144 -0.2787 0.9603
vn -0.1499 0.0291 0.9883
vn -0.2678 -0.0147 0.9634
vn -0.4370 0.2771 0.8557
vn -0.2226 0.5183 0.8257
vn -0.5661 0.1049 0.8177
vn 0.0019 -0.1691 0.9856
vn -0.0198 -0.1645 0.9862
vn -0.3514 -0.0434 0.9352
vn -1.0000 -0.0005 -0.0026
vn -1.0000 0.0002 -0.0028
vn -1.0000 0.0003 -0.0020
vn -1.0000 -0.0009 -0.0024
vn -1.0000 -0.0029 -0.0031
vn -1.0000 -0.0004 -0.0020
vn -1.0000 0.0005 -0.0015
vn -1.0000 0.0008 -0.0014
vn 1.0000 -0.0017 0.0038
vn 1.0000 -0.0021 0.0036
vn 1.0000 -0.0013 0.0039
vn 1.0000 -0.0010 0.0040
vn 1.0000 -0.0007 0.0041
vn -0.5231 -0.2983 0.7983
vn -0.5427 -0.2880 0.7890
vn -0.5249 -0.1206 0.8426
vn -0.5162 -0.1516 0.8429
vn -0.5317 -0.4260 0.7319
vn -0.5162 -0.4310 0.7401
vn -1.0000 -0.0005 0.0029
vn -1.0000 -0.0010 0.0028
vn -1.0000 -0.0015 0.0026
vn 0.0022 -0.6117 0.7911
vn 0.0025 -0.5937 0.8047
vn -0.0164 -0.9638 0.2662
vn -0.2078 -0.9404 0.2691
vn -0.1344 -0.9825 0.1294
vn -0.0128 -0.9855 0.1690
vn -0.0072 -0.6871 0.7265
vn -0.0040 -0.7345 0.6786
vn -0.0110 -0.9853 0.1705
vn -0.0190 -0.9913 0.1305
vn -0.0674 -0.9904 -0.1206
vn -0.0117 -0.9968 -0.0793
vn 0.0020 -0.6724 0.7402
vn -0.0144 -0.6974 0.7165
vn -0.0182 -0.7317 0.6814
vn 0.0018 -0.7209 0.6930
vn -0.1499 -0.8738 0.4627
vn -0.2226 -0.9740 -0.0429
vn -0.4371 -0.8809 0.1814
vn -0.2679 -0.8305 0.4884
vn -0.5658 -0.7632 0.3120
vn -0.3521 -0.7917 0.4993
vn -0.0199 -0.7754 0.6312
vn -1.0000 0.0025 -0.0008
vn -1.0000 0.0025 -0.0004
vn -1.0000 0.0016 -0.0013
vn -1.0000 0.0023 -0.0016
vn -1.0000 0.0041 0.0010
vn -1.0000 0.0019 -0.0006
vn -1.0000 0.0011 -0.0012
vn 0.0019 -0.7725 0.6350
vn 1.0000 -0.0025 0.0033
vn 1.0000 -0.0028 0.0031
vn 1.0000 -0.0030 0.0029
vn 1.0000 -0.0032 0.0026
vn -0.5249 -0.6727 0.5215
vn -0.5428 -0.5439 0.6400
vn -0.5231 -0.5470 0.6535
vn -0.5163 -0.6576 0.5487
vn -1.0000 -0.0019 0.0023
vn -1.0000 -0.0023 0.0019
vn 0.0000 0.7071 0.7071
vn 0.0000 0.9239 0.3826
vn 0.0000 -0.9239 0.3827
vn 0.0000 -0.7071 0.7071
vn 0.0000 0.7071 -0.7071
vn 0.0000 0.9239 -0.3826
vn 0.0000 -0.7071 -0.7071
vn 0.0000 -0.9239 -0.3827
vn -0.8807 -0.4737 -0.0000
vn -0.8807 -0.4738 -0.0000
vn 0.6030 0.7977 -0.0000
vn 0.9072 -0.4206 -0.0000
vn 0.6881 0.7256 -0.0000
vn -0.0024 -0.7930 -0.6092
vn -0.0012 -0.8626 -0.5058
vn -0.0012 -0.9676 -0.2523
vn -0.0025 -0.9915 -0.1301
vn -0.0011 -0.9680 0.2509
vn -0.0013 -0.8618 0.5072
vn -0.0024 -0.9239 0.3827
vn -0.0024 -0.6092 0.7930
vn -0.0012 -0.5058 0.8626
vn -0.0012 -0.2523 0.9676
vn -0.0025 -0.1301 0.9915
vn -0.0011 0.2509 0.9680
vn -0.0013 0.5072 0.8618
vn -0.0024 0.3828 0.9238
vn -0.0024 0.7930 0.6092
vn -0.0012 0.8626 0.5058
vn -0.0012 0.9676 0.2523
vn -0.0025 0.9915 0.1301
vn -0.0011 0.9680 -0.2509
vn -0.0013 0.8618 -0.5072
vn -0.0024 0.9238 -0.3828
vn -0.0024 0.6092 -0.7930
vn -0.0012 0.5058 -0.8626
vn -0.0012 0.2523 -0.9676
vn -0.0025 0.1301 -0.9915
vn -0.0011 -0.2509 -0.9680
vn -0.0013 -0.5072 -0.8618
vn -0.0024 -0.3827 -0.9239
vn 0.0032 0.9915 0.1299
vn 0.0017 0.9676 0.2525
vn 0.0017 0.8628 0.5056
vn 0.0034 0.7931 0.6091
vn 0.0032 0.1299 -0.9915
vn 0.0017 0.2526 -0.9676
vn 0.0017 0.5056 -0.8628
vn 0.0034 0.6091 -0.7931
vn 0.0032 -0.9915 -0.1300
vn 0.0017 -0.9676 -0.2526
vn 0.0017 -0.8628 -0.5056
vn 0.0034 -0.7931 -0.6091
vn 0.0032 -0.1299 0.9915
vn 0.0017 -0.2526 0.9676
vn 0.0017 -0.5056 0.8628
vn 0.0034 -0.6091 0.7931
vn 0.0014 -0.5073 -0.8618
vn 0.0018 -0.2504 -0.9681
vn 0.0033 -0.3826 -0.9239
vn 0.0014 -0.8618 0.5073
vn 0.0018 -0.9681 0.2504
vn 0.0033 -0.9239 0.3826
vn 0.0014 0.5073 0.8618
vn 0.0018 0.2504 0.9681
vn 0.0033 0.3826 0.9239
vn 0.0014 0.8618 -0.5073
vn 0.0018 0.9681 -0.2504
vn 0.0033 0.9239 -0.3826
vn -0.0010 -1.0000 0.0007
vn -0.0013 -0.7065 -0.7077
vn -0.0013 -0.7077 0.7065
vn -0.0010 0.0007 1.0000
vn -0.0013 0.7065 0.7077
vn -0.0010 1.0000 -0.0007
vn -0.0013 0.7077 -0.7065
vn -0.0010 -0.0007 -1.0000
vn 0.0014 0.7065 0.7077
vn 0.0018 1.0000 -0.0011
vn 0.0014 0.7077 -0.7065
vn 0.0018 -0.0011 -1.0000
vn 0.0014 -0.7065 -0.7077
vn 0.0018 -1.0000 0.0011
vn 0.0014 -0.7077 0.7065
vn 0.0018 0.0011 1.0000
vn -0.3463 -0.8718 0.3465
vn -0.3480 -0.6631 0.6628
vn -0.5773 -0.5774 0.5774
vn -0.6628 -0.6629 0.3481
vn -0.3456 -0.9197 0.1863
vn -0.6924 -0.6924 0.2029
vn 0.0000 -0.9360 0.3519
vn 0.0001 -0.7072 0.7070
vn 0.0000 -0.9850 0.1728
vn 0.3464 -0.8718 0.3465
vn 0.6628 -0.6629 0.3481
vn 0.5773 -0.5774 0.5774
vn 0.3480 -0.6630 0.6628
vn 0.3457 -0.9197 0.1863
vn 0.6924 -0.6924 0.2029
vn -0.3465 0.8716 0.3467
vn -0.6628 0.6629 0.3482
vn -0.5773 0.5774 0.5774
vn -0.3480 0.6630 0.6628
vn 0.0000 0.9360 0.3520
vn 0.0001 0.7070 0.7072
vn -0.3457 0.9196 0.1867
vn -0.6926 0.6922 0.2029
vn 0.0000 0.9849 0.1731
vn 0.3466 0.8716 0.3466
vn 0.3481 0.6630 0.6628
vn 0.5773 0.5774 0.5774
vn 0.6628 0.6629 0.3482
vn 0.3458 0.9196 0.1867
vn 0.6926 0.6922 0.2029
vn -0.3465 -0.3467 0.8717
vn -0.6630 -0.3480 0.6629
vn 0.0000 -0.3521 0.9360
vn -0.3521 -0.0000 0.9360
vn -0.7072 0.0000 0.7070
vn 0.3465 -0.3467 0.8716
vn 0.6630 -0.3480 0.6629
vn 0.3521 -0.0000 0.9360
vn 0.7072 0.0000 0.7070
vn 0.3465 0.3467 0.8716
vn 0.6630 0.3480 0.6629
vn 0.0000 0.3521 0.9360
vn -0.3465 0.3467 0.8717
vn -0.6630 0.3480 0.6629
vn 0.8717 -0.3465 0.3464
vn 0.9197 -0.3457 0.1862
vn 0.9360 -0.0000 0.3519
vn 0.9850 -0.0000 0.1727
vn 0.8717 0.3465 0.3464
vn 0.9197 0.3457 0.1862
vn -0.8717 -0.3465 0.3465
vn -0.9360 -0.0000 0.3520
vn -0.9197 -0.3457 0.1862
vn -0.9850 -0.0000 0.1728
vn -0.8717 0.3465 0.3465
vn -0.9197 0.3457 0.1862
vn -0.3464 -0.8718 0.3465
vn -0.3480 -0.6630 0.6628
vn -0.5772 -0.5774 0.5774
vn -0.6628 -0.6630 0.3481
vn -0.3457 -0.9197 0.1863
vn -0.6924 -0.6924 0.2028
vn -0.0001 -0.9360 0.3519
vn -0.0001 -0.7072 0.7070
vn -0.0001 -0.9850 0.1728
vn 0.3465 -0.8717 0.3465
vn 0.6628 -0.6630 0.3481
vn 0.5773 -0.5773 0.5774
vn 0.3481 -0.6630 0.6627
vn 0.3458 -0.9196 0.1863
vn 0.6923 -0.6925 0.2028
vn -0.5772 0.5774 0.5774
vn -0.3481 0.6630 0.6628
vn -0.0001 0.9360 0.3520
vn -0.0001 0.7070 0.7072
vn -0.6926 0.6923 0.2028
vn -0.0001 0.9849 0.1731
vn 0.3466 0.8716 0.3467
vn 0.3482 0.6629 0.6628
vn 0.5774 0.5773 0.5774
vn 0.3458 0.9195 0.1867
vn 0.6925 0.6923 0.2028
vn -0.3465 -0.3467 0.8716
vn -0.0001 -0.3521 0.9360
vn -0.7072 0.0000 0.7071
vn -0.0001 -0.0000 1.0000
vn 0.3466 -0.3467 0.8716
vn 0.6629 -0.3480 0.6629
vn 0.3522 -0.0000 0.9359
vn 0.7071 0.0000 0.7071
vn 0.3466 0.3467 0.8716
vn 0.6629 0.3480 0.6629
vn -0.0001 0.3521 0.9360
vn -0.3465 0.3467 0.8716
vn 0.8716 -0.3467 0.3466
vn 0.9196 -0.3459 0.1862
vn 0.9359 -0.0000 0.3522
vn 0.8716 0.3467 0.3466
vn 0.9196 0.3459 0.1862
vn -0.8717 -0.3465 0.3464
vn -0.9850 -0.0000 0.1727
vn -0.3463 -0.8718 -0.3465
vn -0.6628 -0.6629 -0.3481
vn -0.5773 -0.5774 -0.5774
vn -0.3480 -0.6631 -0.6628
vn -0.3456 -0.9197 -0.1863
vn -0.6924 -0.6924 -0.2029
vn 0.0000 -0.9360 -0.3519
vn 0.0001 -0.7072 -0.7070
vn 0.0000 -0.9850 -0.1728
vn 0.5773 -0.5774 -0.5774
vn 0.6628 -0.6629 -0.3481
vn 0.3464 -0.8718 -0.3465
vn 0.3480 -0.6630 -0.6628
vn 0.6924 -0.6924 -0.2029
vn 0.3457 -0.9197 -0.1863
vn -0.3465 0.8716 -0.3467
vn -0.3480 0.6630 -0.6628
vn -0.5773 0.5774 -0.5774
vn -0.6628 0.6629 -0.3482
vn 0.0000 0.9360 -0.3520
vn 0.0001 0.7070 -0.7072
vn -0.3457 0.9196 -0.1867
vn -0.6926 0.6922 -0.2029
vn 0.0000 0.9849 -0.1731
vn 0.5773 0.5774 -0.5774
vn 0.3481 0.6630 -0.6628
vn 0.3466 0.8716 -0.3466
vn 0.6628 0.6629 -0.3482
vn 0.3458 0.9196 -0.1867
vn 0.6926 0.6922 -0.2029
vn -0.3465 -0.3467 -0.8717
vn -0.6630 -0.3480 -0.6629
vn 0.0000 -0.3521 -0.9360
vn -0.3521 -0.0000 -0.9360
vn -0.7072 0.0000 -0.7070
vn 0.3465 -0.3467 -0.8716
vn 0.6630 -0.3480 -0.6629
vn 0.3521 -0.0000 -0.9360
vn 0.7072 0.0000 -0.7070
vn 0.3465 0.3467 -0.8716
vn 0.6630 0.3480 -0.6629
vn 0.0000 0.3521 -0.9360
vn -0.3465 0.3467 -0.8717
vn -0.6630 0.3480 -0.6629
vn 0.8717 -0.3465 -0.3464
vn 0.9197 -0.3457 -0.1862
vn 0.9360 -0.0000 -0.3519
vn 0.9850 -0.0000 -0.1727
vn 0.8717 0.3465 -0.3464
vn 0.9197 0.3457 -0.1862
vn -0.8717 -0.3465 -0.3465
vn -0.9360 -0.0000 -0.3520
vn -0.9197 -0.3457 -0.1862
vn -0.9850 -0.0000 -0.1728
vn -0.8717 0.3465 -0.3465
vn -0.9197 0.3457 -0.1862
vn -0.3464 -0.8718 -0.3465
vn -0.6628 -0.6630 -0.3481
vn -0.5772 -0.5774 -0.5774
vn -0.3480 -0.6630 -0.6628
vn -0.3457 -0.9197 -0.1863
vn -0.6924 -0.6924 -0.2028
vn -0.0001 -0.9360 -0.3519
vn -0.0001 -0.7072 -0.7070
vn -0.0001 -0.9850 -0.1728
vn 0.5773 -0.5773 -0.5774
vn 0.6628 -0.6630 -0.3481
vn 0.3465 -0.8717 -0.3465
vn 0.3481 -0.6630 -0.6627
vn 0.6923 -0.6925 -0.2028
vn 0.3458 -0.9196 -0.1863
vn -0.3481 0.6630 -0.6628
vn -0.5772 0.5774 -0.5774
vn -0.0001 0.9360 -0.3520
vn -0.0001 0.7070 -0.7072
vn -0.6926 0.6923 -0.2028
vn -0.0001 0.9849 -0.1731
vn 0.5774 0.5773 -0.5774
vn 0.3482 0.6629 -0.6628
vn 0.3466 0.8716 -0.3467
vn 0.3458 0.9195 -0.1867
vn 0.6925 0.6923 -0.2028
vn -0.3465 -0.3467 -0.8716
vn -0.0001 -0.3521 -0.9360
vn -0.7072 0.0000 -0.7071
vn -0.0001 -0.0000 -1.0000
vn 0.3466 -0.3467 -0.8716
vn 0.6629 -0.3480 -0.6629
vn 0.3522 -0.0000 -0.9359
vn 0.7071 0.0000 -0.7071
vn 0.3466 0.3467 -0.8716
vn 0.6629 0.3480 -0.6629
vn -0.0001 0.3521 -0.9360
vn -0.3465 0.3467 -0.8716
vn 0.8716 -0.3467 -0.3466
vn 0.9196 -0.3459 -0.1862
vn 0.9359 -0.0000 -0.3522
vn 0.8716 0.3467 -0.3466
vn 0.9196 0.3459 -0.1862
vn -0.8717 -0.3465 -0.3464
vn -0.9850 -0.0000 -0.1727
vn -0.8717 0.3465 -0.3464
vn 0.0000 0.0015 1.0000
vn -0.0001 0.0006 1.0000
vn 0.0000 -0.3686 0.9296
vn 0.8453 -0.5342 -0.0000
vn 0.9541 -0.2995 -0.0000
vn 0.0000 -0.3451 0.9386
vn 0.0000 -1.0000 -0.0004
vn 0.9608 0.2773 -0.0000
vn 0.2131 0.9770 -0.0000
vn -0.9311 0.3647 -0.0000
vn 0.9311 0.3647 -0.0000
vn 0.4846 0.8748 -0.0000
vn 0.2676 0.9635 -0.0000
vn -0.9607 0.2774 -0.0000
vn -0.5289 0.8487 -0.0000
vn -0.7802 0.6255 -0.0000
vn 0.7802 0.6255 -0.0000
vn -0.4846 0.8748 -0.0000
vn -0.6510 0.7591 -0.0000
vn 0.6510 0.7591 -0.0000
vn -0.2675 0.9635 -0.0000
vn -0.2131 0.9770 -0.0000
vn 0.0000 -0.0001 1.0000
vn 0.0000 0.0015 -1.0000
vn -0.0001 0.0006 -1.0000
vn 0.0000 -0.3686 -0.9296
vn 0.0000 -0.3451 -0.9386
vn 0.0000 -1.0000 0.0004
vn 0.0000 -0.0001 -1.0000
vn -0.1844 0.8528 -0.4886
vn -0.1844 0.8530 -0.4883
vn -0.1844 0.9485 -0.2575
vn -0.1844 0.9486 -0.2573
vn -0.1844 0.2579 -0.9484
vn -0.1844 0.2583 -0.9483
vn -0.1844 0.4882 -0.8530
vn -0.1844 0.4885 -0.8529
vn -0.1844 -0.9484 -0.2579
vn -0.1844 -0.9483 -0.2582
vn -0.1844 -0.8532 -0.4879
vn -0.1844 -0.8530 -0.4882
vn -0.1844 -0.2572 0.9486
vn -0.1844 -0.2574 0.9485
vn -0.1844 -0.4885 0.8528
vn -0.1844 -0.4887 0.8527
vn -0.1844 0.9486 0.2572
vn -0.1844 0.9485 0.2574
vn -0.1844 0.8527 0.4888
vn -0.1844 0.8526 0.4890
vn -0.1844 -0.8528 0.4886
vn -0.1844 -0.8529 0.4884
vn -0.1844 -0.9484 0.2581
vn -0.1844 -0.9484 0.2578
vn -0.1844 -0.4882 -0.8530
vn -0.1844 -0.4878 -0.8532
vn -0.1844 -0.2584 -0.9483
vn -0.1844 -0.2580 -0.9484
vn -0.1844 0.4890 0.8526
vn -0.1844 0.4889 0.8526
vn -0.1844 0.2573 0.9486
vn -0.1844 0.2571 0.9486
vn -0.0024 -0.9919 0.1273
vn -0.0012 -0.9648 0.2631
vn -0.0012 -0.8681 0.4964
vn -0.0024 -0.7915 0.6112
vn -0.0012 -0.4979 0.8673
vn -0.0012 -0.2608 0.9654
vn -0.0025 -0.3826 0.9239
vn -0.0024 0.1275 0.9918
vn -0.0012 0.2622 0.9650
vn -0.0012 0.4970 0.8677
vn -0.0024 0.6111 0.7915
vn -0.0012 0.8670 0.4983
vn -0.0012 0.9654 0.2609
vn -0.0025 0.9239 0.3827
vn -0.0024 0.9918 -0.1275
vn -0.0012 0.9649 -0.2626
vn -0.0012 0.8681 -0.4963
vn -0.0024 0.7914 -0.6113
vn -0.0013 0.4975 -0.8674
vn -0.0012 0.2620 -0.9651
vn -0.0025 0.3828 -0.9238
vn -0.0024 -0.1272 -0.9919
vn -0.0011 -0.2636 -0.9646
vn -0.0011 -0.4957 -0.8685
vn -0.0024 -0.6114 -0.7913
vn -0.0013 -0.8677 -0.4970
vn -0.0012 -0.9651 -0.2619
vn -0.0025 -0.9239 -0.3826
vn -0.1849 0.9828 -0.0001
vn -0.1849 0.6948 -0.6950
vn -0.1849 -0.0001 -0.9828
vn -0.1849 -0.6948 -0.6950
vn -0.1849 -0.6949 -0.6949
vn -0.1849 -0.9828 -0.0001
vn -0.1849 -0.6950 0.6948
vn -0.1849 -0.0001 0.9828
vn -0.1849 0.6950 0.6949
vn -0.1849 0.6949 0.6949
vn -0.0012 -0.7067 0.7075
vn -0.0012 -1.0000 -0.0010
vn -0.0012 -0.0009 1.0000
vn -0.0012 0.7077 0.7065
vn -0.0012 1.0000 0.0006
vn -0.0013 0.7064 -0.7078
vn -0.0012 0.0006 -1.0000
vn -0.0013 -0.7076 -0.7066
vn -0.0128 -0.9999 -0.0000
vn -0.0084 1.0000 -0.0000
vn -0.5836 0.8120 -0.0000
vn -0.6670 0.7451 -0.0000
vn -0.2042 -0.9789 -0.0000
vn -0.4232 -0.9060 -0.0000
vn -0.3332 0.9429 -0.0000
vn -0.1528 0.9883 -0.0000
vn -0.1128 0.9936 -0.0000
vn -0.2400 0.9708 -0.0000
vn -0.1284 -0.9917 -0.0000
vn -0.2537 -0.9673 -0.0000
vn -0.7621 -0.6475 -0.0000
vn -0.6269 -0.7791 -0.0000
vn -0.4022 0.9155 -0.0000
vn -0.0391 0.9992 -0.0000
vn -0.4093 -0.9124 -0.0000
vn -0.0510 -0.9987 -0.0000
vn -0.6718 -0.7407 -0.0000
vn -0.1429 -0.9897 -0.0000
vn -0.0413 -0.9991 -0.0000
vn -0.0826 -0.9966 -0.0000
vn -0.1084 0.9941 -0.0000
vn -0.0534 0.9986 -0.0000
vn -0.0267 0.9996 -0.0000
vn -0.5666 0.8240 -0.0000
vn -1.0000 0.0003 -0.0001
vn -1.0000 0.0009 -0.0006
vn -1.0000 0.0007 -0.0004
vn -1.0000 0.0003 -0.0009
vn -1.0000 0.0002 -0.0001
vn -0.0266 0.9996 0.0001
vn -1.0000 0.0005 0.0003
vn -1.0000 0.0000 0.0040
vn -0.0085 1.0000 0.0000
vn -0.0084 1.0000 0.0000
vn -0.6670 0.7451 0.0027
vn -0.5834 0.8121 0.0023
vn -0.5838 0.8119 0.0024
vn -0.1529 0.9882 0.0006
vn -0.3335 0.9427 0.0013
vn -0.3329 0.9430 0.0013
vn -0.1527 0.9883 0.0006
vn -0.2398 0.9708 0.0010
vn -0.1126 0.9936 0.0005
vn -0.1129 0.9936 0.0005
vn -0.2402 0.9707 0.0010
vn -0.4020 0.9156 0.0016
vn -0.4024 0.9154 0.0016
vn -0.0392 0.9992 0.0002
vn -0.0391 0.9992 0.0002
vn -0.0535 0.9986 0.0002
vn -0.1084 0.9941 0.0004
vn -0.5664 0.8241 0.0023
vn -0.5668 0.8238 0.0023
vn -1.0000 0.0025 -0.0034
vn 0.0000 -0.3519 0.9360
vn 0.0000 -0.3520 0.9360
vn 0.0000 -0.2005 0.9797
vn 0.0000 -0.1789 0.9839
vn 0.0000 0.0001 1.0000
vn 0.0000 -0.3187 0.9479
vn -0.0941 -0.9956 -0.0000
vn 0.9705 -0.2413 -0.0000
vn 1.0000 -0.0040 -0.0000
vn 0.3884 -0.9215 -0.0000
vn 0.5023 -0.8647 -0.0000
vn 0.8184 -0.5746 -0.0000
vn 0.7699 -0.6381 -0.0000
vn 0.8621 0.5067 -0.0000
vn 0.8352 -0.5499 -0.0000
vn 0.8904 0.4552 -0.0000
vn 0.5334 -0.8458 -0.0000
vn 0.9753 -0.2209 -0.0000
vn 0.6565 -0.7543 -0.0000
vn 0.7865 -0.6176 -0.0000
vn -0.1538 0.9881 -0.0000
vn -0.5039 0.8638 -0.0000
vn -0.1807 0.9835 -0.0000
vn -0.5840 0.8117 -0.0000
vn -0.5330 0.8461 -0.0000
vn -0.0001 0.0000 1.0000
vn -0.3723 0.9281 -0.0000
vn -0.8469 0.5317 -0.0000
vn -0.8923 0.4514 -0.0000
vn -0.9967 -0.0814 -0.0000
vn 0.9670 0.2547 -0.0000
vn 0.9803 0.1975 -0.0000
vn -0.9066 0.4220 -0.0000
vn -0.7506 0.6608 -0.0000
vn -0.4670 0.8843 -0.0000
vn -0.4218 0.9067 -0.0000
vn 0.8833 -0.4689 -0.0000
vn 0.1862 -0.9825 -0.0000
vn 0.5596 -0.8288 -0.0000
vn 0.9853 -0.1709 -0.0000
vn -0.8978 -0.4404 -0.0000
vn -0.4768 -0.8790 -0.0000
vn -0.0000 -0.3511 0.9363
vn 0.0000 -0.3523 0.9359
vn -0.0000 -0.3520 0.9360
vn -0.0000 -0.3513 0.9363
vn 0.0000 -0.3531 0.9356
vn 0.0000 -0.3522 0.9359
vn 0.0000 -0.3510 0.9364
vn 0.0000 -0.3519 -0.9360
vn 0.0000 -0.1789 -0.9839
vn 0.0000 -0.2005 -0.9797
vn 0.0000 -0.3520 -0.9360
vn 0.0000 0.0001 -1.0000
vn 0.0000 -0.3187 -0.9479
vn -0.0001 0.0000 -1.0000
vn -0.0000 -0.3520 -0.9360
vn 0.0000 -0.3523 -0.9359
vn -0.0000 -0.3511 -0.9363
vn -0.0000 -0.3513 -0.9363
vn 0.0000 -0.3531 -0.9356
vn 0.0000 -0.3510 -0.9364
vn 0.0000 -0.3522 -0.9359
# 2430 vertex normals

vt 0.4754 0.1677 0.0000
vt 0.4706 0.1598 0.0000
vt 0.4704 0.1566 0.0000
vt 0.4723 0.1527 0.0000
vt 0.4773 0.1484 0.0000
vt 0.4850 0.1442 0.0000
vt 0.4940 0.1407 0.0000
vt 0.5125 0.1657 0.0000
vt 0.5621 0.1372 0.0000
vt 0.5668 0.1630 0.0000
vt 0.4913 0.2437 0.0000
vt 0.4628 0.2329 0.0000
vt 0.4632 0.2311 0.0000
vt 0.4241 0.3160 0.0000
vt 0.4338 0.3309 0.0000
vt 0.4247 0.3353 0.0000
vt 0.4164 0.3182 0.0000
vt 0.4425 0.3618 0.0000
vt 0.4321 0.3463 0.0000
vt 0.4484 0.3523 0.0000
vt 0.5092 0.3774 0.0000
vt 0.5166 0.3788 0.0000
vt 0.5148 0.3902 0.0000
vt 0.5060 0.3874 0.0000
vt 0.5017 0.2038 0.0000
vt 0.4709 0.1938 0.0000
vt 0.4710 0.1916 0.0000
vt 0.4335 0.2702 0.0000
vt 0.4667 0.2837 0.0000
vt 0.4516 0.2918 0.0000
vt 0.4289 0.2784 0.0000
vt 0.4991 0.2939 0.0000
vt 0.4808 0.3084 0.0000
vt 0.5463 0.3106 0.0000
vt 0.5545 0.3168 0.0000
vt 0.5445 0.3297 0.0000
vt 0.5349 0.3270 0.0000
vt 0.4527 0.2622 0.0000
vt 0.4793 0.2657 0.0000
vt 0.4346 0.2695 0.0000
vt 0.5119 0.2758 0.0000
vt 0.5607 0.2904 0.0000
vt 0.5686 0.2956 0.0000
vt 0.4981 0.2234 0.0000
vt 0.4707 0.2238 0.0000
vt 0.4744 0.2184 0.0000
vt 0.5312 0.2372 0.0000
vt 0.5224 0.2557 0.0000
vt 0.5768 0.2529 0.0000
vt 0.5860 0.2570 0.0000
vt 0.5792 0.2745 0.0000
vt 0.5694 0.2713 0.0000
vt 0.4759 0.1811 0.0000
vt 0.5037 0.1769 0.0000
vt 0.4715 0.1900 0.0000
vt 0.5862 0.2229 0.0000
vt 0.5906 0.1932 0.0000
vt 0.5984 0.2050 0.0000
vt 0.5957 0.2240 0.0000
vt 0.4209 0.1422 0.0000
vt 0.4182 0.1514 0.0000
vt 0.3597 0.1512 0.0000
vt 0.3570 0.1420 0.0000
vt 0.9914 0.7040 0.0000
vt 0.9914 0.7222 0.0000
vt 0.9382 0.7221 0.0000
vt 0.9382 0.7039 0.0000
vt 0.6943 0.8454 0.0000
vt 0.7038 0.8599 0.0000
vt 0.6513 0.8603 0.0000
vt 0.6605 0.8456 0.0000
vt 0.7044 0.8759 0.0000
vt 0.6509 0.8762 0.0000
vt 0.4097 0.2345 0.0000
vt 0.4096 0.2412 0.0000
vt 0.3676 0.2411 0.0000
vt 0.3677 0.2344 0.0000
vt 0.9883 0.4938 0.0000
vt 0.9893 0.4953 0.0000
vt 0.9409 0.4952 0.0000
vt 0.9419 0.4937 0.0000
vt 0.9915 0.6503 0.0000
vt 0.9915 0.6654 0.0000
vt 0.9383 0.6653 0.0000
vt 0.9383 0.6503 0.0000
vt 0.4098 0.1954 0.0000
vt 0.4098 0.2054 0.0000
vt 0.3678 0.2052 0.0000
vt 0.3678 0.1953 0.0000
vt 0.6306 0.5965 0.0000
vt 0.6360 0.6005 0.0000
vt 0.5720 0.6003 0.0000
vt 0.5774 0.5963 0.0000
vt 0.4094 0.3092 0.0000
vt 0.4094 0.3186 0.0000
vt 0.3674 0.3185 0.0000
vt 0.3674 0.3090 0.0000
vt 0.4095 0.2885 0.0000
vt 0.4094 0.3079 0.0000
vt 0.3674 0.3077 0.0000
vt 0.3675 0.2884 0.0000
vt 0.4096 0.2518 0.0000
vt 0.4096 0.2538 0.0000
vt 0.3676 0.2536 0.0000
vt 0.3676 0.2517 0.0000
vt 0.4098 0.2071 0.0000
vt 0.4098 0.2092 0.0000
vt 0.3677 0.2091 0.0000
vt 0.3678 0.2069 0.0000
vt 0.4099 0.1693 0.0000
vt 0.4099 0.1725 0.0000
vt 0.3679 0.1723 0.0000
vt 0.3679 0.1691 0.0000
vt 0.4768 0.1739 0.0000
vt 0.5903 0.1758 0.0000
vt 0.5995 0.1773 0.0000
vt 0.5996 0.1868 0.0000
vt 0.9914 0.7317 0.0000
vt 0.9913 0.7449 0.0000
vt 0.9381 0.7448 0.0000
vt 0.9382 0.7316 0.0000
vt 0.4098 0.1817 0.0000
vt 0.4098 0.1881 0.0000
vt 0.3678 0.1880 0.0000
vt 0.3678 0.1816 0.0000
vt 0.7058 0.9151 0.0000
vt 0.7059 0.9383 0.0000
vt 0.6502 0.9387 0.0000
vt 0.6500 0.9155 0.0000
vt 0.4380 0.3658 0.0000
vt 0.4547 0.3784 0.0000
vt 0.4504 0.3821 0.0000
vt 0.4336 0.3699 0.0000
vt 0.5243 0.3429 0.0000
vt 0.4676 0.3237 0.0000
vt 0.4093 0.3346 0.0000
vt 0.4092 0.3442 0.0000
vt 0.3674 0.3440 0.0000
vt 0.3673 0.3345 0.0000
vt 0.9916 0.5497 0.0000
vt 0.9916 0.5660 0.0000
vt 0.9384 0.5659 0.0000
vt 0.9384 0.5496 0.0000
vt 0.4287 0.2802 0.0000
vt 0.4094 0.3204 0.0000
vt 0.3674 0.3203 0.0000
vt 0.9916 0.5823 0.0000
vt 0.9384 0.5822 0.0000
vt 0.5955 0.1607 0.0000
vt 0.7044 0.8947 0.0000
vt 0.6511 0.8951 0.0000
vt 0.4212 0.0740 0.0000
vt 0.3572 0.0738 0.0000
vt 0.5169 0.3560 0.0000
vt 0.4600 0.3342 0.0000
vt 0.4146 0.3183 0.0000
vt 0.4210 0.3377 0.0000
vt 0.4284 0.3503 0.0000
vt 0.5072 0.3909 0.0000
vt 0.5145 0.3932 0.0000
vt 0.9914 0.4995 0.0000
vt 0.9915 0.5095 0.0000
vt 0.9387 0.5094 0.0000
vt 0.9388 0.4994 0.0000
vt 0.4089 0.3652 0.0000
vt 0.4080 0.3667 0.0000
vt 0.3685 0.3666 0.0000
vt 0.3676 0.3650 0.0000
vt 0.4642 0.2296 0.0000
vt 0.4096 0.2500 0.0000
vt 0.3676 0.2499 0.0000
vt 0.9915 0.6315 0.0000
vt 0.9383 0.6314 0.0000
vt 0.5566 0.1841 0.0000
vt 0.4766 0.3860 0.0000
vt 0.4719 0.3912 0.0000
vt 0.7061 0.9704 0.0000
vt 0.6504 0.9707 0.0000
vt 0.4154 0.1599 0.0000
vt 0.4126 0.1658 0.0000
vt 0.3651 0.1657 0.0000
vt 0.3624 0.1597 0.0000
vt 0.4602 0.2575 0.0000
vt 0.4631 0.2516 0.0000
vt 0.9915 0.6077 0.0000
vt 0.9383 0.6077 0.0000
vt 0.4095 0.2727 0.0000
vt 0.4095 0.2795 0.0000
vt 0.3675 0.2793 0.0000
vt 0.3675 0.2725 0.0000
vt 0.4491 0.3178 0.0000
vt 0.4431 0.3270 0.0000
vt 0.4275 0.3102 0.0000
vt 0.4291 0.3041 0.0000
vt 0.4541 0.3428 0.0000
vt 0.4091 0.3504 0.0000
vt 0.4090 0.3572 0.0000
vt 0.3675 0.3571 0.0000
vt 0.3675 0.3503 0.0000
vt 0.5124 0.3669 0.0000
vt 0.9915 0.5225 0.0000
vt 0.9916 0.5332 0.0000
vt 0.9385 0.5331 0.0000
vt 0.9386 0.5225 0.0000
vt 0.4754 0.2137 0.0000
vt 0.4744 0.2073 0.0000
vt 0.5355 0.2270 0.0000
vt 0.5810 0.2396 0.0000
vt 0.5906 0.2427 0.0000
vt 0.9914 0.6848 0.0000
vt 0.9382 0.6847 0.0000
vt 0.5414 0.2135 0.0000
vt 0.4097 0.2232 0.0000
vt 0.3677 0.2231 0.0000
vt 0.4097 0.2297 0.0000
vt 0.3677 0.2296 0.0000
vt 0.4795 0.3806 0.0000
vt 0.5973 0.1643 0.0000
vt 0.7062 0.9765 0.0000
vt 0.7015 0.9793 0.0000
vt 0.6551 0.9796 0.0000
vt 0.6504 0.9768 0.0000
vt 0.6358 0.6412 0.0000
vt 0.5719 0.6410 0.0000
vt 0.5099 0.3956 0.0000
vt 0.5038 0.3958 0.0000
vt 0.5259 0.3569 0.0000
vt 0.5351 0.3431 0.0000
vt 0.9899 0.4968 0.0000
vt 0.9403 0.4967 0.0000
vt 0.4107 0.3233 0.0000
vt 0.4125 0.3204 0.0000
vt 0.4173 0.3393 0.0000
vt 0.5136 0.3959 0.0000
vt 0.5125 0.3975 0.0000
vt 0.4063 0.3692 0.0000
vt 0.4051 0.3724 0.0000
vt 0.3713 0.3723 0.0000
vt 0.3701 0.3691 0.0000
vt 0.4134 0.3189 0.0000
vt 0.4228 0.3543 0.0000
vt 0.5142 0.3944 0.0000
vt 0.4070 0.3676 0.0000
vt 0.3694 0.3675 0.0000
vt 0.9907 0.4982 0.0000
vt 0.9396 0.4981 0.0000
vt 0.4584 0.3742 0.0000
vt 0.5211 0.3664 0.0000
vt 0.4521 0.3083 0.0000
vt 0.4294 0.2945 0.0000
vt 0.9057 0.1223 0.0000
vt 0.9086 0.1282 0.0000
vt 0.9088 0.1326 0.0000
vt 0.9074 0.1354 0.0000
vt 0.8999 0.1408 0.0000
vt 0.8665 0.1243 0.0000
vt 0.8934 0.1087 0.0000
vt 0.9003 0.1154 0.0000
vt 0.8322 0.0786 0.0000
vt 0.8176 0.1005 0.0000
vt 0.8553 0.2044 0.0000
vt 0.8861 0.2038 0.0000
vt 0.8857 0.2057 0.0000
vt 0.8886 0.2973 0.0000
vt 0.8948 0.3023 0.0000
vt 0.8805 0.3148 0.0000
vt 0.8738 0.3071 0.0000
vt 0.8536 0.3321 0.0000
vt 0.8520 0.3210 0.0000
vt 0.8693 0.3220 0.0000
vt 0.7862 0.3202 0.0000
vt 0.7852 0.3307 0.0000
vt 0.7757 0.3313 0.0000
vt 0.7789 0.3186 0.0000
vt 0.8614 0.1636 0.0000
vt 0.8945 0.1645 0.0000
vt 0.8937 0.1665 0.0000
vt 0.8728 0.2642 0.0000
vt 0.8622 0.2508 0.0000
vt 0.8980 0.2515 0.0000
vt 0.8990 0.2609 0.0000
vt 0.8395 0.2680 0.0000
vt 0.8283 0.2475 0.0000
vt 0.7725 0.2625 0.0000
vt 0.7684 0.2467 0.0000
vt 0.7784 0.2442 0.0000
vt 0.7824 0.2638 0.0000
vt 0.8577 0.2294 0.0000
vt 0.8835 0.2366 0.0000
vt 0.8973 0.2504 0.0000
vt 0.8237 0.2258 0.0000
vt 0.7638 0.2217 0.0000
vt 0.7731 0.2200 0.0000
vt 0.8570 0.1830 0.0000
vt 0.8808 0.1877 0.0000
vt 0.8820 0.1942 0.0000
vt 0.8212 0.1826 0.0000
vt 0.8220 0.2031 0.0000
vt 0.7623 0.1980 0.0000
vt 0.7630 0.1793 0.0000
vt 0.7731 0.1792 0.0000
vt 0.7726 0.1990 0.0000
vt 0.8702 0.1381 0.0000
vt 0.8941 0.1529 0.0000
vt 0.8946 0.1628 0.0000
vt 0.7763 0.1479 0.0000
vt 0.7671 0.1451 0.0000
vt 0.7721 0.1266 0.0000
vt 0.7839 0.1189 0.0000
vt 0.8961 0.1459 0.0000
vt 0.7782 0.1094 0.0000
vt 0.7820 0.1007 0.0000
vt 0.7910 0.1030 0.0000
vt 0.8562 0.3376 0.0000
vt 0.8586 0.3431 0.0000
vt 0.8384 0.3477 0.0000
vt 0.8359 0.3425 0.0000
vt 0.7859 0.2825 0.0000
vt 0.8456 0.2872 0.0000
vt 0.8985 0.2626 0.0000
vt 0.7922 0.0870 0.0000
vt 0.8484 0.2998 0.0000
vt 0.7875 0.2976 0.0000
vt 0.8964 0.3031 0.0000
vt 0.8829 0.3184 0.0000
vt 0.8711 0.3271 0.0000
vt 0.7827 0.3334 0.0000
vt 0.7752 0.3327 0.0000
vt 0.8858 0.2021 0.0000
vt 0.8188 0.1239 0.0000
vt 0.8151 0.3476 0.0000
vt 0.8128 0.3409 0.0000
vt 0.8781 0.2228 0.0000
vt 0.8784 0.2292 0.0000
vt 0.8649 0.2891 0.0000
vt 0.8887 0.2844 0.0000
vt 0.8877 0.2906 0.0000
vt 0.8668 0.2999 0.0000
vt 0.8504 0.3101 0.0000
vt 0.7874 0.3093 0.0000
vt 0.8852 0.1776 0.0000
vt 0.8817 0.1831 0.0000
vt 0.8212 0.1716 0.0000
vt 0.7644 0.1643 0.0000
vt 0.7745 0.1653 0.0000
vt 0.8212 0.1569 0.0000
vt 0.8123 0.3348 0.0000
vt 0.7891 0.0896 0.0000
vt 0.7785 0.3367 0.0000
vt 0.7840 0.3393 0.0000
vt 0.7789 0.2948 0.0000
vt 0.7759 0.2785 0.0000
vt 0.8980 0.3092 0.0000
vt 0.8857 0.3214 0.0000
vt 0.8975 0.3059 0.0000
vt 0.7754 0.3375 0.0000
vt 0.7749 0.3367 0.0000
vt 0.8973 0.3041 0.0000
vt 0.8748 0.3330 0.0000
vt 0.7749 0.3339 0.0000
vt 0.8342 0.3373 0.0000
vt 0.7796 0.3055 0.0000
vt 0.8659 0.2792 0.0000
vt 0.8922 0.2755 0.0000
vt 0.0329 0.7088 0.0000
vt 0.0249 0.6951 0.0000
vt 0.0620 0.6937 0.0000
vt 0.0627 0.7077 0.0000
vt 0.5768 0.4449 0.0000
vt 0.5998 0.4596 0.0000
vt 0.5916 0.4600 0.0000
vt 0.6675 0.2522 0.0000
vt 0.6602 0.2268 0.0000
vt 0.6763 0.2311 0.0000
vt 0.6692 0.0906 0.0000
vt 0.6702 0.1036 0.0000
vt 0.6389 0.0961 0.0000
vt 0.0780 0.7044 0.0000
vt 0.0704 0.7064 0.0000
vt 0.0696 0.6921 0.0000
vt 0.0771 0.6905 0.0000
vt 0.1015 0.6930 0.0000
vt 0.0983 0.6933 0.0000
vt 0.0961 0.6818 0.0000
vt 0.1008 0.6809 0.0000
vt 0.1185 0.7025 0.0000
vt 0.1220 0.6924 0.0000
vt 0.1287 0.7022 0.0000
vt 0.1246 0.7124 0.0000
vt 0.7039 0.8021 0.0000
vt 0.6550 0.8023 0.0000
vt 0.6550 0.7991 0.0000
vt 0.7039 0.7989 0.0000
vt 0.8162 0.8469 0.0000
vt 0.8651 0.8468 0.0000
vt 0.8651 0.8930 0.0000
vt 0.8162 0.8931 0.0000
vt 0.6978 0.8201 0.0000
vt 0.6612 0.8202 0.0000
vt 0.6550 0.8056 0.0000
vt 0.7039 0.8055 0.0000
vt 0.1763 0.5722 0.0000
vt 0.1830 0.5644 0.0000
vt 0.1832 0.5672 0.0000
vt 0.1108 0.6810 0.0000
vt 0.1101 0.6825 0.0000
vt 0.1056 0.6812 0.0000
vt 0.1059 0.6797 0.0000
vt 0.9895 0.9104 0.0000
vt 0.9529 0.9103 0.0000
vt 0.9546 0.8987 0.0000
vt 0.9879 0.8988 0.0000
vt 0.7360 0.1806 0.0000
vt 0.7246 0.1874 0.0000
vt 0.7034 0.1704 0.0000
vt 0.4569 0.4503 0.0000
vt 0.4628 0.4604 0.0000
vt 0.4457 0.4400 0.0000
vt 0.6960 0.1438 0.0000
vt 0.7166 0.1555 0.0000
vt 0.8163 0.9121 0.0000
vt 0.8652 0.9120 0.0000
vt 0.8652 0.9252 0.0000
vt 0.8163 0.9253 0.0000
vt 0.7108 0.2004 0.0000
vt 0.6801 0.1979 0.0000
vt 0.4601 0.5205 0.0000
vt 0.4530 0.5306 0.0000
vt 0.4843 0.1302 0.0000
vt 0.4840 0.1215 0.0000
vt 0.5216 0.1288 0.0000
vt 0.2122 0.7049 0.0000
vt 0.1818 0.7104 0.0000
vt 0.1816 0.7008 0.0000
vt 0.2120 0.6959 0.0000
vt 0.6590 0.1504 0.0000
vt 0.6357 0.1251 0.0000
vt 0.6304 0.5075 0.0000
vt 0.6374 0.5038 0.0000
vt 0.6402 0.5128 0.0000
vt 0.6335 0.5160 0.0000
vt 0.7493 0.1632 0.0000
vt 0.8652 0.9472 0.0000
vt 0.8163 0.9473 0.0000
vt 0.4920 0.1042 0.0000
vt 0.4918 0.1009 0.0000
vt 0.5279 0.0921 0.0000
vt 0.5355 0.0901 0.0000
vt 0.5819 0.0981 0.0000
vt 0.5589 0.0788 0.0000
vt 0.5630 0.0786 0.0000
vt 0.6725 0.1123 0.0000
vt 0.7039 0.7882 0.0000
vt 0.6550 0.7883 0.0000
vt 0.6549 0.7847 0.0000
vt 0.7038 0.7845 0.0000
vt 0.4867 0.1179 0.0000
vt 0.6764 0.1212 0.0000
vt 0.8698 0.3747 0.0000
vt 0.8698 0.3375 0.0000
vt 0.9064 0.3375 0.0000
vt 0.9064 0.3746 0.0000
vt 0.4986 0.7868 0.0000
vt 0.4987 0.8245 0.0000
vt 0.4499 0.8246 0.0000
vt 0.4498 0.7868 0.0000
vt 0.6549 0.7760 0.0000
vt 0.6549 0.7674 0.0000
vt 0.7038 0.7672 0.0000
vt 0.7038 0.7759 0.0000
vt 0.4989 0.9385 0.0000
vt 0.4501 0.9386 0.0000
vt 0.9529 0.9632 0.0000
vt 0.9894 0.9633 0.0000
vt 0.6352 0.2522 0.0000
vt 0.6352 0.2267 0.0000
vt 0.6366 0.5387 0.0000
vt 0.6364 0.5265 0.0000
vt 0.6400 0.5244 0.0000
vt 0.6478 0.2192 0.0000
vt 0.1933 0.5518 0.0000
vt 0.2085 0.5512 0.0000
vt 0.2074 0.5580 0.0000
vt 0.9867 0.8660 0.0000
vt 0.9559 0.8659 0.0000
vt 0.9574 0.8520 0.0000
vt 0.9853 0.8520 0.0000
vt 0.2193 0.5333 0.0000
vt 0.2113 0.5447 0.0000
vt 0.2028 0.5386 0.0000
vt 0.2132 0.5264 0.0000
vt 0.8743 0.4571 0.0000
vt 0.8729 0.4411 0.0000
vt 0.9036 0.4411 0.0000
vt 0.9022 0.4571 0.0000
vt 0.9846 0.8378 0.0000
vt 0.9582 0.8378 0.0000
vt 0.9582 0.8235 0.0000
vt 0.9846 0.8235 0.0000
vt 0.2387 0.5088 0.0000
vt 0.2425 0.5172 0.0000
vt 0.2298 0.5237 0.0000
vt 0.2248 0.5157 0.0000
vt 0.8751 0.4885 0.0000
vt 0.8751 0.4730 0.0000
vt 0.9015 0.4729 0.0000
vt 0.9015 0.4885 0.0000
vt 0.9846 0.8109 0.0000
vt 0.9582 0.8109 0.0000
vt 0.9582 0.7942 0.0000
vt 0.9846 0.7943 0.0000
vt 0.2712 0.5035 0.0000
vt 0.2712 0.5128 0.0000
vt 0.2546 0.5139 0.0000
vt 0.2532 0.5046 0.0000
vt 0.9847 0.7775 0.0000
vt 0.9583 0.7775 0.0000
vt 0.9583 0.7477 0.0000
vt 0.9847 0.7477 0.0000
vt 0.3203 0.5163 0.0000
vt 0.3158 0.5245 0.0000
vt 0.2877 0.5147 0.0000
vt 0.2891 0.5054 0.0000
vt 0.8752 0.5728 0.0000
vt 0.8752 0.5398 0.0000
vt 0.9016 0.5397 0.0000
vt 0.9016 0.5728 0.0000
vt 0.6668 0.1766 0.0000
vt 0.6659 0.1851 0.0000
vt 0.4709 0.4905 0.0000
vt 0.4703 0.4980 0.0000
vt 0.6072 0.4824 0.0000
vt 0.6026 0.4753 0.0000
vt 0.6111 0.4717 0.0000
vt 0.6156 0.4779 0.0000
vt 0.6664 0.1700 0.0000
vt 0.9528 0.9938 0.0000
vt 0.9894 0.9939 0.0000
vt 0.1233 0.6913 0.0000
vt 0.6833 0.1321 0.0000
vt 0.9015 0.5036 0.0000
vt 0.8751 0.5036 0.0000
vt 0.8752 0.5217 0.0000
vt 0.9016 0.5216 0.0000
vt 0.0944 0.6948 0.0000
vt 0.0867 0.7002 0.0000
vt 0.0847 0.6872 0.0000
vt 0.0921 0.6832 0.0000
vt 0.5441 0.0859 0.0000
vt 0.5518 0.0806 0.0000
vt 0.5202 0.0934 0.0000
vt 0.9064 0.3824 0.0000
vt 0.8698 0.3825 0.0000
vt 0.9064 0.3903 0.0000
vt 0.8699 0.3903 0.0000
vt 0.9065 0.3985 0.0000
vt 0.8699 0.3986 0.0000
vt 0.9865 0.8731 0.0000
vt 0.9562 0.8730 0.0000
vt 0.9546 0.8847 0.0000
vt 0.9880 0.8848 0.0000
vt 0.9879 0.8916 0.0000
vt 0.9546 0.8916 0.0000
vt 0.2066 0.5693 0.0000
vt 0.2080 0.5629 0.0000
vt 0.2111 0.5694 0.0000
vt 0.2106 0.5726 0.0000
vt 0.8715 0.4248 0.0000
vt 0.9049 0.4248 0.0000
vt 0.1123 0.6958 0.0000
vt 0.1142 0.6856 0.0000
vt 0.1182 0.6889 0.0000
vt 0.1154 0.6987 0.0000
vt 0.1057 0.6929 0.0000
vt 0.1085 0.6936 0.0000
vt 0.1873 0.5653 0.0000
vt 0.1007 0.6793 0.0000
vt 0.1151 0.6842 0.0000
vt 0.1192 0.6876 0.0000
vt 0.0916 0.6821 0.0000
vt 0.0958 0.6803 0.0000
vt 0.9551 0.8798 0.0000
vt 0.9874 0.8798 0.0000
vt 0.2147 0.5763 0.0000
vt 0.2022 0.5660 0.0000
vt 0.1923 0.5644 0.0000
vt 0.1974 0.5647 0.0000
vt 0.5557 0.0791 0.0000
vt 0.5659 0.0794 0.0000
vt 0.5696 0.0815 0.0000
vt 0.5759 0.0882 0.0000
vt 0.5728 0.0844 0.0000
vt 0.6234 0.4916 0.0000
vt 0.6158 0.4962 0.0000
vt 0.6117 0.4893 0.0000
vt 0.6195 0.4842 0.0000
vt 0.5974 0.4680 0.0000
vt 0.6057 0.4661 0.0000
vt 0.6296 0.5296 0.0000
vt 0.6330 0.5282 0.0000
vt 0.6237 0.5108 0.0000
vt 0.6280 0.5184 0.0000
vt 0.6224 0.5210 0.0000
vt 0.6166 0.5145 0.0000
vt 0.6199 0.5033 0.0000
vt 0.6111 0.5082 0.0000
vt 0.6064 0.5020 0.0000
vt 0.6024 0.4953 0.0000
vt 0.5980 0.4873 0.0000
vt 0.5936 0.4790 0.0000
vt 0.5887 0.4706 0.0000
vt 0.5846 0.4610 0.0000
vt 0.6170 0.5237 0.0000
vt 0.6100 0.5181 0.0000
vt 0.6040 0.5125 0.0000
vt 0.5987 0.5067 0.0000
vt 0.5894 0.4917 0.0000
vt 0.5942 0.5006 0.0000
vt 0.5852 0.4820 0.0000
vt 0.5814 0.4719 0.0000
vt 0.6268 0.5312 0.0000
vt 0.5783 0.4606 0.0000
vt 0.6558 0.2109 0.0000
vt 0.6651 0.1635 0.0000
vt 0.6620 0.1569 0.0000
vt 0.6596 0.2023 0.0000
vt 0.6634 0.1937 0.0000
vt 0.6198 0.4682 0.0000
vt 0.6240 0.4735 0.0000
vt 0.6320 0.4863 0.0000
vt 0.6282 0.4785 0.0000
vt 0.6083 0.4595 0.0000
vt 0.6137 0.4643 0.0000
vt 0.6272 0.4993 0.0000
vt 0.6355 0.4946 0.0000
vt 0.4666 0.4704 0.0000
vt 0.4696 0.4805 0.0000
vt 0.4682 0.5055 0.0000
vt 0.4649 0.5130 0.0000
vt 0.7038 0.7805 0.0000
vt 0.6549 0.7806 0.0000
vt 0.7039 0.7921 0.0000
vt 0.6550 0.7922 0.0000
vt 0.7039 0.7956 0.0000
vt 0.6550 0.7957 0.0000
vt 0.4913 0.0977 0.0000
vt 0.4906 0.0945 0.0000
vt 0.4920 0.1077 0.0000
vt 0.4908 0.1114 0.0000
vt 0.4891 0.1145 0.0000
vt 0.5999 0.4249 0.0000
vt 0.6370 0.4262 0.0000
vt 0.6291 0.4399 0.0000
vt 0.5993 0.4389 0.0000
vt 0.2935 0.5621 0.0000
vt 0.3048 0.5800 0.0000
vt 0.3025 0.5879 0.0000
vt 0.1510 0.6188 0.0000
vt 0.1421 0.5978 0.0000
vt 0.1583 0.5934 0.0000
vt 0.1487 0.4572 0.0000
vt 0.1791 0.4626 0.0000
vt 0.1477 0.4703 0.0000
vt 0.5840 0.4357 0.0000
vt 0.5848 0.4218 0.0000
vt 0.5924 0.4234 0.0000
vt 0.5916 0.4377 0.0000
vt 0.5604 0.4244 0.0000
vt 0.5611 0.4123 0.0000
vt 0.5658 0.4132 0.0000
vt 0.5637 0.4247 0.0000
vt 0.5333 0.4337 0.0000
vt 0.5399 0.4239 0.0000
vt 0.5435 0.4340 0.0000
vt 0.5375 0.4439 0.0000
vt 0.3967 0.4401 0.0000
vt 0.3856 0.4505 0.0000
vt 0.8161 0.8240 0.0000
vt 0.8161 0.7917 0.0000
vt 0.8650 0.7916 0.0000
vt 0.8650 0.8239 0.0000
vt 0.6476 0.9772 0.0000
vt 0.6407 0.9722 0.0000
vt 0.6409 0.9694 0.0000
vt 0.5563 0.4127 0.0000
vt 0.5518 0.4139 0.0000
vt 0.5511 0.4124 0.0000
vt 0.5560 0.4111 0.0000
vt 0.0823 0.5475 0.0000
vt 0.1148 0.5371 0.0000
vt 0.0936 0.5542 0.0000
vt 0.3797 0.4605 0.0000
vt 0.1222 0.5105 0.0000
vt 0.1016 0.5223 0.0000
vt 0.1075 0.5672 0.0000
vt 0.1382 0.5646 0.0000
vt 0.3826 0.5206 0.0000
vt 0.3898 0.5307 0.0000
vt 0.3338 0.4962 0.0000
vt 0.2964 0.4949 0.0000
vt 0.3341 0.4875 0.0000
vt 0.4498 0.4367 0.0000
vt 0.4500 0.4277 0.0000
vt 0.4804 0.4324 0.0000
vt 0.4802 0.4421 0.0000
vt 0.1591 0.5170 0.0000
vt 0.1824 0.4916 0.0000
vt 0.3421 0.6287 0.0000
vt 0.3497 0.6337 0.0000
vt 0.3450 0.6394 0.0000
vt 0.3369 0.6346 0.0000
vt 0.4459 0.5663 0.0000
vt 0.3969 0.5664 0.0000
vt 0.3969 0.5408 0.0000
vt 0.4459 0.5407 0.0000
vt 0.0689 0.5302 0.0000
vt 0.3260 0.4702 0.0000
vt 0.3262 0.4669 0.0000
vt 0.2825 0.4563 0.0000
vt 0.2901 0.4582 0.0000
vt 0.2590 0.4450 0.0000
vt 0.2361 0.4644 0.0000
vt 0.2549 0.4449 0.0000
vt 0.1455 0.4789 0.0000
vt 0.3313 0.4839 0.0000
vt 0.1417 0.4879 0.0000
vt 0.1833 0.6188 0.0000
vt 0.1832 0.5932 0.0000
vt 0.3711 0.6418 0.0000
vt 0.3563 0.6419 0.0000
vt 0.3593 0.6389 0.0000
vt 0.1706 0.5857 0.0000
vt 0.6306 0.9569 0.0000
vt 0.6165 0.9631 0.0000
vt 0.6154 0.9564 0.0000
vt 0.6211 0.9437 0.0000
vt 0.6126 0.9499 0.0000
vt 0.6045 0.9384 0.0000
vt 0.6106 0.9315 0.0000
vt 0.5851 0.9140 0.0000
vt 0.5989 0.9209 0.0000
vt 0.5940 0.9289 0.0000
vt 0.5813 0.9225 0.0000
vt 0.5526 0.9088 0.0000
vt 0.5705 0.9099 0.0000
vt 0.5692 0.9192 0.0000
vt 0.5526 0.9181 0.0000
vt 0.5035 0.9218 0.0000
vt 0.5346 0.9108 0.0000
vt 0.5360 0.9201 0.0000
vt 0.5080 0.9300 0.0000
vt 0.1515 0.5432 0.0000
vt 0.1524 0.5518 0.0000
vt 0.3717 0.4907 0.0000
vt 0.3723 0.4982 0.0000
vt 0.3117 0.6017 0.0000
vt 0.3171 0.5943 0.0000
vt 0.3230 0.6003 0.0000
vt 0.3167 0.6075 0.0000
vt 0.1518 0.5367 0.0000
vt 0.5387 0.4228 0.0000
vt 0.1348 0.4988 0.0000
vt 0.5676 0.4262 0.0000
vt 0.5699 0.4146 0.0000
vt 0.5772 0.4186 0.0000
vt 0.5753 0.4316 0.0000
vt 0.2661 0.4468 0.0000
vt 0.2738 0.4521 0.0000
vt 0.2977 0.4595 0.0000
vt 0.6128 0.9745 0.0000
vt 0.6159 0.9681 0.0000
vt 0.6174 0.9744 0.0000
vt 0.6133 0.9778 0.0000
vt 0.9049 0.4085 0.0000
vt 0.8715 0.4085 0.0000
vt 0.5437 0.4203 0.0000
vt 0.5477 0.4170 0.0000
vt 0.5497 0.4272 0.0000
vt 0.5465 0.4301 0.0000
vt 0.5563 0.4243 0.0000
vt 0.5534 0.4251 0.0000
vt 0.6366 0.9704 0.0000
vt 0.5612 0.4107 0.0000
vt 0.5427 0.4191 0.0000
vt 0.5468 0.4157 0.0000
vt 0.5661 0.4117 0.0000
vt 0.5703 0.4135 0.0000
vt 0.6093 0.9814 0.0000
vt 0.6217 0.9711 0.0000
vt 0.6317 0.9694 0.0000
vt 0.6266 0.9698 0.0000
vt 0.2622 0.4453 0.0000
vt 0.2520 0.4457 0.0000
vt 0.2483 0.4478 0.0000
vt 0.2421 0.4545 0.0000
vt 0.2451 0.4507 0.0000
vt 0.3283 0.6183 0.0000
vt 0.3220 0.6127 0.0000
vt 0.3287 0.6063 0.0000
vt 0.3345 0.6119 0.0000
vt 0.3113 0.5875 0.0000
vt 0.3075 0.5951 0.0000
vt 0.3616 0.6359 0.0000
vt 0.3638 0.6329 0.0000
vt 0.3571 0.6240 0.0000
vt 0.3533 0.6288 0.0000
vt 0.3469 0.6229 0.0000
vt 0.3521 0.6169 0.0000
vt 0.3472 0.6101 0.0000
vt 0.3405 0.6175 0.0000
vt 0.3423 0.6040 0.0000
vt 0.3367 0.5986 0.0000
vt 0.3299 0.5925 0.0000
vt 0.3229 0.5863 0.0000
vt 0.3157 0.5796 0.0000
vt 0.3073 0.5735 0.0000
vt 0.3609 0.6194 0.0000
vt 0.3571 0.6113 0.0000
vt 0.3531 0.6041 0.0000
vt 0.3487 0.5976 0.0000
vt 0.3361 0.5851 0.0000
vt 0.3438 0.5919 0.0000
vt 0.3277 0.5788 0.0000
vt 0.3187 0.5728 0.0000
vt 0.3660 0.6306 0.0000
vt 0.3084 0.5672 0.0000
vt 0.1625 0.5774 0.0000
vt 0.1531 0.5301 0.0000
vt 0.1561 0.5236 0.0000
vt 0.1549 0.5603 0.0000
vt 0.1587 0.5689 0.0000
vt 0.3063 0.6094 0.0000
vt 0.3105 0.6146 0.0000
vt 0.3211 0.6254 0.0000
vt 0.3145 0.6199 0.0000
vt 0.3005 0.5961 0.0000
vt 0.3040 0.6025 0.0000
vt 0.3349 0.6237 0.0000
vt 0.3284 0.6307 0.0000
vt 0.3759 0.4706 0.0000
vt 0.3730 0.4807 0.0000
vt 0.3744 0.5057 0.0000
vt 0.3778 0.5132 0.0000
vt 0.3274 0.4605 0.0000
vt 0.3266 0.4637 0.0000
vt 0.3260 0.4737 0.0000
vt 0.3272 0.4774 0.0000
vt 0.3290 0.4806 0.0000
vt 0.4011 0.6209 0.0000
vt 0.3815 0.6206 0.0000
vt 0.3814 0.6092 0.0000
vt 0.4025 0.6100 0.0000
vt 0.4985 0.6493 0.0000
vt 0.5033 0.6444 0.0000
vt 0.4981 0.6409 0.0000
vt 0.4915 0.6394 0.0000
vt 0.4881 0.6460 0.0000
vt 0.4932 0.6470 0.0000
vt 0.4735 0.6382 0.0000
vt 0.4703 0.6446 0.0000
vt 0.4822 0.6453 0.0000
vt 0.4842 0.6396 0.0000
vt 0.4476 0.5719 0.0000
vt 0.4367 0.5828 0.0000
vt 0.4341 0.5787 0.0000
vt 0.4461 0.5695 0.0000
vt 0.3917 0.5822 0.0000
vt 0.4047 0.6055 0.0000
vt 0.3826 0.5995 0.0000
vt 0.3848 0.5739 0.0000
vt 0.4286 0.5862 0.0000
vt 0.4344 0.5993 0.0000
vt 0.4237 0.6007 0.0000
vt 0.4196 0.5877 0.0000
vt 0.4558 0.6156 0.0000
vt 0.4530 0.6181 0.0000
vt 0.4648 0.6339 0.0000
vt 0.5015 0.6539 0.0000
vt 0.5068 0.6598 0.0000
vt 0.5054 0.6489 0.0000
vt 0.5010 0.6524 0.0000
vt 0.3963 0.5854 0.0000
vt 0.3962 0.5791 0.0000
vt 0.3999 0.5809 0.0000
vt 0.4004 0.5867 0.0000
vt 0.5070 0.6670 0.0000
vt 0.5104 0.6674 0.0000
vt 0.5015 0.6574 0.0000
vt 0.3934 0.5763 0.0000
vt 0.5265 0.6595 0.0000
vt 0.5264 0.6653 0.0000
vt 0.4521 0.5767 0.0000
vt 0.4431 0.5950 0.0000
vt 0.4098 0.6020 0.0000
vt 0.3863 0.5670 0.0000
vt 0.4061 0.5825 0.0000
vt 0.4121 0.5832 0.0000
vt 0.4102 0.5880 0.0000
vt 0.4266 0.5818 0.0000
vt 0.4183 0.5831 0.0000
vt 0.6939 0.3425 0.0000
vt 0.6846 0.3425 0.0000
vt 0.6846 0.3407 0.0000
vt 0.6939 0.3407 0.0000
vt 0.6939 0.3561 0.0000
vt 0.6845 0.3561 0.0000
vt 0.6845 0.3547 0.0000
vt 0.6939 0.3548 0.0000
vt 0.2010 0.5934 0.0000
vt 0.1916 0.5933 0.0000
vt 0.1917 0.5816 0.0000
vt 0.2010 0.5817 0.0000
vt 0.6939 0.3325 0.0000
vt 0.6846 0.3325 0.0000
vt 0.6846 0.3272 0.0000
vt 0.6939 0.3272 0.0000
vt 0.2009 0.6145 0.0000
vt 0.1915 0.6144 0.0000
vt 0.1916 0.6082 0.0000
vt 0.2009 0.6083 0.0000
vt 0.6940 0.2940 0.0000
vt 0.6846 0.2940 0.0000
vt 0.6846 0.2885 0.0000
vt 0.6940 0.2885 0.0000
vt 0.2008 0.6374 0.0000
vt 0.1914 0.6374 0.0000
vt 0.1915 0.6292 0.0000
vt 0.2008 0.6292 0.0000
vt 0.6939 0.3213 0.0000
vt 0.6846 0.3213 0.0000
vt 0.6846 0.3094 0.0000
vt 0.6940 0.3094 0.0000
vt 0.2008 0.6522 0.0000
vt 0.1914 0.6522 0.0000
vt 0.6939 0.3644 0.0000
vt 0.6845 0.3644 0.0000
vt 0.6845 0.3610 0.0000
vt 0.6939 0.3610 0.0000
vt 0.2010 0.6017 0.0000
vt 0.1916 0.6017 0.0000
vt 0.1916 0.5974 0.0000
vt 0.2010 0.5975 0.0000
vt 0.6939 0.3512 0.0000
vt 0.6846 0.3511 0.0000
vt 0.6846 0.3494 0.0000
vt 0.6939 0.3494 0.0000
vt 0.6939 0.3475 0.0000
vt 0.6846 0.3475 0.0000
vt 0.6846 0.3441 0.0000
vt 0.6939 0.3441 0.0000
vt 0.6939 0.3806 0.0000
vt 0.6845 0.3805 0.0000
vt 0.4486 0.5699 0.0000
vt 0.4542 0.5753 0.0000
vt 0.4550 0.5792 0.0000
vt 0.1910 0.6539 0.0000
vt 0.2012 0.6539 0.0000
vt 0.6846 0.2742 0.0000
vt 0.6842 0.2711 0.0000
vt 0.6944 0.2711 0.0000
vt 0.6940 0.2742 0.0000
vt 0.6842 0.2642 0.0000
vt 0.6944 0.2642 0.0000
vt 0.4648 0.6433 0.0000
vt 0.1915 0.6207 0.0000
vt 0.2009 0.6207 0.0000
vt 0.6846 0.3038 0.0000
vt 0.6940 0.3038 0.0000
vt 0.6846 0.2986 0.0000
vt 0.6940 0.2986 0.0000
vt 0.4602 0.6408 0.0000
vt 0.6940 0.2787 0.0000
vt 0.6846 0.2787 0.0000
vt 0.6846 0.2838 0.0000
vt 0.6940 0.2838 0.0000
vt 0.4534 0.6225 0.0000
vt 0.4542 0.6275 0.0000
vt 0.4552 0.6321 0.0000
vt 0.4573 0.6372 0.0000
vt 0.6845 0.3579 0.0000
vt 0.6939 0.3579 0.0000
vt 0.5040 0.6662 0.0000
vt 0.6939 0.3520 0.0000
vt 0.6846 0.3520 0.0000
vt 0.6846 0.3537 0.0000
vt 0.6939 0.3537 0.0000
vt 0.6939 0.3528 0.0000
vt 0.6846 0.3528 0.0000
vt 0.5005 0.6626 0.0000
vt 0.5007 0.6634 0.0000
vt 0.5014 0.6643 0.0000
vt 0.5024 0.6652 0.0000
vt 0.5010 0.6592 0.0000
vt 0.5005 0.6609 0.0000
vt 0.5004 0.6617 0.0000
vt 0.4165 0.6005 0.0000
vt 0.6939 0.3383 0.0000
vt 0.6846 0.3383 0.0000
vt 0.5001 0.6509 0.0000
vt 0.5288 0.5930 0.0000
vt 0.5285 0.5820 0.0000
vt 0.5496 0.5831 0.0000
vt 0.5485 0.5945 0.0000
vt 0.4932 0.6928 0.0000
vt 0.4937 0.6843 0.0000
vt 0.4984 0.6883 0.0000
vt 0.4872 0.6823 0.0000
vt 0.4882 0.6900 0.0000
vt 0.4832 0.6885 0.0000
vt 0.4694 0.6794 0.0000
vt 0.4799 0.6818 0.0000
vt 0.4774 0.6873 0.0000
vt 0.4656 0.6854 0.0000
vt 0.4871 0.5399 0.0000
vt 0.4888 0.5377 0.0000
vt 0.4999 0.5479 0.0000
vt 0.4969 0.5518 0.0000
vt 0.5418 0.5553 0.0000
vt 0.5495 0.5477 0.0000
vt 0.5492 0.5734 0.0000
vt 0.5268 0.5773 0.0000
vt 0.5047 0.5559 0.0000
vt 0.5136 0.5582 0.0000
vt 0.5082 0.5708 0.0000
vt 0.4977 0.5684 0.0000
vt 0.4539 0.6553 0.0000
vt 0.4611 0.6743 0.0000
vt 0.4508 0.6575 0.0000
vt 0.4958 0.6976 0.0000
vt 0.4955 0.6961 0.0000
vt 0.5002 0.6930 0.0000
vt 0.5005 0.7040 0.0000
vt 0.5337 0.5533 0.0000
vt 0.5376 0.5518 0.0000
vt 0.5370 0.5581 0.0000
vt 0.5328 0.5591 0.0000
vt 0.5034 0.7118 0.0000
vt 0.5001 0.7112 0.0000
vt 0.4955 0.7011 0.0000
vt 0.5407 0.5493 0.0000
vt 0.5201 0.7055 0.0000
vt 0.5196 0.7112 0.0000
vt 0.4822 0.5443 0.0000
vt 0.4895 0.5633 0.0000
vt 0.5220 0.5733 0.0000
vt 0.5486 0.5407 0.0000
vt 0.5275 0.5543 0.0000
vt 0.5229 0.5594 0.0000
vt 0.5214 0.5545 0.0000
vt 0.5071 0.5517 0.0000
vt 0.5152 0.5538 0.0000
vt 0.4863 0.5378 0.0000
vt 0.4791 0.5465 0.0000
vt 0.4802 0.5426 0.0000
vt 0.4603 0.6837 0.0000
vt 0.4559 0.6807 0.0000
vt 0.4508 0.6620 0.0000
vt 0.4511 0.6670 0.0000
vt 0.4517 0.6717 0.0000
vt 0.4533 0.6770 0.0000
vt 0.4971 0.7101 0.0000
vt 0.4940 0.7062 0.0000
vt 0.4942 0.7070 0.0000
vt 0.4947 0.7080 0.0000
vt 0.4957 0.7090 0.0000
vt 0.4948 0.7029 0.0000
vt 0.4942 0.7045 0.0000
vt 0.4940 0.7053 0.0000
vt 0.5155 0.5713 0.0000
vt 0.4947 0.6945 0.0000
vt 0.6206 0.7315 0.0000
vt 0.6235 0.7507 0.0000
vt 0.6204 0.7499 0.0000
vt 0.6192 0.7325 0.0000
vt 0.6166 0.7331 0.0000
vt 0.5920 0.7459 0.0000
vt 0.5949 0.7415 0.0000
vt 0.5985 0.7519 0.0000
vt 0.5949 0.7531 0.0000
vt 0.6500 0.4267 0.0000
vt 0.6634 0.4254 0.0000
vt 0.6652 0.4445 0.0000
vt 0.6519 0.4458 0.0000
vt 0.7087 0.8757 0.0000
vt 0.7221 0.8757 0.0000
vt 0.7221 0.8789 0.0000
vt 0.7087 0.8789 0.0000
vt 0.7087 0.8574 0.0000
vt 0.7221 0.8574 0.0000
vt 0.7221 0.8620 0.0000
vt 0.7087 0.8620 0.0000
vt 0.6522 0.4495 0.0000
vt 0.6656 0.4483 0.0000
vt 0.6659 0.4509 0.0000
vt 0.6525 0.4522 0.0000
vt 0.6548 0.4766 0.0000
vt 0.6682 0.4753 0.0000
vt 0.6687 0.4805 0.0000
vt 0.6554 0.4818 0.0000
vt 0.6074 0.7342 0.0000
vt 0.6117 0.7497 0.0000
vt 0.6068 0.7501 0.0000
vt 0.6048 0.7344 0.0000
vt 0.7087 0.8670 0.0000
vt 0.7221 0.8670 0.0000
vt 0.7221 0.8713 0.0000
vt 0.7087 0.8713 0.0000
vt 0.6534 0.4615 0.0000
vt 0.6668 0.4602 0.0000
vt 0.6670 0.4627 0.0000
vt 0.6536 0.4640 0.0000
vt 0.6654 0.4465 0.0000
vt 0.6521 0.4478 0.0000
vt 0.7087 0.8822 0.0000
vt 0.7221 0.8822 0.0000
vt 0.7221 0.8990 0.0000
vt 0.7086 0.8990 0.0000
vt 0.7087 0.8413 0.0000
vt 0.7222 0.8413 0.0000
vt 0.7222 0.8420 0.0000
vt 0.7087 0.8420 0.0000
vt 0.5869 0.7558 0.0000
vt 0.5870 0.7561 0.0000
vt 0.5868 0.7561 0.0000
vt 0.5865 0.7557 0.0000
vt 0.5866 0.7555 0.0000
vt 0.7087 0.8458 0.0000
vt 0.7222 0.8459 0.0000
vt 0.7222 0.8497 0.0000
vt 0.7087 0.8497 0.0000
vt 0.5867 0.7561 0.0000
vt 0.5877 0.7558 0.0000
vt 0.7606 0.9301 0.0000
vt 0.7623 0.9304 0.0000
vt 0.7687 0.9467 0.0000
vt 0.7662 0.9487 0.0000
vt 0.7650 0.9299 0.0000
vt 0.7894 0.9392 0.0000
vt 0.7882 0.9282 0.0000
vt 0.7927 0.9310 0.0000
vt 0.7932 0.9388 0.0000
vt 0.7811 0.9411 0.0000
vt 0.7764 0.9428 0.0000
vt 0.7738 0.9269 0.0000
vt 0.7762 0.9261 0.0000
vt 0.8015 0.9378 0.0000
vt 0.8017 0.9381 0.0000
vt 0.8015 0.9381 0.0000
vt 0.8017 0.9374 0.0000
vt 0.8018 0.9375 0.0000
vt 0.8018 0.9380 0.0000
vt 0.8008 0.9382 0.0000
vt 0.6140 0.7335 0.0000
vt 0.6160 0.7496 0.0000
vt 0.6527 0.4549 0.0000
vt 0.6661 0.4536 0.0000
vt 0.7725 0.9445 0.0000
vt 0.7676 0.9291 0.0000
vt 0.6001 0.7361 0.0000
vt 0.6023 0.7350 0.0000
vt 0.6539 0.4666 0.0000
vt 0.6672 0.4653 0.0000
vt 0.6675 0.4677 0.0000
vt 0.6541 0.4690 0.0000
vt 0.7787 0.9255 0.0000
vt 0.7812 0.9255 0.0000
vt 0.6677 0.4701 0.0000
vt 0.6543 0.4714 0.0000
vt 0.6022 0.7509 0.0000
vt 0.5982 0.7376 0.0000
vt 0.7856 0.9399 0.0000
vt 0.7835 0.9261 0.0000
vt 0.6220 0.7300 0.0000
vt 0.6266 0.7518 0.0000
vt 0.7588 0.9294 0.0000
vt 0.7639 0.9511 0.0000
vt 0.5892 0.7507 0.0000
vt 0.5913 0.7545 0.0000
vt 0.6559 0.4873 0.0000
vt 0.6693 0.4860 0.0000
vt 0.6698 0.4915 0.0000
vt 0.6564 0.4928 0.0000
vt 0.7087 0.8534 0.0000
vt 0.7222 0.8535 0.0000
vt 0.7970 0.9385 0.0000
vt 0.7973 0.9342 0.0000
vt 0.7087 0.8411 0.0000
vt 0.7222 0.8411 0.0000
vt 0.7087 0.8407 0.0000
vt 0.7222 0.8408 0.0000
vt 0.7222 0.8409 0.0000
vt 0.7087 0.8409 0.0000
vt 0.7087 0.8405 0.0000
vt 0.7222 0.8405 0.0000
vt 0.7222 0.8406 0.0000
vt 0.7087 0.8406 0.0000
vt 0.7087 0.8410 0.0000
vt 0.7222 0.8410 0.0000
vt 0.8019 0.9380 0.0000
vt 0.5866 0.7560 0.0000
vt 0.8019 0.9379 0.0000
vt 0.5866 0.7559 0.0000
vt 0.8019 0.9378 0.0000
vt 0.5865 0.7558 0.0000
vt 0.8018 0.9377 0.0000
vt 0.6393 0.7399 0.0000
vt 0.6422 0.7579 0.0000
vt 0.6319 0.7135 0.0000
vt 0.7523 0.9632 0.0000
vt 0.7473 0.9456 0.0000
vt 0.7428 0.9186 0.0000
vt 0.6222 0.2277 0.0000
vt 0.6012 0.2433 0.0000
vt 0.6108 0.2186 0.0000
vt 0.6699 0.8410 0.0000
vt 0.6659 0.8296 0.0000
vt 0.6786 0.8369 0.0000
vt 0.4347 0.7742 0.0000
vt 0.4347 0.7803 0.0000
vt 0.4254 0.7803 0.0000
vt 0.4254 0.7742 0.0000
vt 0.4347 0.7889 0.0000
vt 0.4347 0.7923 0.0000
vt 0.4254 0.7923 0.0000
vt 0.4254 0.7888 0.0000
vt 0.4368 0.7742 0.0000
vt 0.4368 0.7802 0.0000
vt 0.4368 0.7889 0.0000
vt 0.4368 0.7923 0.0000
vt 0.6111 0.1895 0.0000
vt 0.6219 0.1821 0.0000
vt 0.6227 0.1846 0.0000
vt 0.6108 0.2125 0.0000
vt 0.6785 0.3629 0.0000
vt 0.6554 0.3625 0.0000
vt 0.6677 0.3196 0.0000
vt 0.6793 0.3198 0.0000
vt 0.6100 0.1636 0.0000
vt 0.6119 0.1654 0.0000
vt 0.6111 0.1860 0.0000
vt 0.6018 0.1859 0.0000
vt 0.6215 0.1675 0.0000
vt 0.6244 0.1788 0.0000
vt 0.6173 0.1680 0.0000
vt 0.3705 0.6507 0.0000
vt 0.3473 0.6509 0.0000
vt 0.3472 0.6453 0.0000
vt 0.3704 0.6451 0.0000
vt 0.3705 0.6585 0.0000
vt 0.3473 0.6587 0.0000
vt 0.3706 0.6716 0.0000
vt 0.3475 0.6718 0.0000
vt 0.3474 0.6678 0.0000
vt 0.3706 0.6676 0.0000
vt 0.6781 0.3891 0.0000
vt 0.6549 0.3887 0.0000
vt 0.3707 0.6788 0.0000
vt 0.3475 0.6790 0.0000
vt 0.3475 0.6761 0.0000
vt 0.3707 0.6759 0.0000
vt 0.6267 0.1645 0.0000
vt 0.6377 0.1697 0.0000
vt 0.6262 0.1779 0.0000
vt 0.6242 0.1664 0.0000
vt 0.6591 0.8259 0.0000
vt 0.6136 0.1666 0.0000
vt 0.3474 0.6658 0.0000
vt 0.3706 0.6656 0.0000
vt 0.6299 0.1529 0.0000
vt 0.6297 0.1607 0.0000
vt 0.4254 0.7721 0.0000
vt 0.4347 0.7721 0.0000
vt 0.4254 0.7868 0.0000
vt 0.4347 0.7868 0.0000
vt 0.4347 0.7823 0.0000
vt 0.4254 0.7824 0.0000
vt 0.4347 0.7944 0.0000
vt 0.4254 0.7944 0.0000
vt 0.6015 0.2124 0.0000
vt 0.6018 0.1894 0.0000
vt 0.3706 0.6630 0.0000
vt 0.3474 0.6632 0.0000
vt 0.3476 0.6870 0.0000
vt 0.3475 0.6821 0.0000
vt 0.3550 0.6869 0.0000
vt 0.3707 0.6819 0.0000
vt 0.6569 0.2794 0.0000
vt 0.6570 0.2731 0.0000
vt 0.6644 0.2732 0.0000
vt 0.6643 0.2795 0.0000
vt 0.6565 0.2974 0.0000
vt 0.6640 0.2976 0.0000
vt 0.6638 0.3072 0.0000
vt 0.3231 0.8602 0.0000
vt 0.3228 0.8455 0.0000
vt 0.3270 0.8454 0.0000
vt 0.3272 0.8603 0.0000
vt 0.6022 0.1519 0.0000
vt 0.6077 0.1598 0.0000
vt 0.6078 0.1520 0.0000
vt 0.6563 0.3116 0.0000
vt 0.6570 0.2719 0.0000
vt 0.6571 0.2642 0.0000
vt 0.6645 0.2643 0.0000
vt 0.6644 0.2721 0.0000
vt 0.6568 0.2810 0.0000
vt 0.6642 0.2811 0.0000
vt 0.6015 0.2185 0.0000
vt 0.3592 0.6869 0.0000
vt 0.6236 0.1808 0.0000
vt 0.6561 0.3194 0.0000
vt 0.6562 0.3181 0.0000
vt 0.6678 0.3183 0.0000
vt 0.6252 0.1788 0.0000
vt 0.6228 0.1833 0.0000
vt 0.6243 0.1798 0.0000
vt 0.6231 0.1820 0.0000
vt 0.6562 0.3168 0.0000
vt 0.6678 0.3170 0.0000
vt 0.6562 0.3155 0.0000
vt 0.6678 0.3157 0.0000
vt 0.6562 0.3142 0.0000
vt 0.6678 0.3144 0.0000
vt 0.6563 0.3129 0.0000
vt 0.6678 0.3131 0.0000
vt 0.6679 0.3118 0.0000
vt 0.6679 0.3077 0.0000
vt 0.6643 0.2801 0.0000
vt 0.6568 0.2800 0.0000
vt 0.6643 0.2806 0.0000
vt 0.6568 0.2804 0.0000
vt 0.6570 0.2727 0.0000
vt 0.6644 0.2728 0.0000
vt 0.6570 0.2723 0.0000
vt 0.6644 0.2725 0.0000
vt 0.6581 0.8262 0.0000
vt 0.6584 0.8259 0.0000
vt 0.6302 0.1523 0.0000
vt 0.6306 0.1522 0.0000
vt 0.6587 0.8258 0.0000
vt 0.6300 0.1525 0.0000
vt 0.6551 0.8318 0.0000
vt 0.6369 0.1523 0.0000
vt 0.6549 0.8323 0.0000
vt 0.6375 0.1524 0.0000
vt 0.6550 0.8327 0.0000
vt 0.6378 0.1527 0.0000
vt 0.6555 0.8331 0.0000
vt 0.6379 0.1533 0.0000
vt 0.6783 0.4817 0.0000
vt 0.6900 0.4730 0.0000
vt 0.6988 0.4980 0.0000
vt 0.3309 0.7896 0.0000
vt 0.3231 0.7952 0.0000
vt 0.3228 0.7806 0.0000
vt 0.4270 0.7656 0.0000
vt 0.4177 0.7657 0.0000
vt 0.4177 0.7596 0.0000
vt 0.4270 0.7595 0.0000
vt 0.4123 0.7973 0.0000
vt 0.4030 0.7972 0.0000
vt 0.4031 0.7937 0.0000
vt 0.4124 0.7938 0.0000
vt 0.4156 0.7657 0.0000
vt 0.4156 0.7596 0.0000
vt 0.4010 0.7972 0.0000
vt 0.4010 0.7937 0.0000
vt 0.6906 0.4439 0.0000
vt 0.6901 0.4669 0.0000
vt 0.6792 0.4386 0.0000
vt 0.6801 0.4361 0.0000
vt 0.6926 0.4180 0.0000
vt 0.7000 0.4406 0.0000
vt 0.6907 0.4404 0.0000
vt 0.6906 0.4198 0.0000
vt 0.6809 0.4215 0.0000
vt 0.6851 0.4222 0.0000
vt 0.6777 0.4328 0.0000
vt 0.6758 0.4184 0.0000
vt 0.6783 0.4204 0.0000
vt 0.6759 0.4318 0.0000
vt 0.6647 0.4232 0.0000
vt 0.3229 0.7728 0.0000
vt 0.6889 0.4209 0.0000
vt 0.6731 0.4067 0.0000
vt 0.6730 0.4144 0.0000
vt 0.4177 0.7575 0.0000
vt 0.4270 0.7575 0.0000
vt 0.4031 0.7916 0.0000
vt 0.4124 0.7917 0.0000
vt 0.4270 0.7677 0.0000
vt 0.4177 0.7678 0.0000
vt 0.4123 0.7994 0.0000
vt 0.4030 0.7993 0.0000
vt 0.6999 0.4441 0.0000
vt 0.6994 0.4671 0.0000
vt 0.3708 0.6868 0.0000
vt 0.3634 0.6869 0.0000
vt 0.6727 0.2734 0.0000
vt 0.6801 0.2735 0.0000
vt 0.6800 0.2798 0.0000
vt 0.6726 0.2797 0.0000
vt 0.6797 0.2978 0.0000
vt 0.6721 0.3074 0.0000
vt 0.6723 0.2977 0.0000
vt 0.3312 0.8454 0.0000
vt 0.3314 0.8600 0.0000
vt 0.6950 0.4143 0.0000
vt 0.7007 0.4066 0.0000
vt 0.6952 0.4065 0.0000
vt 0.6795 0.3120 0.0000
vt 0.6729 0.2645 0.0000
vt 0.6803 0.2646 0.0000
vt 0.6802 0.2723 0.0000
vt 0.6727 0.2722 0.0000
vt 0.6726 0.2813 0.0000
vt 0.6800 0.2814 0.0000
vt 0.6993 0.4731 0.0000
vt 0.6784 0.4348 0.0000
vt 0.6793 0.3185 0.0000
vt 0.6769 0.4327 0.0000
vt 0.6791 0.4373 0.0000
vt 0.6778 0.4337 0.0000
vt 0.6789 0.4360 0.0000
vt 0.6794 0.3172 0.0000
vt 0.6794 0.3159 0.0000
vt 0.6794 0.3146 0.0000
vt 0.6794 0.3133 0.0000
vt 0.6726 0.2803 0.0000
vt 0.6800 0.2804 0.0000
vt 0.6726 0.2807 0.0000
vt 0.6800 0.2808 0.0000
vt 0.6801 0.2731 0.0000
vt 0.6727 0.2730 0.0000
vt 0.6802 0.2728 0.0000
vt 0.6727 0.2726 0.0000
vt 0.3233 0.7722 0.0000
vt 0.3237 0.7721 0.0000
vt 0.6727 0.4061 0.0000
vt 0.6723 0.4060 0.0000
vt 0.3230 0.7724 0.0000
vt 0.6730 0.4063 0.0000
vt 0.3300 0.7721 0.0000
vt 0.6660 0.4058 0.0000
vt 0.3305 0.7722 0.0000
vt 0.6655 0.4059 0.0000
vt 0.3309 0.7726 0.0000
vt 0.6651 0.4063 0.0000
vt 0.3310 0.7731 0.0000
vt 0.6650 0.4068 0.0000
vt 0.7086 0.9517 0.0000
vt 0.7316 0.9517 0.0000
vt 0.7316 0.9538 0.0000
vt 0.7086 0.9538 0.0000
vt 0.7316 0.9559 0.0000
vt 0.7086 0.9559 0.0000
vt 0.7316 0.9602 0.0000
vt 0.7086 0.9602 0.0000
vt 0.7086 0.9581 0.0000
vt 0.7316 0.9581 0.0000
vt 0.7086 0.9431 0.0000
vt 0.7316 0.9431 0.0000
vt 0.7316 0.9452 0.0000
vt 0.7086 0.9452 0.0000
vt 0.7316 0.9474 0.0000
vt 0.7086 0.9474 0.0000
vt 0.7086 0.9495 0.0000
vt 0.7316 0.9495 0.0000
vt 0.7086 0.9345 0.0000
vt 0.7316 0.9345 0.0000
vt 0.7316 0.9367 0.0000
vt 0.7086 0.9367 0.0000
vt 0.7316 0.9388 0.0000
vt 0.7086 0.9388 0.0000
vt 0.7086 0.9410 0.0000
vt 0.7316 0.9410 0.0000
vt 0.7086 0.9260 0.0000
vt 0.7316 0.9260 0.0000
vt 0.7316 0.9281 0.0000
vt 0.7086 0.9281 0.0000
vt 0.7316 0.9302 0.0000
vt 0.7086 0.9302 0.0000
vt 0.7086 0.9324 0.0000
vt 0.7316 0.9324 0.0000
vt 0.7086 0.9174 0.0000
vt 0.7316 0.9174 0.0000
vt 0.7316 0.9195 0.0000
vt 0.7086 0.9195 0.0000
vt 0.7316 0.9217 0.0000
vt 0.7086 0.9217 0.0000
vt 0.7086 0.9238 0.0000
vt 0.7316 0.9238 0.0000
vt 0.7086 0.9088 0.0000
vt 0.7316 0.9088 0.0000
vt 0.7316 0.9110 0.0000
vt 0.7086 0.9110 0.0000
vt 0.7316 0.9131 0.0000
vt 0.7086 0.9131 0.0000
vt 0.7086 0.9153 0.0000
vt 0.7316 0.9153 0.0000
vt 0.7086 0.9688 0.0000
vt 0.7316 0.9688 0.0000
vt 0.7316 0.9709 0.0000
vt 0.7086 0.9709 0.0000
vt 0.7316 0.9731 0.0000
vt 0.7086 0.9731 0.0000
vt 0.7316 0.9773 0.0000
vt 0.7086 0.9773 0.0000
vt 0.7086 0.9752 0.0000
vt 0.7316 0.9752 0.0000
vt 0.7316 0.9624 0.0000
vt 0.7086 0.9624 0.0000
vt 0.7316 0.9645 0.0000
vt 0.7086 0.9645 0.0000
vt 0.7086 0.9666 0.0000
vt 0.7316 0.9666 0.0000
vt 0.4375 0.7195 0.0000
vt 0.4372 0.7217 0.0000
vt 0.4265 0.7195 0.0000
vt 0.4366 0.7237 0.0000
vt 0.4356 0.7256 0.0000
vt 0.4343 0.7273 0.0000
vt 0.4326 0.7286 0.0000
vt 0.4307 0.7296 0.0000
vt 0.4287 0.7303 0.0000
vt 0.4265 0.7305 0.0000
vt 0.4244 0.7303 0.0000
vt 0.4224 0.7296 0.0000
vt 0.4205 0.7286 0.0000
vt 0.4188 0.7273 0.0000
vt 0.4175 0.7256 0.0000
vt 0.4165 0.7237 0.0000
vt 0.4158 0.7217 0.0000
vt 0.4156 0.7195 0.0000
vt 0.4158 0.7174 0.0000
vt 0.4165 0.7154 0.0000
vt 0.4175 0.7135 0.0000
vt 0.4188 0.7118 0.0000
vt 0.4205 0.7105 0.0000
vt 0.4224 0.7095 0.0000
vt 0.4244 0.7088 0.0000
vt 0.4265 0.7086 0.0000
vt 0.4287 0.7088 0.0000
vt 0.4307 0.7095 0.0000
vt 0.4326 0.7105 0.0000
vt 0.4343 0.7118 0.0000
vt 0.4356 0.7135 0.0000
vt 0.4366 0.7154 0.0000
vt 0.4372 0.7174 0.0000
vt 0.3814 0.7342 0.0000
vt 0.3923 0.7342 0.0000
vt 0.3816 0.7363 0.0000
vt 0.3823 0.7384 0.0000
vt 0.3833 0.7403 0.0000
vt 0.3846 0.7419 0.0000
vt 0.3863 0.7433 0.0000
vt 0.3882 0.7443 0.0000
vt 0.3902 0.7449 0.0000
vt 0.3923 0.7451 0.0000
vt 0.3945 0.7449 0.0000
vt 0.3965 0.7443 0.0000
vt 0.3984 0.7433 0.0000
vt 0.4001 0.7419 0.0000
vt 0.4014 0.7403 0.0000
vt 0.4024 0.7384 0.0000
vt 0.4031 0.7363 0.0000
vt 0.4033 0.7342 0.0000
vt 0.4031 0.7321 0.0000
vt 0.4024 0.7300 0.0000
vt 0.4014 0.7281 0.0000
vt 0.4001 0.7265 0.0000
vt 0.3984 0.7251 0.0000
vt 0.3965 0.7241 0.0000
vt 0.3945 0.7235 0.0000
vt 0.3923 0.7233 0.0000
vt 0.3902 0.7235 0.0000
vt 0.3882 0.7241 0.0000
vt 0.3863 0.7251 0.0000
vt 0.3846 0.7265 0.0000
vt 0.3833 0.7281 0.0000
vt 0.3823 0.7300 0.0000
vt 0.3816 0.7321 0.0000
vt 0.3541 0.7771 0.0000
vt 0.3547 0.7984 0.0000
vt 0.3478 0.7981 0.0000
vt 0.3472 0.7770 0.0000
vt 0.1815 0.6943 0.0000
vt 0.1811 0.6966 0.0000
vt 0.1763 0.6961 0.0000
vt 0.1764 0.6940 0.0000
vt 0.8063 0.9333 0.0000
vt 0.8114 0.9333 0.0000
vt 0.8117 0.9550 0.0000
vt 0.8069 0.9543 0.0000
vt 0.1177 0.6795 0.0000
vt 0.1178 0.6744 0.0000
vt 0.1244 0.6745 0.0000
vt 0.1244 0.6796 0.0000
vt 0.6354 0.2105 0.0000
vt 0.6421 0.2108 0.0000
vt 0.6409 0.2140 0.0000
vt 0.6355 0.2136 0.0000
vt 0.1578 0.6940 0.0000
vt 0.1624 0.6946 0.0000
vt 0.1592 0.6976 0.0000
vt 0.1568 0.6969 0.0000
vt 0.4303 0.7591 0.0000
vt 0.4371 0.7575 0.0000
vt 0.4382 0.7603 0.0000
vt 0.4332 0.7617 0.0000
vt 0.2691 0.7139 0.0000
vt 0.2735 0.7135 0.0000
vt 0.2736 0.7166 0.0000
vt 0.2702 0.7168 0.0000
vt 0.3487 0.7740 0.0000
vt 0.3472 0.7530 0.0000
vt 0.3527 0.7526 0.0000
vt 0.3533 0.7737 0.0000
vt 0.3228 0.8216 0.0000
vt 0.3294 0.8209 0.0000
vt 0.3309 0.8416 0.0000
vt 0.3239 0.8433 0.0000
vt 0.3228 0.7973 0.0000
vt 0.3294 0.7965 0.0000
vt 0.3311 0.8173 0.0000
vt 0.3241 0.8190 0.0000
vt 0.6793 0.3912 0.0000
vt 0.6845 0.3913 0.0000
vt 0.6843 0.3934 0.0000
vt 0.6794 0.3934 0.0000
vt 0.5384 0.0311 0.0000
vt 0.5377 0.0103 0.0000
vt 0.5430 0.0103 0.0000
vt 0.5432 0.0319 0.0000
vt 0.1732 0.6893 0.0000
vt 0.1665 0.6892 0.0000
vt 0.1667 0.6842 0.0000
vt 0.1732 0.6842 0.0000
vt 0.5358 0.0586 0.0000
vt 0.5328 0.0558 0.0000
vt 0.5395 0.0542 0.0000
vt 0.5406 0.0571 0.0000
vt 0.5377 0.0718 0.0000
vt 0.5388 0.0689 0.0000
vt 0.5435 0.0696 0.0000
vt 0.5402 0.0725 0.0000
vt 0.6549 0.4041 0.0000
vt 0.6549 0.4010 0.0000
vt 0.6617 0.4012 0.0000
vt 0.6605 0.4042 0.0000
vt 0.6902 0.3947 0.0000
vt 0.6891 0.3917 0.0000
vt 0.6935 0.3912 0.0000
vt 0.6935 0.3942 0.0000
vt 0.6256 0.8066 0.0000
vt 0.6310 0.8063 0.0000
vt 0.6318 0.8273 0.0000
vt 0.6273 0.8278 0.0000
vt 0.3542 0.8014 0.0000
vt 0.3549 0.8227 0.0000
vt 0.3480 0.8225 0.0000
vt 0.3472 0.8014 0.0000
vt 0.8017 0.8926 0.0000
vt 0.7530 0.8928 0.0000
vt 0.7530 0.8880 0.0000
vt 0.8017 0.8878 0.0000
vt 0.7529 0.8831 0.0000
vt 0.8017 0.8830 0.0000
vt 0.8017 0.8782 0.0000
vt 0.7529 0.8783 0.0000
vt 0.7529 0.8735 0.0000
vt 0.8017 0.8733 0.0000
vt 0.8018 0.9119 0.0000
vt 0.7530 0.9121 0.0000
vt 0.7530 0.9073 0.0000
vt 0.8018 0.9071 0.0000
vt 0.7530 0.9024 0.0000
vt 0.8017 0.9023 0.0000
vt 0.8017 0.8974 0.0000
vt 0.7530 0.8976 0.0000
vt 0.8013 0.7769 0.0000
vt 0.7526 0.7770 0.0000
vt 0.7526 0.7722 0.0000
vt 0.8013 0.7720 0.0000
vt 0.7526 0.7674 0.0000
vt 0.8013 0.7672 0.0000
vt 0.8018 0.9167 0.0000
vt 0.7530 0.9169 0.0000
vt 0.8018 0.9216 0.0000
vt 0.7531 0.9217 0.0000
vt 0.8014 0.7962 0.0000
vt 0.7527 0.7963 0.0000
vt 0.7526 0.7915 0.0000
vt 0.8014 0.7913 0.0000
vt 0.7526 0.7867 0.0000
vt 0.8014 0.7865 0.0000
vt 0.8014 0.7817 0.0000
vt 0.7526 0.7818 0.0000
vt 0.8015 0.8155 0.0000
vt 0.7527 0.8156 0.0000
vt 0.7527 0.8108 0.0000
vt 0.8015 0.8106 0.0000
vt 0.7527 0.8060 0.0000
vt 0.8014 0.8058 0.0000
vt 0.8014 0.8010 0.0000
vt 0.7527 0.8011 0.0000
vt 0.8015 0.8347 0.0000
vt 0.7528 0.8349 0.0000
vt 0.7528 0.8301 0.0000
vt 0.8015 0.8299 0.0000
vt 0.7528 0.8253 0.0000
vt 0.8015 0.8251 0.0000
vt 0.8015 0.8203 0.0000
vt 0.7527 0.8204 0.0000
vt 0.8016 0.8540 0.0000
vt 0.7528 0.8542 0.0000
vt 0.7528 0.8494 0.0000
vt 0.8016 0.8492 0.0000
vt 0.7528 0.8445 0.0000
vt 0.8016 0.8444 0.0000
vt 0.8015 0.8396 0.0000
vt 0.7528 0.8397 0.0000
vt 0.7529 0.8687 0.0000
vt 0.8016 0.8685 0.0000
vt 0.7529 0.8638 0.0000
vt 0.8016 0.8637 0.0000
vt 0.8016 0.8589 0.0000
vt 0.7529 0.8590 0.0000
vt 0.3208 0.6425 0.0000
vt 0.3258 0.6369 0.0000
vt 0.3292 0.6406 0.0000
vt 0.3231 0.6451 0.0000
vt 0.3317 0.6448 0.0000
vt 0.3249 0.6481 0.0000
vt 0.3267 0.6548 0.0000
vt 0.3342 0.6544 0.0000
vt 0.3339 0.6593 0.0000
vt 0.3265 0.6582 0.0000
vt 0.3328 0.6641 0.0000
vt 0.3256 0.6616 0.0000
vt 0.3221 0.6675 0.0000
vt 0.3277 0.6726 0.0000
vt 0.3241 0.6759 0.0000
vt 0.3196 0.6699 0.0000
vt 0.3198 0.6785 0.0000
vt 0.3166 0.6716 0.0000
vt 0.3099 0.6734 0.0000
vt 0.3103 0.6809 0.0000
vt 0.3054 0.6807 0.0000
vt 0.3064 0.6732 0.0000
vt 0.3005 0.6795 0.0000
vt 0.3031 0.6724 0.0000
vt 0.2971 0.6689 0.0000
vt 0.2921 0.6745 0.0000
vt 0.2887 0.6708 0.0000
vt 0.2948 0.6663 0.0000
vt 0.2862 0.6666 0.0000
vt 0.2930 0.6633 0.0000
vt 0.2913 0.6566 0.0000
vt 0.2837 0.6570 0.0000
vt 0.2840 0.6521 0.0000
vt 0.2914 0.6532 0.0000
vt 0.2852 0.6473 0.0000
vt 0.2923 0.6498 0.0000
vt 0.2958 0.6438 0.0000
vt 0.2902 0.6388 0.0000
vt 0.2938 0.6355 0.0000
vt 0.2984 0.6415 0.0000
vt 0.2981 0.6329 0.0000
vt 0.3013 0.6397 0.0000
vt 0.3080 0.6380 0.0000
vt 0.3076 0.6305 0.0000
vt 0.3126 0.6307 0.0000
vt 0.3115 0.6382 0.0000
vt 0.3174 0.6319 0.0000
vt 0.3149 0.6390 0.0000
vt 0.3153 0.6486 0.0000
vt 0.3165 0.6500 0.0000
vt 0.3175 0.6516 0.0000
vt 0.3184 0.6552 0.0000
vt 0.3183 0.6570 0.0000
vt 0.3179 0.6589 0.0000
vt 0.3160 0.6620 0.0000
vt 0.3146 0.6633 0.0000
vt 0.3130 0.6642 0.0000
vt 0.3095 0.6652 0.0000
vt 0.3076 0.6651 0.0000
vt 0.3058 0.6646 0.0000
vt 0.3026 0.6627 0.0000
vt 0.3014 0.6614 0.0000
vt 0.3004 0.6598 0.0000
vt 0.2995 0.6562 0.0000
vt 0.2996 0.6543 0.0000
vt 0.3000 0.6525 0.0000
vt 0.3019 0.6493 0.0000
vt 0.3033 0.6481 0.0000
vt 0.3049 0.6471 0.0000
vt 0.3085 0.6462 0.0000
vt 0.3103 0.6463 0.0000
vt 0.3121 0.6468 0.0000
vt 0.3334 0.6495 0.0000
vt 0.3261 0.6513 0.0000
vt 0.3307 0.6686 0.0000
vt 0.3242 0.6647 0.0000
vt 0.3152 0.6802 0.0000
vt 0.3133 0.6728 0.0000
vt 0.2961 0.6774 0.0000
vt 0.2999 0.6709 0.0000
vt 0.2845 0.6619 0.0000
vt 0.2918 0.6601 0.0000
vt 0.2873 0.6428 0.0000
vt 0.2937 0.6466 0.0000
vt 0.3027 0.6312 0.0000
vt 0.3046 0.6385 0.0000
vt 0.3219 0.6340 0.0000
vt 0.3180 0.6405 0.0000
vt 0.3181 0.6534 0.0000
vt 0.3171 0.6605 0.0000
vt 0.3113 0.6649 0.0000
vt 0.3041 0.6638 0.0000
vt 0.2998 0.6580 0.0000
vt 0.3008 0.6508 0.0000
vt 0.3066 0.6465 0.0000
vt 0.3138 0.6475 0.0000
vt 0.3407 0.7233 0.0000
vt 0.3424 0.7213 0.0000
vt 0.3441 0.7229 0.0000
vt 0.3419 0.7246 0.0000
vt 0.3454 0.7249 0.0000
vt 0.3428 0.7262 0.0000
vt 0.3461 0.7271 0.0000
vt 0.3464 0.7294 0.0000
vt 0.3438 0.7296 0.0000
vt 0.3435 0.7278 0.0000
vt 0.3464 0.7317 0.0000
vt 0.3437 0.7314 0.0000
vt 0.3460 0.7340 0.0000
vt 0.3433 0.7331 0.0000
vt 0.3449 0.7361 0.0000
vt 0.3435 0.7380 0.0000
vt 0.3415 0.7362 0.0000
vt 0.3425 0.7348 0.0000
vt 0.3419 0.7396 0.0000
vt 0.3402 0.7374 0.0000
vt 0.3399 0.7409 0.0000
vt 0.3387 0.7384 0.0000
vt 0.3377 0.7417 0.0000
vt 0.3354 0.7420 0.0000
vt 0.3352 0.7394 0.0000
vt 0.3370 0.7390 0.0000
vt 0.3331 0.7420 0.0000
vt 0.3334 0.7393 0.0000
vt 0.3308 0.7415 0.0000
vt 0.3317 0.7388 0.0000
vt 0.3287 0.7405 0.0000
vt 0.3268 0.7391 0.0000
vt 0.3286 0.7371 0.0000
vt 0.3301 0.7381 0.0000
vt 0.3252 0.7375 0.0000
vt 0.3274 0.7358 0.0000
vt 0.3239 0.7355 0.0000
vt 0.3265 0.7342 0.0000
vt 0.3231 0.7333 0.0000
vt 0.3228 0.7310 0.0000
vt 0.3255 0.7308 0.0000
vt 0.3258 0.7326 0.0000
vt 0.3228 0.7287 0.0000
vt 0.3256 0.7290 0.0000
vt 0.3233 0.7264 0.0000
vt 0.3260 0.7273 0.0000
vt 0.3243 0.7243 0.0000
vt 0.3257 0.7224 0.0000
vt 0.3277 0.7242 0.0000
vt 0.3267 0.7256 0.0000
vt 0.3274 0.7208 0.0000
vt 0.3291 0.7230 0.0000
vt 0.3293 0.7195 0.0000
vt 0.3306 0.7220 0.0000
vt 0.3315 0.7187 0.0000
vt 0.3339 0.7184 0.0000
vt 0.3340 0.7211 0.0000
vt 0.3323 0.7214 0.0000
vt 0.3362 0.7184 0.0000
vt 0.3358 0.7211 0.0000
vt 0.3385 0.7189 0.0000
vt 0.3376 0.7216 0.0000
vt 0.3406 0.7199 0.0000
vt 0.3392 0.7223 0.0000
vt 0.3411 0.6948 0.0000
vt 0.3423 0.6962 0.0000
vt 0.3351 0.7017 0.0000
vt 0.3432 0.6977 0.0000
vt 0.3439 0.6994 0.0000
vt 0.3442 0.7011 0.0000
vt 0.3441 0.7029 0.0000
vt 0.3437 0.7047 0.0000
vt 0.3430 0.7063 0.0000
vt 0.3420 0.7078 0.0000
vt 0.3406 0.7090 0.0000
vt 0.3391 0.7099 0.0000
vt 0.3374 0.7106 0.0000
vt 0.3357 0.7109 0.0000
vt 0.3339 0.7108 0.0000
vt 0.3322 0.7104 0.0000
vt 0.3305 0.7096 0.0000
vt 0.3290 0.7086 0.0000
vt 0.3278 0.7073 0.0000
vt 0.3269 0.7058 0.0000
vt 0.3262 0.7041 0.0000
vt 0.3259 0.7023 0.0000
vt 0.3260 0.7005 0.0000
vt 0.3264 0.6988 0.0000
vt 0.3272 0.6972 0.0000
vt 0.3282 0.6957 0.0000
vt 0.3295 0.6945 0.0000
vt 0.3310 0.6936 0.0000
vt 0.3327 0.6929 0.0000
vt 0.3345 0.6926 0.0000
vt 0.3363 0.6927 0.0000
vt 0.3380 0.6931 0.0000
vt 0.3396 0.6938 0.0000
vt 0.6374 0.7922 0.0000
vt 0.6342 0.7959 0.0000
vt 0.6290 0.7905 0.0000
vt 0.6312 0.7879 0.0000
vt 0.6398 0.7878 0.0000
vt 0.6329 0.7848 0.0000
vt 0.6415 0.7733 0.0000
vt 0.6419 0.7782 0.0000
vt 0.6344 0.7781 0.0000
vt 0.6341 0.7746 0.0000
vt 0.6401 0.7685 0.0000
vt 0.6331 0.7713 0.0000
vt 0.6310 0.7570 0.0000
vt 0.6348 0.7602 0.0000
vt 0.6294 0.7655 0.0000
vt 0.6267 0.7633 0.0000
vt 0.6267 0.7546 0.0000
vt 0.6237 0.7616 0.0000
vt 0.6121 0.7530 0.0000
vt 0.6170 0.7526 0.0000
vt 0.6169 0.7601 0.0000
vt 0.6135 0.7604 0.0000
vt 0.6073 0.7544 0.0000
vt 0.6101 0.7614 0.0000
vt 0.5959 0.7635 0.0000
vt 0.5991 0.7597 0.0000
vt 0.6043 0.7651 0.0000
vt 0.6021 0.7678 0.0000
vt 0.5935 0.7678 0.0000
vt 0.6004 0.7708 0.0000
vt 0.5918 0.7824 0.0000
vt 0.5914 0.7774 0.0000
vt 0.5989 0.7775 0.0000
vt 0.5992 0.7810 0.0000
vt 0.5932 0.7871 0.0000
vt 0.6002 0.7843 0.0000
vt 0.6023 0.7986 0.0000
vt 0.5985 0.7954 0.0000
vt 0.6039 0.7902 0.0000
vt 0.6066 0.7924 0.0000
vt 0.6066 0.8010 0.0000
vt 0.6096 0.7940 0.0000
vt 0.6212 0.8026 0.0000
vt 0.6163 0.8031 0.0000
vt 0.6164 0.7955 0.0000
vt 0.6198 0.7952 0.0000
vt 0.6260 0.8013 0.0000
vt 0.6232 0.7942 0.0000
vt 0.6233 0.7846 0.0000
vt 0.6245 0.7832 0.0000
vt 0.6254 0.7816 0.0000
vt 0.6261 0.7780 0.0000
vt 0.6260 0.7761 0.0000
vt 0.6255 0.7743 0.0000
vt 0.6235 0.7712 0.0000
vt 0.6220 0.7700 0.0000
vt 0.6204 0.7691 0.0000
vt 0.6168 0.7683 0.0000
vt 0.6150 0.7685 0.0000
vt 0.6132 0.7690 0.0000
vt 0.6100 0.7710 0.0000
vt 0.6089 0.7724 0.0000
vt 0.6080 0.7741 0.0000
vt 0.6072 0.7777 0.0000
vt 0.6073 0.7795 0.0000
vt 0.6079 0.7813 0.0000
vt 0.6098 0.7844 0.0000
vt 0.6113 0.7856 0.0000
vt 0.6129 0.7865 0.0000
vt 0.6165 0.7873 0.0000
vt 0.6184 0.7871 0.0000
vt 0.6202 0.7866 0.0000
vt 0.6413 0.7831 0.0000
vt 0.6340 0.7815 0.0000
vt 0.6378 0.7641 0.0000
vt 0.6315 0.7682 0.0000
vt 0.6219 0.7531 0.0000
vt 0.6204 0.7605 0.0000
vt 0.6029 0.7566 0.0000
vt 0.6070 0.7630 0.0000
vt 0.5920 0.7725 0.0000
vt 0.5994 0.7741 0.0000
vt 0.5955 0.7915 0.0000
vt 0.6018 0.7874 0.0000
vt 0.6114 0.8025 0.0000
vt 0.6130 0.7951 0.0000
vt 0.6304 0.7990 0.0000
vt 0.6263 0.7927 0.0000
vt 0.6259 0.7798 0.0000
vt 0.6246 0.7727 0.0000
vt 0.6186 0.7685 0.0000
vt 0.6115 0.7699 0.0000
vt 0.6074 0.7758 0.0000
vt 0.6087 0.7830 0.0000
vt 0.6147 0.7871 0.0000
vt 0.6218 0.7858 0.0000
vt 0.6115 0.8095 0.0000
vt 0.6130 0.8113 0.0000
vt 0.6108 0.8129 0.0000
vt 0.6096 0.8115 0.0000
vt 0.6097 0.8080 0.0000
vt 0.6081 0.8105 0.0000
vt 0.6048 0.8091 0.0000
vt 0.6053 0.8065 0.0000
vt 0.6075 0.8071 0.0000
vt 0.6065 0.8096 0.0000
vt 0.6029 0.8063 0.0000
vt 0.6030 0.8091 0.0000
vt 0.6006 0.8065 0.0000
vt 0.6013 0.8093 0.0000
vt 0.5980 0.8107 0.0000
vt 0.5964 0.8085 0.0000
vt 0.5984 0.8073 0.0000
vt 0.5996 0.8099 0.0000
vt 0.5946 0.8100 0.0000
vt 0.5967 0.8119 0.0000
vt 0.5932 0.8118 0.0000
vt 0.5956 0.8134 0.0000
vt 0.5943 0.8167 0.0000
vt 0.5916 0.8162 0.0000
vt 0.5922 0.8140 0.0000
vt 0.5948 0.8150 0.0000
vt 0.5914 0.8186 0.0000
vt 0.5942 0.8185 0.0000
vt 0.5916 0.8209 0.0000
vt 0.5944 0.8202 0.0000
vt 0.5958 0.8235 0.0000
vt 0.5937 0.8251 0.0000
vt 0.5925 0.8231 0.0000
vt 0.5950 0.8219 0.0000
vt 0.5952 0.8269 0.0000
vt 0.5970 0.8248 0.0000
vt 0.5970 0.8283 0.0000
vt 0.5985 0.8259 0.0000
vt 0.6018 0.8272 0.0000
vt 0.6014 0.8299 0.0000
vt 0.5991 0.8293 0.0000
vt 0.6001 0.8267 0.0000
vt 0.6037 0.8301 0.0000
vt 0.6036 0.8273 0.0000
vt 0.6060 0.8299 0.0000
vt 0.6054 0.8271 0.0000
vt 0.6086 0.8257 0.0000
vt 0.6102 0.8278 0.0000
vt 0.6082 0.8290 0.0000
vt 0.6071 0.8265 0.0000
vt 0.6120 0.8263 0.0000
vt 0.6100 0.8245 0.0000
vt 0.6135 0.8245 0.0000
vt 0.6110 0.8230 0.0000
vt 0.6124 0.8197 0.0000
vt 0.6150 0.8201 0.0000
vt 0.6144 0.8224 0.0000
vt 0.6119 0.8214 0.0000
vt 0.6152 0.8178 0.0000
vt 0.6124 0.8179 0.0000
vt 0.6150 0.8155 0.0000
vt 0.6122 0.8161 0.0000
vt 0.6142 0.8133 0.0000
vt 0.6116 0.8144 0.0000
vt 0.5797 0.7802 0.0000
vt 0.5722 0.7855 0.0000
vt 0.5785 0.7788 0.0000
vt 0.5770 0.7777 0.0000
vt 0.5754 0.7769 0.0000
vt 0.5737 0.7764 0.0000
vt 0.5719 0.7763 0.0000
vt 0.5701 0.7766 0.0000
vt 0.5684 0.7771 0.0000
vt 0.5669 0.7780 0.0000
vt 0.5655 0.7792 0.0000
vt 0.5645 0.7807 0.0000
vt 0.5636 0.7822 0.0000
vt 0.5632 0.7840 0.0000
vt 0.5631 0.7858 0.0000
vt 0.5633 0.7875 0.0000
vt 0.5639 0.7892 0.0000
vt 0.5647 0.7908 0.0000
vt 0.5659 0.7921 0.0000
vt 0.5674 0.7932 0.0000
vt 0.5690 0.7940 0.0000
vt 0.5707 0.7945 0.0000
vt 0.5725 0.7946 0.0000
vt 0.5742 0.7944 0.0000
vt 0.5760 0.7938 0.0000
vt 0.5775 0.7929 0.0000
vt 0.5789 0.7917 0.0000
vt 0.5799 0.7903 0.0000
vt 0.5807 0.7887 0.0000
vt 0.5812 0.7870 0.0000
vt 0.5813 0.7852 0.0000
vt 0.5811 0.7834 0.0000
vt 0.5805 0.7817 0.0000
vt 0.1615 0.7274 0.0000
vt 0.1665 0.7273 0.0000
vt 0.1674 0.7963 0.0000
vt 0.1623 0.7973 0.0000
vt 0.1829 0.8694 0.0000
vt 0.1776 0.8694 0.0000
vt 0.1769 0.7978 0.0000
vt 0.1819 0.7956 0.0000
vt 0.1695 0.8047 0.0000
vt 0.1696 0.8695 0.0000
vt 0.1631 0.8695 0.0000
vt 0.1708 0.8049 0.0000
vt 0.1709 0.8694 0.0000
vt 0.1743 0.8694 0.0000
vt 0.1738 0.8020 0.0000
vt 0.1717 0.7272 0.0000
vt 0.1754 0.7272 0.0000
vt 0.1761 0.7757 0.0000
vt 0.1724 0.7798 0.0000
vt 0.1726 0.7885 0.0000
vt 0.1761 0.7838 0.0000
vt 0.1762 0.7855 0.0000
vt 0.1730 0.7901 0.0000
vt 0.1814 0.7827 0.0000
vt 0.1813 0.7808 0.0000
vt 0.1812 0.7733 0.0000
vt 0.0956 0.5883 0.0000
vt 0.0960 0.6007 0.0000
vt 0.0913 0.6009 0.0000
vt 0.0909 0.5860 0.0000
vt 0.1018 0.5902 0.0000
vt 0.1005 0.6009 0.0000
vt 0.0880 0.5844 0.0000
vt 0.0860 0.5816 0.0000
vt 0.0847 0.5817 0.0000
vt 0.0866 0.6029 0.0000
vt 0.1806 0.7271 0.0000
vt 0.5292 0.4450 0.0000
vt 0.5341 0.4449 0.0000
vt 0.5325 0.4930 0.0000
vt 0.5240 0.4457 0.0000
vt 0.5204 0.4465 0.0000
vt 0.5155 0.4478 0.0000
vt 0.6723 0.7510 0.0000
vt 0.6699 0.7616 0.0000
vt 0.6648 0.7599 0.0000
vt 0.6689 0.7499 0.0000
vt 0.6758 0.7622 0.0000
vt 0.6761 0.7513 0.0000
vt 0.6767 0.7305 0.0000
vt 0.1880 0.7945 0.0000
vt 0.1893 0.8693 0.0000
vt 0.1878 0.7811 0.0000
vt 0.1869 0.7270 0.0000
vt 0.1876 0.7720 0.0000
vt 0.1878 0.7791 0.0000
vt 0.5097 0.4501 0.0000
vt 0.6601 0.7575 0.0000
vt 0.6658 0.7483 0.0000
vt 0.2122 0.7265 0.0000
vt 0.2172 0.7264 0.0000
vt 0.2190 0.7954 0.0000
vt 0.2138 0.7965 0.0000
vt 0.2352 0.8684 0.0000
vt 0.2299 0.8684 0.0000
vt 0.2284 0.7968 0.0000
vt 0.2334 0.7945 0.0000
vt 0.2397 0.7933 0.0000
vt 0.2418 0.8682 0.0000
vt 0.2212 0.8038 0.0000
vt 0.2219 0.8685 0.0000
vt 0.2154 0.8687 0.0000
vt 0.2224 0.8040 0.0000
vt 0.2232 0.8685 0.0000
vt 0.2266 0.8685 0.0000
vt 0.2254 0.8010 0.0000
vt 0.2225 0.7263 0.0000
vt 0.2262 0.7262 0.0000
vt 0.2273 0.7747 0.0000
vt 0.2237 0.7789 0.0000
vt 0.2240 0.7875 0.0000
vt 0.2274 0.7828 0.0000
vt 0.2276 0.7846 0.0000
vt 0.2244 0.7892 0.0000
vt 0.2327 0.7817 0.0000
vt 0.2394 0.7801 0.0000
vt 0.2313 0.7261 0.0000
vt 0.2378 0.7259 0.0000
vt 0.2391 0.7708 0.0000
vt 0.2325 0.7723 0.0000
vt 0.2326 0.7798 0.0000
vt 0.2393 0.7780 0.0000
vt 0.1306 0.6066 0.0000
vt 0.1201 0.6131 0.0000
vt 0.1175 0.6092 0.0000
vt 0.1302 0.6013 0.0000
vt 0.1321 0.6131 0.0000
vt 0.1223 0.6173 0.0000
vt 0.1301 0.5980 0.0000
vt 0.1315 0.5949 0.0000
vt 0.1308 0.5938 0.0000
vt 0.1135 0.6062 0.0000
vt 0.4893 0.4717 0.0000
vt 0.4917 0.4674 0.0000
vt 0.4873 0.4765 0.0000
vt 0.4862 0.4800 0.0000
vt 0.4849 0.4849 0.0000
vt 0.4840 0.4914 0.0000
vt 0.6568 0.7370 0.0000
vt 0.6465 0.7403 0.0000
vt 0.6453 0.7351 0.0000
vt 0.6560 0.7335 0.0000
vt 0.6451 0.7296 0.0000
vt 0.6558 0.7299 0.0000
vt 0.6489 0.7456 0.0000
vt 0.6584 0.7405 0.0000
vt 0.2086 0.7956 0.0000
vt 0.2073 0.7266 0.0000
vt 0.1957 0.8692 0.0000
vt 0.1942 0.7954 0.0000
vt 0.1993 0.7974 0.0000
vt 0.2010 0.8690 0.0000
vt 0.2090 0.8688 0.0000
vt 0.2068 0.8041 0.0000
vt 0.2077 0.8688 0.0000
vt 0.2056 0.8043 0.0000
vt 0.2025 0.8015 0.0000
vt 0.2043 0.8690 0.0000
vt 0.2020 0.7267 0.0000
vt 0.2031 0.7793 0.0000
vt 0.1993 0.7754 0.0000
vt 0.1983 0.7268 0.0000
vt 0.2033 0.7880 0.0000
vt 0.2029 0.7896 0.0000
vt 0.1995 0.7852 0.0000
vt 0.1996 0.7834 0.0000
vt 0.1943 0.7825 0.0000
vt 0.1943 0.7806 0.0000
vt 0.1941 0.7731 0.0000
vt 0.1082 0.5899 0.0000
vt 0.1134 0.5887 0.0000
vt 0.1094 0.6031 0.0000
vt 0.1049 0.6018 0.0000
vt 0.1167 0.5879 0.0000
vt 0.1192 0.5857 0.0000
vt 0.1205 0.5860 0.0000
vt 0.1932 0.7269 0.0000
vt 0.4946 0.4634 0.0000
vt 0.4980 0.4595 0.0000
vt 0.5007 0.4570 0.0000
vt 0.5045 0.4537 0.0000
vt 0.6559 0.7544 0.0000
vt 0.6521 0.7506 0.0000
vt 0.6605 0.7437 0.0000
vt 0.6630 0.7463 0.0000
vt 0.3137 0.7233 0.0000
vt 0.3174 0.7931 0.0000
vt 0.3122 0.7924 0.0000
vt 0.3088 0.7235 0.0000
vt 0.3010 0.8662 0.0000
vt 0.2977 0.7925 0.0000
vt 0.3028 0.7945 0.0000
vt 0.3063 0.8660 0.0000
vt 0.3143 0.8656 0.0000
vt 0.3106 0.8009 0.0000
vt 0.3208 0.8653 0.0000
vt 0.3130 0.8656 0.0000
vt 0.3093 0.8012 0.0000
vt 0.3062 0.7984 0.0000
vt 0.3096 0.8658 0.0000
vt 0.3036 0.7237 0.0000
vt 0.3062 0.7762 0.0000
vt 0.3023 0.7724 0.0000
vt 0.2999 0.7239 0.0000
vt 0.3066 0.7849 0.0000
vt 0.3063 0.7866 0.0000
vt 0.3027 0.7822 0.0000
vt 0.3028 0.7804 0.0000
vt 0.2974 0.7797 0.0000
vt 0.2974 0.7777 0.0000
vt 0.2970 0.7703 0.0000
vt 0.1245 0.6565 0.0000
vt 0.1228 0.6616 0.0000
vt 0.1124 0.6508 0.0000
vt 0.1158 0.6477 0.0000
vt 0.1274 0.6508 0.0000
vt 0.1189 0.6443 0.0000
vt 0.1219 0.6648 0.0000
vt 0.1225 0.6681 0.0000
vt 0.1216 0.6690 0.0000
vt 0.1078 0.6528 0.0000
vt 0.2949 0.7241 0.0000
vt 0.5260 0.5407 0.0000
vt 0.5309 0.5411 0.0000
vt 0.5209 0.5397 0.0000
vt 0.5174 0.5386 0.0000
vt 0.5126 0.5369 0.0000
vt 0.6664 0.7006 0.0000
vt 0.6716 0.6991 0.0000
vt 0.6734 0.7098 0.0000
vt 0.6699 0.7107 0.0000
vt 0.6775 0.6989 0.0000
vt 0.6772 0.7097 0.0000
vt 0.2945 0.8665 0.0000
vt 0.2915 0.7917 0.0000
vt 0.2909 0.7784 0.0000
vt 0.2905 0.7692 0.0000
vt 0.2886 0.7243 0.0000
vt 0.2908 0.7764 0.0000
vt 0.5069 0.5342 0.0000
vt 0.6668 0.7121 0.0000
vt 0.6616 0.7026 0.0000
vt 0.2634 0.7252 0.0000
vt 0.2658 0.7951 0.0000
vt 0.2606 0.7943 0.0000
vt 0.2584 0.7253 0.0000
vt 0.2485 0.8680 0.0000
vt 0.2461 0.7942 0.0000
vt 0.2512 0.7962 0.0000
vt 0.2538 0.8678 0.0000
vt 0.2618 0.8675 0.0000
vt 0.2589 0.8028 0.0000
vt 0.2682 0.8673 0.0000
vt 0.2605 0.8675 0.0000
vt 0.2576 0.8031 0.0000
vt 0.2545 0.8002 0.0000
vt 0.2571 0.8677 0.0000
vt 0.2532 0.7255 0.0000
vt 0.2549 0.7780 0.0000
vt 0.2511 0.7741 0.0000
vt 0.2495 0.7256 0.0000
vt 0.2551 0.7867 0.0000
vt 0.2548 0.7884 0.0000
vt 0.2514 0.7839 0.0000
vt 0.2514 0.7821 0.0000
vt 0.2462 0.7813 0.0000
vt 0.2444 0.7258 0.0000
vt 0.2458 0.7719 0.0000
vt 0.2461 0.7794 0.0000
vt 0.1357 0.6187 0.0000
vt 0.1392 0.6227 0.0000
vt 0.1247 0.6263 0.0000
vt 0.1237 0.6217 0.0000
vt 0.1415 0.6251 0.0000
vt 0.1447 0.6262 0.0000
vt 0.1451 0.6275 0.0000
vt 0.1241 0.6312 0.0000
vt 0.4880 0.5114 0.0000
vt 0.4901 0.5158 0.0000
vt 0.4863 0.5064 0.0000
vt 0.4855 0.5029 0.0000
vt 0.4845 0.4979 0.0000
vt 0.6456 0.7243 0.0000
vt 0.6471 0.7191 0.0000
vt 0.6572 0.7229 0.0000
vt 0.6562 0.7264 0.0000
vt 0.6497 0.7140 0.0000
vt 0.6590 0.7196 0.0000
vt 0.2684 0.7250 0.0000
vt 0.2709 0.7940 0.0000
vt 0.2881 0.8667 0.0000
vt 0.2827 0.8669 0.0000
vt 0.2804 0.7953 0.0000
vt 0.2853 0.7930 0.0000
vt 0.2732 0.8023 0.0000
vt 0.2747 0.8671 0.0000
vt 0.2745 0.8025 0.0000
vt 0.2760 0.8670 0.0000
vt 0.2794 0.8670 0.0000
vt 0.2774 0.7995 0.0000
vt 0.2736 0.7249 0.0000
vt 0.2773 0.7247 0.0000
vt 0.2791 0.7732 0.0000
vt 0.2755 0.7774 0.0000
vt 0.2759 0.7861 0.0000
vt 0.2793 0.7813 0.0000
vt 0.2795 0.7831 0.0000
vt 0.2763 0.7877 0.0000
vt 0.2845 0.7801 0.0000
vt 0.2844 0.7782 0.0000
vt 0.2842 0.7708 0.0000
vt 0.1321 0.6464 0.0000
vt 0.1213 0.6405 0.0000
vt 0.1234 0.6363 0.0000
vt 0.1366 0.6435 0.0000
vt 0.1394 0.6417 0.0000
vt 0.1428 0.6414 0.0000
vt 0.1434 0.6403 0.0000
vt 0.2824 0.7246 0.0000
vt 0.4927 0.5200 0.0000
vt 0.4959 0.5241 0.0000
vt 0.4984 0.5268 0.0000
vt 0.5020 0.5304 0.0000
vt 0.6612 0.7164 0.0000
vt 0.6532 0.7091 0.0000
vt 0.6572 0.7056 0.0000
vt 0.6639 0.7140 0.0000
vt 0.6590 0.7195 0.0000
vt 0.1571 0.7964 0.0000
vt 0.1565 0.7274 0.0000
vt 0.1434 0.8699 0.0000
vt 0.1427 0.7960 0.0000
vt 0.1478 0.7981 0.0000
vt 0.1487 0.8698 0.0000
vt 0.1567 0.8696 0.0000
vt 0.1552 0.8048 0.0000
vt 0.1554 0.8696 0.0000
vt 0.1540 0.8051 0.0000
vt 0.1509 0.8022 0.0000
vt 0.1520 0.8697 0.0000
vt 0.1513 0.7275 0.0000
vt 0.1518 0.7800 0.0000
vt 0.1481 0.7761 0.0000
vt 0.1476 0.7275 0.0000
vt 0.1518 0.7887 0.0000
vt 0.1515 0.7904 0.0000
vt 0.1481 0.7859 0.0000
vt 0.1482 0.7841 0.0000
vt 0.1429 0.7832 0.0000
vt 0.1429 0.7813 0.0000
vt 0.1428 0.7738 0.0000
vt 0.0699 0.5992 0.0000
vt 0.0716 0.5941 0.0000
vt 0.0820 0.6049 0.0000
vt 0.0786 0.6080 0.0000
vt 0.0670 0.6049 0.0000
vt 0.0755 0.6114 0.0000
vt 0.0725 0.5910 0.0000
vt 0.0719 0.5876 0.0000
vt 0.0728 0.5867 0.0000
vt 0.1425 0.7276 0.0000
vt 0.5390 0.4453 0.0000
vt 0.5441 0.4463 0.0000
vt 0.5476 0.4474 0.0000
vt 0.5524 0.4491 0.0000
vt 0.6869 0.7605 0.0000
vt 0.6816 0.7619 0.0000
vt 0.6799 0.7512 0.0000
vt 0.6834 0.7503 0.0000
vt 0.1370 0.8699 0.0000
vt 0.1365 0.7951 0.0000
vt 0.1364 0.7817 0.0000
vt 0.1364 0.7725 0.0000
vt 0.1361 0.7276 0.0000
vt 0.1364 0.7797 0.0000
vt 0.5581 0.4517 0.0000
vt 0.6866 0.7489 0.0000
vt 0.6917 0.7585 0.0000
vt 0.1108 0.7277 0.0000
vt 0.1108 0.7976 0.0000
vt 0.1056 0.7967 0.0000
vt 0.1058 0.7277 0.0000
vt 0.0910 0.8700 0.0000
vt 0.0911 0.7962 0.0000
vt 0.0962 0.7983 0.0000
vt 0.0963 0.8700 0.0000
vt 0.0844 0.8700 0.0000
vt 0.0848 0.7951 0.0000
vt 0.1043 0.8699 0.0000
vt 0.1036 0.8051 0.0000
vt 0.1108 0.8699 0.0000
vt 0.1030 0.8699 0.0000
vt 0.1023 0.8054 0.0000
vt 0.0993 0.8025 0.0000
vt 0.0996 0.8699 0.0000
vt 0.1006 0.7277 0.0000
vt 0.1005 0.7803 0.0000
vt 0.0968 0.7762 0.0000
vt 0.0968 0.7277 0.0000
vt 0.1004 0.7889 0.0000
vt 0.1000 0.7906 0.0000
vt 0.0967 0.7861 0.0000
vt 0.0968 0.7843 0.0000
vt 0.0849 0.7818 0.0000
vt 0.0916 0.7833 0.0000
vt 0.0917 0.7277 0.0000
vt 0.0916 0.7739 0.0000
vt 0.0849 0.7726 0.0000
vt 0.0852 0.7277 0.0000
vt 0.0916 0.7814 0.0000
vt 0.0849 0.7798 0.0000
vt 0.0587 0.6370 0.0000
vt 0.0552 0.6330 0.0000
vt 0.0697 0.6295 0.0000
vt 0.0707 0.6340 0.0000
vt 0.0623 0.6426 0.0000
vt 0.0721 0.6384 0.0000
vt 0.0529 0.6307 0.0000
vt 0.0497 0.6295 0.0000
vt 0.0493 0.6282 0.0000
vt 0.0703 0.6244 0.0000
vt 0.5770 0.4746 0.0000
vt 0.5749 0.4702 0.0000
vt 0.5786 0.4795 0.0000
vt 0.5795 0.4831 0.0000
vt 0.5805 0.4881 0.0000
vt 0.5810 0.4946 0.0000
vt 0.7078 0.7368 0.0000
vt 0.7064 0.7420 0.0000
vt 0.6962 0.7381 0.0000
vt 0.6972 0.7346 0.0000
vt 0.6976 0.7311 0.0000
vt 0.7083 0.7314 0.0000
vt 0.7036 0.7472 0.0000
vt 0.6944 0.7415 0.0000
vt 0.1157 0.7277 0.0000
vt 0.1159 0.7967 0.0000
vt 0.1305 0.8699 0.0000
vt 0.1252 0.8699 0.0000
vt 0.1253 0.7983 0.0000
vt 0.1303 0.7961 0.0000
vt 0.1179 0.8051 0.0000
vt 0.1172 0.8699 0.0000
vt 0.1192 0.8053 0.0000
vt 0.1186 0.8699 0.0000
vt 0.1219 0.8699 0.0000
vt 0.1222 0.8024 0.0000
vt 0.1210 0.7277 0.0000
vt 0.1247 0.7277 0.0000
vt 0.1248 0.7762 0.0000
vt 0.1211 0.7802 0.0000
vt 0.1211 0.7889 0.0000
vt 0.1247 0.7842 0.0000
vt 0.1249 0.7860 0.0000
vt 0.1215 0.7906 0.0000
vt 0.1300 0.7833 0.0000
vt 0.1300 0.7813 0.0000
vt 0.1300 0.7739 0.0000
vt 0.0623 0.6093 0.0000
vt 0.0731 0.6152 0.0000
vt 0.0710 0.6194 0.0000
vt 0.0578 0.6122 0.0000
vt 0.0550 0.6140 0.0000
vt 0.0516 0.6143 0.0000
vt 0.0510 0.6154 0.0000
vt 0.1298 0.7276 0.0000
vt 0.5723 0.4660 0.0000
vt 0.5691 0.4619 0.0000
vt 0.5666 0.4592 0.0000
vt 0.5630 0.4556 0.0000
vt 0.6922 0.7446 0.0000
vt 0.7002 0.7520 0.0000
vt 0.6961 0.7555 0.0000
vt 0.6895 0.7470 0.0000
vt 0.0093 0.7267 0.0000
vt 0.0142 0.7268 0.0000
vt 0.0123 0.7958 0.0000
vt 0.0072 0.7967 0.0000
vt 0.0252 0.8694 0.0000
vt 0.0199 0.8693 0.0000
vt 0.0217 0.7977 0.0000
vt 0.0268 0.7956 0.0000
vt 0.0141 0.8043 0.0000
vt 0.0119 0.8690 0.0000
vt 0.0054 0.8689 0.0000
vt 0.0154 0.8046 0.0000
vt 0.0132 0.8691 0.0000
vt 0.0166 0.8692 0.0000
vt 0.0185 0.8017 0.0000
vt 0.0194 0.7269 0.0000
vt 0.0231 0.7270 0.0000
vt 0.0218 0.7756 0.0000
vt 0.0179 0.7795 0.0000
vt 0.0178 0.7882 0.0000
vt 0.0215 0.7836 0.0000
vt 0.0216 0.7854 0.0000
vt 0.0181 0.7899 0.0000
vt 0.0268 0.7827 0.0000
vt 0.0268 0.7808 0.0000
vt 0.0270 0.7733 0.0000
vt 0.0988 0.6674 0.0000
vt 0.0984 0.6550 0.0000
vt 0.1031 0.6548 0.0000
vt 0.1035 0.6697 0.0000
vt 0.0926 0.6655 0.0000
vt 0.0939 0.6549 0.0000
vt 0.1064 0.6713 0.0000
vt 0.1084 0.6741 0.0000
vt 0.1097 0.6741 0.0000
vt 0.0281 0.7271 0.0000
vt 0.5358 0.5410 0.0000
vt 0.5409 0.5403 0.0000
vt 0.5445 0.5395 0.0000
vt 0.5494 0.5382 0.0000
vt 0.6810 0.7100 0.0000
vt 0.6833 0.6994 0.0000
vt 0.6885 0.7011 0.0000
vt 0.6845 0.7111 0.0000
vt 0.0330 0.7947 0.0000
vt 0.0317 0.8695 0.0000
vt 0.0333 0.7813 0.0000
vt 0.0344 0.7272 0.0000
vt 0.0335 0.7722 0.0000
vt 0.0333 0.7793 0.0000
vt 0.5553 0.5359 0.0000
vt 0.6932 0.7034 0.0000
vt 0.6876 0.7127 0.0000
vt 0.0596 0.7275 0.0000
vt 0.0645 0.7276 0.0000
vt 0.0639 0.7966 0.0000
vt 0.0588 0.7975 0.0000
vt 0.0778 0.8700 0.0000
vt 0.0725 0.8699 0.0000
vt 0.0733 0.7983 0.0000
vt 0.0784 0.7961 0.0000
vt 0.0659 0.8050 0.0000
vt 0.0644 0.8697 0.0000
vt 0.0580 0.8697 0.0000
vt 0.0671 0.8052 0.0000
vt 0.0657 0.8697 0.0000
vt 0.0691 0.8698 0.0000
vt 0.0702 0.8024 0.0000
vt 0.0698 0.7276 0.0000
vt 0.0735 0.7276 0.0000
vt 0.0730 0.7762 0.0000
vt 0.0692 0.7801 0.0000
vt 0.0692 0.7888 0.0000
vt 0.0728 0.7842 0.0000
vt 0.0730 0.7860 0.0000
vt 0.0696 0.7905 0.0000
vt 0.0781 0.7832 0.0000
vt 0.0786 0.7276 0.0000
vt 0.0782 0.7739 0.0000
vt 0.0781 0.7813 0.0000
vt 0.0638 0.6491 0.0000
vt 0.0743 0.6426 0.0000
vt 0.0769 0.6465 0.0000
vt 0.0642 0.6544 0.0000
vt 0.0643 0.6577 0.0000
vt 0.0629 0.6608 0.0000
vt 0.0636 0.6619 0.0000
vt 0.0809 0.6495 0.0000
vt 0.5756 0.5143 0.0000
vt 0.5732 0.5186 0.0000
vt 0.5776 0.5095 0.0000
vt 0.5788 0.5060 0.0000
vt 0.5801 0.5011 0.0000
vt 0.6966 0.7240 0.0000
vt 0.7069 0.7206 0.0000
vt 0.7081 0.7259 0.0000
vt 0.6974 0.7275 0.0000
vt 0.7045 0.7153 0.0000
vt 0.6950 0.7205 0.0000
vt 0.0536 0.7965 0.0000
vt 0.0546 0.7275 0.0000
vt 0.0382 0.8696 0.0000
vt 0.0392 0.7958 0.0000
vt 0.0442 0.7980 0.0000
vt 0.0435 0.8696 0.0000
vt 0.0515 0.8696 0.0000
vt 0.0515 0.8048 0.0000
vt 0.0502 0.8696 0.0000
vt 0.0502 0.8051 0.0000
vt 0.0473 0.8021 0.0000
vt 0.0468 0.8696 0.0000
vt 0.0494 0.7274 0.0000
vt 0.0487 0.7800 0.0000
vt 0.0450 0.7759 0.0000
vt 0.0457 0.7274 0.0000
vt 0.0485 0.7886 0.0000
vt 0.0481 0.7903 0.0000
vt 0.0448 0.7857 0.0000
vt 0.0450 0.7839 0.0000
vt 0.0397 0.7829 0.0000
vt 0.0398 0.7810 0.0000
vt 0.0399 0.7735 0.0000
vt 0.0862 0.6658 0.0000
vt 0.0810 0.6670 0.0000
vt 0.0850 0.6526 0.0000
vt 0.0895 0.6539 0.0000
vt 0.0777 0.6678 0.0000
vt 0.0752 0.6700 0.0000
vt 0.0739 0.6697 0.0000
vt 0.0406 0.7273 0.0000
vt 0.5704 0.5226 0.0000
vt 0.5670 0.5265 0.0000
vt 0.5643 0.5290 0.0000
vt 0.5604 0.5323 0.0000
vt 0.6974 0.7066 0.0000
vt 0.7013 0.7104 0.0000
vt 0.6929 0.7173 0.0000
vt 0.6904 0.7147 0.0000
vt 0.0786 0.5838 0.0000
vt 0.1259 0.5896 0.0000
vt 0.1447 0.6339 0.0000
vt 0.1158 0.6720 0.0000
vt 0.0685 0.6662 0.0000
vt 0.0497 0.6218 0.0000
vt 0.4793 0.5976 0.0000
vt 0.5000 0.5973 0.0000
vt 0.5001 0.6052 0.0000
vt 0.4794 0.6054 0.0000
vt 0.5003 0.6130 0.0000
vt 0.4795 0.6133 0.0000
vt 0.4791 0.5819 0.0000
vt 0.4998 0.5816 0.0000
vt 0.4999 0.5895 0.0000
vt 0.4792 0.5898 0.0000
vt 0.4054 0.7858 0.0000
vt 0.4010 0.7794 0.0000
vt 0.4110 0.7772 0.0000
vt 0.4023 0.7717 0.0000
vt 0.4088 0.7672 0.0000
vt 0.4131 0.7872 0.0000
vt 0.3575 0.8361 0.0000
vt 0.3545 0.8433 0.0000
vt 0.3472 0.8361 0.0000
vt 0.3472 0.8463 0.0000
vt 0.3473 0.8258 0.0000
vt 0.3545 0.8288 0.0000
vt 0.2840 0.7079 0.0000
vt 0.2839 0.7001 0.0000
vt 0.3047 0.6999 0.0000
vt 0.3047 0.7077 0.0000
vt 0.2841 0.7158 0.0000
vt 0.3048 0.7156 0.0000
vt 0.2838 0.6923 0.0000
vt 0.2837 0.6844 0.0000
vt 0.3045 0.6842 0.0000
vt 0.3046 0.6920 0.0000
vt 0.3550 0.8675 0.0000
vt 0.3476 0.8605 0.0000
vt 0.3578 0.8602 0.0000
vt 0.3546 0.8530 0.0000
vt 0.3472 0.8502 0.0000
vt 0.3479 0.8707 0.0000
vt 0.4010 0.7535 0.0000
vt 0.4112 0.7530 0.0000
vt 0.4043 0.7606 0.0000
vt 0.4117 0.7633 0.0000
vt 0.4107 0.7428 0.0000
vt 0.4036 0.7461 0.0000
vt 0.0739 0.4306 0.0000
vt 0.0739 0.4681 0.0000
vt 0.0615 0.4682 0.0000
vt 0.0644 0.4255 0.0000
vt 0.6551 0.6305 0.0000
vt 0.7040 0.6306 0.0000
vt 0.7040 0.6414 0.0000
vt 0.6551 0.6413 0.0000
vt 0.5625 0.5920 0.0000
vt 0.5621 0.5431 0.0000
vt 0.5729 0.5430 0.0000
vt 0.5733 0.5919 0.0000
vt 0.6989 0.6270 0.0000
vt 0.6500 0.6266 0.0000
vt 0.6501 0.6158 0.0000
vt 0.6990 0.6162 0.0000
vt 0.6567 0.5582 0.0000
vt 0.6559 0.5093 0.0000
vt 0.6998 0.5086 0.0000
vt 0.7006 0.5575 0.0000
vt 0.6460 0.5584 0.0000
vt 0.6451 0.5095 0.0000
vt 0.5035 0.8064 0.0000
vt 0.5524 0.8063 0.0000
vt 0.5524 0.8254 0.0000
vt 0.5035 0.8255 0.0000
vt 0.6505 0.5726 0.0000
vt 0.6994 0.5730 0.0000
vt 0.6173 0.5427 0.0000
vt 0.6177 0.5916 0.0000
vt 0.7038 0.6842 0.0000
vt 0.6549 0.6841 0.0000
vt 0.7038 0.6947 0.0000
vt 0.6549 0.6945 0.0000
vt 0.0500 0.4529 0.0000
vt 0.0639 0.1332 0.0000
vt 0.0493 0.0982 0.0000
vt 0.0733 0.0982 0.0000
vt 0.0733 0.1287 0.0000
vt 0.3033 0.0738 0.0000
vt 0.3522 0.0738 0.0000
vt 0.3528 0.4285 0.0000
vt 0.3039 0.4286 0.0000
vt 0.0642 0.3421 0.0000
vt 0.0643 0.3816 0.0000
vt 0.0642 0.2988 0.0000
vt 0.0641 0.2599 0.0000
vt 0.0640 0.2155 0.0000
vt 0.0639 0.1760 0.0000
vt 0.4743 0.1031 0.0000
vt 0.4743 0.1270 0.0000
vt 0.4254 0.1271 0.0000
vt 0.4254 0.1031 0.0000
vt 0.6278 0.5426 0.0000
vt 0.6282 0.5915 0.0000
vt 0.0734 0.1811 0.0000
vt 0.0735 0.2111 0.0000
vt 0.8650 0.9528 0.0000
vt 0.8650 0.9652 0.0000
vt 0.8161 0.9653 0.0000
vt 0.8161 0.9529 0.0000
vt 0.7103 0.5084 0.0000
vt 0.7111 0.5573 0.0000
vt 0.0737 0.3472 0.0000
vt 0.0738 0.3772 0.0000
vt 0.6506 0.5621 0.0000
vt 0.6995 0.5625 0.0000
vt 0.0736 0.2650 0.0000
vt 0.0736 0.2944 0.0000
vt 0.9317 0.4975 0.0000
vt 0.9193 0.4975 0.0000
vt 0.9192 0.4600 0.0000
vt 0.9287 0.4548 0.0000
vt 0.9432 0.4822 0.0000
vt 0.9186 0.1275 0.0000
vt 0.9426 0.1275 0.0000
vt 0.9282 0.1625 0.0000
vt 0.9187 0.1581 0.0000
vt 0.9286 0.4109 0.0000
vt 0.9285 0.3714 0.0000
vt 0.9284 0.3282 0.0000
vt 0.9284 0.2892 0.0000
vt 0.9283 0.2448 0.0000
vt 0.9282 0.2053 0.0000
vt 0.9188 0.2404 0.0000
vt 0.9188 0.2104 0.0000
vt 0.9191 0.4066 0.0000
vt 0.9190 0.3765 0.0000
vt 0.9190 0.3238 0.0000
vt 0.9189 0.2943 0.0000
vt 0.3797 0.7453 0.0000
vt 0.3570 0.7459 0.0000
vt 0.3570 0.7337 0.0000
vt 0.3795 0.7330 0.0000
vt 0.7410 0.7672 0.0000
vt 0.7425 0.8368 0.0000
vt 0.7191 0.8129 0.0000
vt 0.7184 0.7678 0.0000
vt 0.6305 0.5721 0.0000
vt 0.6428 0.5719 0.0000
vt 0.6428 0.5842 0.0000
vt 0.6309 0.5845 0.0000
vt 0.3228 0.7479 0.0000
vt 0.3352 0.7477 0.0000
vt 0.3356 0.7707 0.0000
vt 0.3234 0.7709 0.0000
vt 0.6402 0.1521 0.0000
vt 0.6522 0.1519 0.0000
vt 0.6529 0.1974 0.0000
vt 0.6404 0.1975 0.0000
vt 0.4351 0.6110 0.0000
vt 0.4475 0.6109 0.0000
vt 0.4478 0.6442 0.0000
vt 0.4354 0.6443 0.0000
vt 0.8407 0.9694 0.0000
vt 0.8405 0.9686 0.0000
vt 0.8646 0.9679 0.0000
vt 0.8641 0.9687 0.0000
vt 0.8687 0.9674 0.0000
vt 0.8688 0.9682 0.0000
vt 0.2839 0.7186 0.0000
vt 0.2961 0.7184 0.0000
vt 0.2963 0.7191 0.0000
vt 0.2837 0.7193 0.0000
vt 0.8643 0.9717 0.0000
vt 0.8648 0.9725 0.0000
vt 0.8406 0.9731 0.0000
vt 0.8408 0.9723 0.0000
vt 0.0717 0.6842 0.0000
vt 0.0715 0.6849 0.0000
vt 0.0593 0.6851 0.0000
vt 0.0591 0.6844 0.0000
vt 0.8693 0.9706 0.0000
vt 0.8696 0.9714 0.0000
vt 0.4010 0.8016 0.0000
vt 0.4123 0.8014 0.0000
vt 0.4124 0.8040 0.0000
vt 0.4010 0.8042 0.0000
vt 0.7478 0.9805 0.0000
vt 0.7477 0.9778 0.0000
vt 0.7691 0.9772 0.0000
vt 0.7693 0.9799 0.0000
vt 0.3796 0.7184 0.0000
vt 0.3800 0.7307 0.0000
vt 0.3572 0.7306 0.0000
vt 0.3570 0.7184 0.0000
vt 0.1569 0.6207 0.0000
vt 0.1795 0.6207 0.0000
vt 0.1797 0.6658 0.0000
vt 0.1568 0.6901 0.0000
vt 0.4205 0.7037 0.0000
vt 0.4441 0.7039 0.0000
vt 0.4439 0.7046 0.0000
vt 0.4210 0.7045 0.0000
vt 0.7434 0.9040 0.0000
vt 0.7479 0.9042 0.0000
vt 0.7485 0.9050 0.0000
vt 0.7434 0.9047 0.0000
vt 0.4098 0.7094 0.0000
vt 0.3863 0.7094 0.0000
vt 0.3868 0.7086 0.0000
vt 0.4096 0.7087 0.0000
vt 0.7484 0.9081 0.0000
vt 0.7479 0.9090 0.0000
vt 0.7428 0.9083 0.0000
vt 0.7430 0.9074 0.0000
vt 0.3571 0.7477 0.0000
vt 0.3785 0.7478 0.0000
vt 0.3786 0.7505 0.0000
vt 0.3570 0.7504 0.0000
vt 0.2541 0.7065 0.0000
vt 0.2585 0.7068 0.0000
vt 0.2576 0.7112 0.0000
vt 0.2535 0.7098 0.0000
vt 0.2500 0.7150 0.0000
vt 0.2529 0.7183 0.0000
vt 0.2491 0.7208 0.0000
vt 0.2472 0.7169 0.0000
vt 0.2411 0.7181 0.0000
vt 0.2408 0.7224 0.0000
vt 0.2363 0.7215 0.0000
vt 0.2378 0.7174 0.0000
vt 0.2326 0.7139 0.0000
vt 0.2293 0.7169 0.0000
vt 0.2268 0.7130 0.0000
vt 0.2307 0.7111 0.0000
vt 0.2295 0.7050 0.0000
vt 0.2251 0.7048 0.0000
vt 0.2260 0.7003 0.0000
vt 0.2302 0.7017 0.0000
vt 0.2336 0.6965 0.0000
vt 0.2307 0.6933 0.0000
vt 0.2345 0.6907 0.0000
vt 0.2364 0.6947 0.0000
vt 0.2426 0.6934 0.0000
vt 0.2428 0.6891 0.0000
vt 0.2473 0.6900 0.0000
vt 0.2459 0.6941 0.0000
vt 0.2511 0.6976 0.0000
vt 0.2543 0.6947 0.0000
vt 0.2569 0.6985 0.0000
vt 0.2529 0.7004 0.0000
vt 0.7586 0.4062 0.0000
vt 0.7587 0.5810 0.0000
vt 0.7553 0.5810 0.0000
vt 0.7522 0.4063 0.0000
vt 0.7490 0.5811 0.0000
vt 0.7456 0.5811 0.0000
vt 0.7459 0.4063 0.0000
vt 0.7396 0.4064 0.0000
vt 0.7393 0.5812 0.0000
vt 0.7359 0.5812 0.0000
vt 0.7332 0.4064 0.0000
vt 0.7296 0.5812 0.0000
vt 0.7263 0.5813 0.0000
vt 0.7269 0.4064 0.0000
vt 0.7206 0.4065 0.0000
vt 0.7200 0.5813 0.0000
vt 0.7166 0.5813 0.0000
vt 0.7142 0.4065 0.0000
vt 0.7876 0.5807 0.0000
vt 0.7843 0.5807 0.0000
vt 0.7838 0.4059 0.0000
vt 0.7775 0.4060 0.0000
vt 0.7780 0.5808 0.0000
vt 0.7746 0.5808 0.0000
vt 0.7711 0.4061 0.0000
vt 0.7683 0.5809 0.0000
vt 0.7649 0.5809 0.0000
vt 0.7648 0.4061 0.0000
vt 0.7697 0.5868 0.0000
vt 0.7671 0.7616 0.0000
vt 0.7625 0.7616 0.0000
vt 0.7611 0.5868 0.0000
vt 0.7954 0.5869 0.0000
vt 0.7932 0.7616 0.0000
vt 0.7886 0.7616 0.0000
vt 0.7868 0.5869 0.0000
vt 0.8211 0.5868 0.0000
vt 0.8194 0.7616 0.0000
vt 0.8148 0.7616 0.0000
vt 0.8124 0.5869 0.0000
vt 0.7441 0.5867 0.0000
vt 0.7409 0.7615 0.0000
vt 0.7363 0.7614 0.0000
vt 0.7354 0.5867 0.0000
vt 0.8063 0.7616 0.0000
vt 0.8018 0.7616 0.0000
vt 0.8039 0.5869 0.0000
vt 0.7278 0.7614 0.0000
vt 0.7233 0.7613 0.0000
vt 0.7269 0.5866 0.0000
vt 0.7540 0.7615 0.0000
vt 0.7494 0.7615 0.0000
vt 0.7526 0.5868 0.0000
vt 0.7801 0.7616 0.0000
vt 0.7756 0.7616 0.0000
vt 0.7782 0.5869 0.0000
vt 0.2557 0.7150 0.0000
vt 0.2520 0.7126 0.0000
vt 0.2582 0.7025 0.0000
vt 0.2539 0.7034 0.0000
vt 0.2451 0.7221 0.0000
vt 0.2442 0.7178 0.0000
vt 0.2326 0.7196 0.0000
vt 0.2350 0.7160 0.0000
vt 0.2255 0.7090 0.0000
vt 0.2298 0.7082 0.0000
vt 0.2280 0.6965 0.0000
vt 0.2316 0.6989 0.0000
vt 0.2386 0.6894 0.0000
vt 0.2394 0.6937 0.0000
vt 0.2511 0.6919 0.0000
vt 0.2487 0.6955 0.0000
vt 0.7521 0.5811 0.0000
vt 0.7618 0.5810 0.0000
vt 0.7424 0.5811 0.0000
vt 0.7328 0.5812 0.0000
vt 0.7231 0.5813 0.0000
vt 0.7135 0.5813 0.0000
vt 0.7811 0.5808 0.0000
vt 0.7901 0.4058 0.0000
vt 0.7908 0.5807 0.0000
vt 0.7715 0.5809 0.0000
vt 0.7583 0.7616 0.0000
vt 0.7713 0.7616 0.0000
vt 0.7844 0.7616 0.0000
vt 0.7975 0.7616 0.0000
vt 0.8106 0.7616 0.0000
vt 0.8237 0.7616 0.0000
vt 0.7321 0.7614 0.0000
vt 0.7451 0.7615 0.0000
vt 0.7189 0.7613 0.0000
vt 0.7184 0.5865 0.0000
vt 0.5710 0.8256 0.0000
vt 0.5646 0.8248 0.0000
vt 0.5693 0.8135 0.0000
vt 0.5596 0.8209 0.0000
vt 0.5572 0.8151 0.0000
vt 0.5581 0.8088 0.0000
vt 0.5619 0.8038 0.0000
vt 0.5677 0.8014 0.0000
vt 0.5741 0.8022 0.0000
vt 0.5790 0.8061 0.0000
vt 0.5814 0.8119 0.0000
vt 0.5806 0.8182 0.0000
vt 0.5768 0.8232 0.0000
vt 0.4290 0.7981 0.0000
vt 0.4293 0.7993 0.0000
vt 0.4284 0.7995 0.0000
vt 0.4277 0.7989 0.0000
vt 0.4286 0.7969 0.0000
vt 0.4269 0.7980 0.0000
vt 0.4306 0.7979 0.0000
vt 0.4305 0.7992 0.0000
vt 0.4306 0.7965 0.0000
vt 0.4321 0.7981 0.0000
vt 0.4334 0.7989 0.0000
vt 0.4327 0.7995 0.0000
vt 0.4318 0.7993 0.0000
vt 0.4326 0.7969 0.0000
vt 0.4343 0.7981 0.0000
vt 0.4290 0.8053 0.0000
vt 0.4277 0.8045 0.0000
vt 0.4284 0.8039 0.0000
vt 0.4293 0.8041 0.0000
vt 0.4306 0.8055 0.0000
vt 0.4306 0.8042 0.0000
vt 0.4286 0.8065 0.0000
vt 0.4268 0.8054 0.0000
vt 0.4306 0.8069 0.0000
vt 0.4321 0.8052 0.0000
vt 0.4318 0.8041 0.0000
vt 0.4327 0.8038 0.0000
vt 0.4334 0.8045 0.0000
vt 0.4326 0.8064 0.0000
vt 0.4342 0.8053 0.0000
vt 0.4293 0.8005 0.0000
vt 0.4281 0.8005 0.0000
vt 0.4305 0.8004 0.0000
vt 0.4292 0.8017 0.0000
vt 0.4280 0.8017 0.0000
vt 0.4305 0.8017 0.0000
vt 0.4318 0.8005 0.0000
vt 0.4329 0.8005 0.0000
vt 0.4318 0.8017 0.0000
vt 0.4331 0.8017 0.0000
vt 0.4318 0.8029 0.0000
vt 0.4330 0.8029 0.0000
vt 0.4305 0.8030 0.0000
vt 0.4293 0.8029 0.0000
vt 0.4281 0.8029 0.0000
vt 0.4341 0.8002 0.0000
vt 0.4353 0.7997 0.0000
vt 0.4343 0.8017 0.0000
vt 0.4357 0.8017 0.0000
vt 0.4341 0.8032 0.0000
vt 0.4353 0.8037 0.0000
vt 0.4270 0.8002 0.0000
vt 0.4268 0.8017 0.0000
vt 0.4258 0.7996 0.0000
vt 0.4254 0.8017 0.0000
vt 0.4270 0.8032 0.0000
vt 0.4257 0.8037 0.0000
vt 0.4144 0.8079 0.0000
vt 0.4147 0.8091 0.0000
vt 0.4137 0.8093 0.0000
vt 0.4131 0.8086 0.0000
vt 0.4139 0.8067 0.0000
vt 0.4123 0.8077 0.0000
vt 0.4159 0.8077 0.0000
vt 0.4159 0.8089 0.0000
vt 0.4159 0.8063 0.0000
vt 0.4174 0.8079 0.0000
vt 0.4187 0.8086 0.0000
vt 0.4181 0.8093 0.0000
vt 0.4171 0.8090 0.0000
vt 0.4180 0.8067 0.0000
vt 0.4196 0.8078 0.0000
vt 0.4144 0.8150 0.0000
vt 0.4131 0.8143 0.0000
vt 0.4137 0.8136 0.0000
vt 0.4147 0.8139 0.0000
vt 0.4159 0.8152 0.0000
vt 0.4159 0.8140 0.0000
vt 0.4139 0.8163 0.0000
vt 0.4122 0.8152 0.0000
vt 0.4159 0.8166 0.0000
vt 0.4174 0.8150 0.0000
vt 0.4171 0.8139 0.0000
vt 0.4181 0.8136 0.0000
vt 0.4187 0.8143 0.0000
vt 0.4180 0.8162 0.0000
vt 0.4196 0.8151 0.0000
vt 0.4147 0.8102 0.0000
vt 0.4135 0.8102 0.0000
vt 0.4159 0.8102 0.0000
vt 0.4146 0.8115 0.0000
vt 0.4134 0.8115 0.0000
vt 0.4159 0.8115 0.0000
vt 0.4171 0.8102 0.0000
vt 0.4183 0.8102 0.0000
vt 0.4172 0.8115 0.0000
vt 0.4184 0.8115 0.0000
vt 0.4171 0.8127 0.0000
vt 0.4183 0.8127 0.0000
vt 0.4159 0.8127 0.0000
vt 0.4147 0.8127 0.0000
vt 0.4135 0.8127 0.0000
vt 0.4195 0.8099 0.0000
vt 0.4207 0.8095 0.0000
vt 0.4197 0.8114 0.0000
vt 0.4210 0.8115 0.0000
vt 0.4194 0.8130 0.0000
vt 0.4206 0.8135 0.0000
vt 0.4123 0.8099 0.0000
vt 0.4121 0.8115 0.0000
vt 0.4111 0.8094 0.0000
vt 0.4107 0.8114 0.0000
vt 0.4123 0.8130 0.0000
vt 0.4111 0.8135 0.0000
vt 0.4174 0.8225 0.0000
vt 0.4187 0.8233 0.0000
vt 0.4180 0.8240 0.0000
vt 0.4171 0.8237 0.0000
vt 0.4178 0.8213 0.0000
vt 0.4195 0.8224 0.0000
vt 0.4159 0.8223 0.0000
vt 0.4159 0.8236 0.0000
vt 0.4158 0.8209 0.0000
vt 0.4137 0.8239 0.0000
vt 0.4130 0.8233 0.0000
vt 0.4143 0.8225 0.0000
vt 0.4147 0.8237 0.0000
vt 0.4122 0.8225 0.0000
vt 0.4138 0.8214 0.0000
vt 0.4174 0.8297 0.0000
vt 0.4171 0.8285 0.0000
vt 0.4180 0.8283 0.0000
vt 0.4187 0.8289 0.0000
vt 0.4159 0.8299 0.0000
vt 0.4159 0.8286 0.0000
vt 0.4179 0.8309 0.0000
vt 0.4196 0.8298 0.0000
vt 0.4158 0.8313 0.0000
vt 0.4137 0.8283 0.0000
vt 0.4147 0.8285 0.0000
vt 0.4143 0.8297 0.0000
vt 0.4131 0.8289 0.0000
vt 0.4138 0.8308 0.0000
vt 0.4122 0.8297 0.0000
vt 0.4171 0.8249 0.0000
vt 0.4183 0.8249 0.0000
vt 0.4159 0.8248 0.0000
vt 0.4172 0.8261 0.0000
vt 0.4184 0.8261 0.0000
vt 0.4159 0.8261 0.0000
vt 0.4147 0.8249 0.0000
vt 0.4135 0.8249 0.0000
vt 0.4146 0.8261 0.0000
vt 0.4134 0.8261 0.0000
vt 0.4147 0.8273 0.0000
vt 0.4135 0.8273 0.0000
vt 0.4159 0.8274 0.0000
vt 0.4171 0.8273 0.0000
vt 0.4183 0.8273 0.0000
vt 0.4123 0.8246 0.0000
vt 0.4111 0.8241 0.0000
vt 0.4121 0.8261 0.0000
vt 0.4107 0.8261 0.0000
vt 0.4123 0.8276 0.0000
vt 0.4111 0.8281 0.0000
vt 0.4194 0.8246 0.0000
vt 0.4197 0.8261 0.0000
vt 0.4206 0.8240 0.0000
vt 0.4210 0.8261 0.0000
vt 0.4195 0.8276 0.0000
vt 0.4207 0.8281 0.0000
vt 0.4271 0.8372 0.0000
vt 0.4284 0.8379 0.0000
vt 0.4278 0.8386 0.0000
vt 0.4269 0.8384 0.0000
vt 0.4276 0.8360 0.0000
vt 0.4293 0.8370 0.0000
vt 0.4256 0.8370 0.0000
vt 0.4257 0.8382 0.0000
vt 0.4256 0.8356 0.0000
vt 0.4235 0.8386 0.0000
vt 0.4228 0.8379 0.0000
vt 0.4241 0.8372 0.0000
vt 0.4244 0.8383 0.0000
vt 0.4219 0.8371 0.0000
vt 0.4236 0.8360 0.0000
vt 0.4272 0.8443 0.0000
vt 0.4269 0.8432 0.0000
vt 0.4278 0.8429 0.0000
vt 0.4284 0.8436 0.0000
vt 0.4256 0.8445 0.0000
vt 0.4256 0.8433 0.0000
vt 0.4276 0.8456 0.0000
vt 0.4293 0.8445 0.0000
vt 0.4256 0.8459 0.0000
vt 0.4235 0.8429 0.0000
vt 0.4244 0.8432 0.0000
vt 0.4241 0.8443 0.0000
vt 0.4228 0.8436 0.0000
vt 0.4236 0.8455 0.0000
vt 0.4220 0.8444 0.0000
vt 0.4269 0.8395 0.0000
vt 0.4281 0.8395 0.0000
vt 0.4257 0.8395 0.0000
vt 0.4269 0.8408 0.0000
vt 0.4282 0.8408 0.0000
vt 0.4257 0.8408 0.0000
vt 0.4244 0.8395 0.0000
vt 0.4232 0.8395 0.0000
vt 0.4244 0.8408 0.0000
vt 0.4231 0.8408 0.0000
vt 0.4244 0.8420 0.0000
vt 0.4232 0.8420 0.0000
vt 0.4256 0.8420 0.0000
vt 0.4269 0.8420 0.0000
vt 0.4281 0.8420 0.0000
vt 0.4221 0.8392 0.0000
vt 0.4209 0.8388 0.0000
vt 0.4219 0.8408 0.0000
vt 0.4205 0.8408 0.0000
vt 0.4221 0.8423 0.0000
vt 0.4209 0.8428 0.0000
vt 0.4292 0.8392 0.0000
vt 0.4294 0.8408 0.0000
vt 0.4304 0.8387 0.0000
vt 0.4308 0.8407 0.0000
vt 0.4292 0.8423 0.0000
vt 0.4304 0.8428 0.0000
vt 0.0842 0.4680 0.0000
vt 0.0838 0.4369 0.0000
vt 0.1018 0.4366 0.0000
vt 0.1022 0.4677 0.0000
vt 0.6305 0.6583 0.0000
vt 0.6061 0.6598 0.0000
vt 0.6253 0.6451 0.0000
vt 0.9876 0.2921 0.0000
vt 0.9877 0.2994 0.0000
vt 0.9517 0.2999 0.0000
vt 0.9516 0.2925 0.0000
vt 0.9889 0.3011 0.0000
vt 0.9891 0.3174 0.0000
vt 0.9508 0.3179 0.0000
vt 0.9506 0.3016 0.0000
vt 0.9880 0.3192 0.0000
vt 0.9880 0.3265 0.0000
vt 0.9521 0.3270 0.0000
vt 0.9520 0.3196 0.0000
vt 0.9892 0.3282 0.0000
vt 0.9895 0.3464 0.0000
vt 0.9511 0.3470 0.0000
vt 0.9509 0.3287 0.0000
vt 0.9883 0.3482 0.0000
vt 0.9884 0.3555 0.0000
vt 0.9525 0.3560 0.0000
vt 0.9524 0.3487 0.0000
vt 0.9896 0.3572 0.0000
vt 0.9899 0.3730 0.0000
vt 0.9515 0.3736 0.0000
vt 0.9513 0.3577 0.0000
vt 0.0828 0.3704 0.0000
vt 0.0793 0.1401 0.0000
vt 0.0959 0.1399 0.0000
vt 0.0994 0.3702 0.0000
vt 0.9887 0.3748 0.0000
vt 0.9888 0.3821 0.0000
vt 0.9528 0.3826 0.0000
vt 0.9527 0.3752 0.0000
vt 0.9902 0.3977 0.0000
vt 0.9902 0.4036 0.0000
vt 0.9519 0.4041 0.0000
vt 0.9518 0.3983 0.0000
vt 0.9891 0.4054 0.0000
vt 0.9892 0.4127 0.0000
vt 0.9532 0.4131 0.0000
vt 0.9531 0.4058 0.0000
vt 0.9904 0.4144 0.0000
vt 0.9906 0.4310 0.0000
vt 0.9523 0.4315 0.0000
vt 0.9521 0.4149 0.0000
vt 0.9895 0.4327 0.0000
vt 0.9896 0.4400 0.0000
vt 0.9536 0.4405 0.0000
vt 0.9535 0.4332 0.0000
vt 0.1229 0.4363 0.0000
vt 0.1083 0.4207 0.0000
vt 0.1331 0.4203 0.0000
vt 0.3863 0.6891 0.0000
vt 0.4107 0.6891 0.0000
vt 0.4107 0.6963 0.0000
vt 0.3863 0.6963 0.0000
vt 0.1064 0.2984 0.0000
vt 0.1312 0.2980 0.0000
vt 0.1315 0.3142 0.0000
vt 0.1067 0.3145 0.0000
vt 0.4205 0.6744 0.0000
vt 0.4449 0.6744 0.0000
vt 0.4449 0.6817 0.0000
vt 0.4205 0.6817 0.0000
vt 0.1068 0.3218 0.0000
vt 0.1316 0.3214 0.0000
vt 0.1319 0.3395 0.0000
vt 0.1071 0.3399 0.0000
vt 0.4205 0.6842 0.0000
vt 0.4449 0.6842 0.0000
vt 0.4449 0.6914 0.0000
vt 0.4205 0.6914 0.0000
vt 0.1072 0.3471 0.0000
vt 0.1320 0.3467 0.0000
vt 0.1322 0.3624 0.0000
vt 0.1074 0.3628 0.0000
vt 0.4205 0.6550 0.0000
vt 0.4449 0.6549 0.0000
vt 0.4449 0.6621 0.0000
vt 0.4205 0.6622 0.0000
vt 0.4205 0.6940 0.0000
vt 0.4449 0.6940 0.0000
vt 0.4449 0.7012 0.0000
vt 0.4205 0.7012 0.0000
vt 0.1079 0.3969 0.0000
vt 0.1327 0.3965 0.0000
vt 0.1330 0.4131 0.0000
vt 0.1082 0.4134 0.0000
vt 0.3863 0.6989 0.0000
vt 0.4107 0.6989 0.0000
vt 0.4107 0.7061 0.0000
vt 0.3863 0.7061 0.0000
vt 0.0125 0.6380 0.0000
vt 0.0265 0.6355 0.0000
vt 0.0293 0.6511 0.0000
vt 0.0153 0.6536 0.0000
vt 0.5595 0.6117 0.0000
vt 0.5590 0.6501 0.0000
vt 0.5432 0.6551 0.0000
vt 0.5440 0.6062 0.0000
vt 0.0090 0.4866 0.0000
vt 0.0217 0.4879 0.0000
vt 0.0209 0.4951 0.0000
vt 0.0083 0.4938 0.0000
vt 0.0078 0.4958 0.0000
vt 0.0219 0.4969 0.0000
vt 0.0207 0.5130 0.0000
vt 0.0065 0.5119 0.0000
vt 0.0067 0.5140 0.0000
vt 0.0194 0.5146 0.0000
vt 0.0190 0.5218 0.0000
vt 0.0063 0.5212 0.0000
vt 0.0059 0.5232 0.0000
vt 0.0201 0.5236 0.0000
vt 0.0196 0.5417 0.0000
vt 0.0054 0.5413 0.0000
vt 0.0057 0.5433 0.0000
vt 0.0184 0.5434 0.0000
vt 0.0184 0.5506 0.0000
vt 0.0057 0.5505 0.0000
vt 0.0054 0.5526 0.0000
vt 0.0196 0.5523 0.0000
vt 0.0200 0.5680 0.0000
vt 0.0057 0.5683 0.0000
vt 0.0062 0.5703 0.0000
vt 0.0188 0.5697 0.0000
vt 0.0192 0.5769 0.0000
vt 0.0065 0.5775 0.0000
vt 0.0083 0.6012 0.0000
vt 0.0209 0.5999 0.0000
vt 0.0216 0.6071 0.0000
vt 0.0090 0.6084 0.0000
vt 0.0088 0.6104 0.0000
vt 0.0229 0.6087 0.0000
vt 0.0250 0.6251 0.0000
vt 0.0109 0.6268 0.0000
vt 0.0115 0.6288 0.0000
vt 0.0240 0.6269 0.0000
vt 0.0251 0.6340 0.0000
vt 0.0126 0.6359 0.0000
vt 0.0335 0.2935 0.0000
vt 0.0476 0.2953 0.0000
vt 0.0230 0.4864 0.0000
vt 0.0089 0.4846 0.0000
vt 0.0830 0.3843 0.0000
vt 0.0996 0.3840 0.0000
vt 0.4321 0.6218 0.0000
vt 0.4318 0.6529 0.0000
vt 0.4107 0.6527 0.0000
vt 0.4110 0.6216 0.0000
vt 0.1333 0.4361 0.0000
vt 0.1338 0.4672 0.0000
vt 0.1234 0.4674 0.0000
vt 0.0332 0.6735 0.0000
vt 0.0207 0.6842 0.0000
vt 0.4108 0.0123 0.0000
vt 0.4107 0.0103 0.0000
vt 0.4351 0.0103 0.0000
vt 0.4356 0.0123 0.0000
vt 0.2714 0.6846 0.0000
vt 0.2714 0.6918 0.0000
vt 0.2694 0.6918 0.0000
vt 0.2693 0.6846 0.0000
vt 0.2711 0.6602 0.0000
vt 0.2691 0.6598 0.0000
vt 0.9504 0.2908 0.0000
vt 0.9887 0.2903 0.0000
vt 0.4693 0.0123 0.0000
vt 0.4693 0.0103 0.0000
vt 0.4937 0.0103 0.0000
vt 0.4942 0.0123 0.0000
vt 0.4812 0.1177 0.0000
vt 0.4812 0.1249 0.0000
vt 0.4791 0.1249 0.0000
vt 0.4791 0.1177 0.0000
vt 0.4058 0.6767 0.0000
vt 0.3814 0.6765 0.0000
vt 0.3814 0.6744 0.0000
vt 0.4062 0.6747 0.0000
vt 0.3472 0.7058 0.0000
vt 0.3473 0.7037 0.0000
vt 0.3717 0.7037 0.0000
vt 0.3720 0.7058 0.0000
vt 0.6473 0.4840 0.0000
vt 0.6472 0.4912 0.0000
vt 0.6451 0.4912 0.0000
vt 0.6452 0.4840 0.0000
vt 0.8649 0.9841 0.0000
vt 0.8405 0.9842 0.0000
vt 0.8405 0.9821 0.0000
vt 0.8653 0.9821 0.0000
vt 0.9900 0.3838 0.0000
vt 0.9517 0.3843 0.0000
vt 0.0063 0.5796 0.0000
vt 0.0205 0.5785 0.0000
vt 0.1861 0.6911 0.0000
vt 0.1861 0.6891 0.0000
vt 0.2105 0.6891 0.0000
vt 0.2108 0.6911 0.0000
vt 0.6420 0.4254 0.0000
vt 0.6458 0.4315 0.0000
vt 0.6440 0.4326 0.0000
vt 0.6402 0.4264 0.0000
vt 0.3716 0.6960 0.0000
vt 0.3472 0.6961 0.0000
vt 0.3472 0.6940 0.0000
vt 0.3720 0.6940 0.0000
vt 0.6549 0.1640 0.0000
vt 0.6570 0.1640 0.0000
vt 0.6570 0.1884 0.0000
vt 0.6549 0.1888 0.0000
vt 0.6570 0.1568 0.0000
vt 0.6549 0.1568 0.0000
vt 0.3717 0.7107 0.0000
vt 0.3473 0.7107 0.0000
vt 0.3472 0.7086 0.0000
vt 0.3720 0.7086 0.0000
vt 0.0077 0.5992 0.0000
vt 0.0219 0.5981 0.0000
vt 0.9908 0.4417 0.0000
vt 0.9524 0.4422 0.0000
vt 0.6109 0.1393 0.0000
vt 0.6110 0.1372 0.0000
vt 0.6354 0.1375 0.0000
vt 0.6357 0.1395 0.0000
vt 0.7059 0.8112 0.0000
vt 0.7058 0.8184 0.0000
vt 0.7037 0.8184 0.0000
vt 0.7038 0.8112 0.0000
vt 0.3717 0.7155 0.0000
vt 0.3473 0.7155 0.0000
vt 0.3472 0.7135 0.0000
vt 0.3720 0.7135 0.0000
vt 0.6316 0.2105 0.0000
vt 0.6313 0.2417 0.0000
vt 0.6256 0.2416 0.0000
vt 0.6258 0.2105 0.0000
vt 0.1325 0.3835 0.0000
vt 0.1326 0.3893 0.0000
vt 0.1078 0.3897 0.0000
vt 0.1077 0.3839 0.0000
vt 0.0215 0.5923 0.0000
vt 0.0073 0.5934 0.0000
vt 0.1063 0.2911 0.0000
vt 0.1075 0.3700 0.0000
vt 0.1076 0.3770 0.0000
vt 0.1035 0.3748 0.0000
vt 0.1027 0.3726 0.0000
vt 0.1453 0.6454 0.0000
vt 0.1445 0.6620 0.0000
vt 0.1388 0.6618 0.0000
vt 0.1396 0.6451 0.0000
vt 0.1443 0.6662 0.0000
vt 0.1442 0.6685 0.0000
vt 0.1385 0.6682 0.0000
vt 0.1386 0.6659 0.0000
vt 0.3869 0.7751 0.0000
vt 0.3877 0.7773 0.0000
vt 0.3669 0.7790 0.0000
vt 0.0979 0.1380 0.0000
vt 0.1311 0.2908 0.0000
vt 0.0790 0.1259 0.0000
vt 0.0786 0.0989 0.0000
vt 0.0957 0.1256 0.0000
vt 0.4758 0.0838 0.0000
vt 0.4758 0.0895 0.0000
vt 0.4591 0.0894 0.0000
vt 0.4592 0.0837 0.0000
vt 0.4254 0.0892 0.0000
vt 0.4254 0.0835 0.0000
vt 0.4421 0.0836 0.0000
vt 0.4420 0.0893 0.0000
vt 0.3868 0.7561 0.0000
vt 0.3876 0.7578 0.0000
vt 0.3671 0.7604 0.0000
vt 0.4470 0.0836 0.0000
vt 0.4489 0.0836 0.0000
vt 0.4489 0.0894 0.0000
vt 0.4470 0.0894 0.0000
vt 0.9479 0.0987 0.0000
vt 0.9862 0.0982 0.0000
vt 0.1430 0.6960 0.0000
vt 0.1372 0.6958 0.0000
vt 0.1380 0.6791 0.0000
vt 0.1437 0.6794 0.0000
vt 0.9910 0.4576 0.0000
vt 0.9526 0.4581 0.0000
vt 0.9913 0.4803 0.0000
vt 0.9529 0.4808 0.0000
vt 0.3179 0.6842 0.0000
vt 0.3237 0.6842 0.0000
vt 0.3238 0.7153 0.0000
vt 0.3181 0.7153 0.0000
vt 0.4322 0.6160 0.0000
vt 0.4111 0.6158 0.0000
vt 0.6244 0.6781 0.0000
vt 0.6190 0.6651 0.0000
vt 0.1324 0.3766 0.0000
vt 0.1323 0.3697 0.0000
vt 0.0210 0.5854 0.0000
vt 0.0068 0.5865 0.0000
vt 0.9901 0.3908 0.0000
vt 0.9517 0.3913 0.0000
vt 0.1028 0.3814 0.0000
vt 0.1439 0.6753 0.0000
vt 0.1438 0.6770 0.0000
vt 0.1381 0.6768 0.0000
vt 0.1382 0.6750 0.0000
vt 0.1387 0.6641 0.0000
vt 0.1444 0.6644 0.0000
vt 0.3867 0.7839 0.0000
vt 0.3855 0.7851 0.0000
vt 0.3857 0.7738 0.0000
vt 0.3871 0.7630 0.0000
vt 0.3859 0.7649 0.0000
vt 0.3855 0.7543 0.0000
vt 0.4542 0.0837 0.0000
vt 0.4565 0.0837 0.0000
vt 0.4564 0.0894 0.0000
vt 0.4542 0.0894 0.0000
vt 0.4448 0.0894 0.0000
vt 0.4448 0.0836 0.0000
vt 0.6305 0.7079 0.0000
vt 0.6061 0.6963 0.0000
vt 0.6190 0.6910 0.0000
vt 0.1014 0.3714 0.0000
vt 0.1016 0.3827 0.0000
vt 0.5329 0.6492 0.0000
vt 0.5335 0.6118 0.0000
vt 0.4506 0.0837 0.0000
vt 0.4524 0.0837 0.0000
vt 0.4523 0.0894 0.0000
vt 0.4506 0.0894 0.0000
vt 0.1441 0.6707 0.0000
vt 0.1440 0.6729 0.0000
vt 0.1383 0.6727 0.0000
vt 0.1384 0.6705 0.0000
vt 0.1036 0.3792 0.0000
vt 0.1037 0.3770 0.0000
vt 0.3878 0.7795 0.0000
vt 0.3875 0.7817 0.0000
vt 0.3834 0.7864 0.0000
vt 0.3668 0.7859 0.0000
vt 0.3838 0.7725 0.0000
vt 0.3671 0.7721 0.0000
vt 0.3834 0.7526 0.0000
vt 0.3668 0.7533 0.0000
vt 0.3879 0.7595 0.0000
vt 0.3878 0.7612 0.0000
vt 0.3840 0.7668 0.0000
vt 0.3674 0.7675 0.0000
vt 0.1282 0.0982 0.0000
vt 0.0977 0.1274 0.0000
vt 0.0990 0.1292 0.0000
vt 0.0998 0.1310 0.0000
vt 0.1000 0.1327 0.0000
vt 0.0998 0.1344 0.0000
vt 0.0991 0.1361 0.0000
vt 0.1853 0.4428 0.0000
vt 0.1673 0.4430 0.0000
vt 0.1670 0.4119 0.0000
vt 0.1850 0.4117 0.0000
vt 0.5816 0.6583 0.0000
vt 0.5869 0.6451 0.0000
vt 0.1844 0.3453 0.0000
vt 0.1677 0.3454 0.0000
vt 0.1656 0.1151 0.0000
vt 0.1823 0.1149 0.0000
vt 0.1459 0.4121 0.0000
vt 0.1353 0.3963 0.0000
vt 0.1601 0.3961 0.0000
vt 0.4449 0.6647 0.0000
vt 0.4449 0.6719 0.0000
vt 0.4205 0.6719 0.0000
vt 0.4205 0.6647 0.0000
vt 0.1590 0.2738 0.0000
vt 0.1591 0.2900 0.0000
vt 0.1343 0.2902 0.0000
vt 0.1342 0.2740 0.0000
vt 0.7721 0.9674 0.0000
vt 0.7722 0.9747 0.0000
vt 0.7478 0.9749 0.0000
vt 0.7477 0.9677 0.0000
vt 0.1592 0.2972 0.0000
vt 0.1593 0.3153 0.0000
vt 0.1346 0.3156 0.0000
vt 0.1344 0.2974 0.0000
vt 0.9479 0.9919 0.0000
vt 0.9480 0.9991 0.0000
vt 0.9236 0.9995 0.0000
vt 0.9235 0.9923 0.0000
vt 0.1594 0.3225 0.0000
vt 0.1595 0.3383 0.0000
vt 0.1348 0.3385 0.0000
vt 0.1346 0.3228 0.0000
vt 0.0835 0.6746 0.0000
vt 0.0835 0.6818 0.0000
vt 0.0591 0.6817 0.0000
vt 0.0591 0.6744 0.0000
vt 0.8258 0.9772 0.0000
vt 0.8259 0.9844 0.0000
vt 0.8015 0.9846 0.0000
vt 0.8014 0.9774 0.0000
vt 0.1599 0.3724 0.0000
vt 0.1600 0.3889 0.0000
vt 0.1352 0.3891 0.0000
vt 0.1351 0.3726 0.0000
vt 0.8355 0.9674 0.0000
vt 0.8360 0.9747 0.0000
vt 0.8116 0.9761 0.0000
vt 0.8112 0.9689 0.0000
vt 0.0229 0.3504 0.0000
vt 0.0194 0.3659 0.0000
vt 0.0055 0.3628 0.0000
vt 0.0090 0.3473 0.0000
vt 0.0337 0.1994 0.0000
vt 0.0341 0.2067 0.0000
vt 0.0214 0.2073 0.0000
vt 0.0210 0.2001 0.0000
vt 0.0345 0.2087 0.0000
vt 0.0350 0.2248 0.0000
vt 0.0208 0.2252 0.0000
vt 0.0203 0.2091 0.0000
vt 0.0347 0.2269 0.0000
vt 0.0347 0.2341 0.0000
vt 0.0220 0.2341 0.0000
vt 0.0220 0.2269 0.0000
vt 0.0351 0.2361 0.0000
vt 0.0347 0.2542 0.0000
vt 0.0205 0.2539 0.0000
vt 0.0208 0.2358 0.0000
vt 0.0343 0.2563 0.0000
vt 0.0339 0.2635 0.0000
vt 0.0213 0.2629 0.0000
vt 0.0216 0.2557 0.0000
vt 0.0342 0.2655 0.0000
vt 0.0330 0.2812 0.0000
vt 0.0189 0.2802 0.0000
vt 0.0200 0.2645 0.0000
vt 0.0325 0.2832 0.0000
vt 0.0318 0.2904 0.0000
vt 0.0192 0.2891 0.0000
vt 0.0199 0.2820 0.0000
vt 0.0289 0.3139 0.0000
vt 0.0279 0.3210 0.0000
vt 0.0153 0.3192 0.0000
vt 0.0164 0.3121 0.0000
vt 0.0279 0.3231 0.0000
vt 0.0251 0.3394 0.0000
vt 0.0111 0.3369 0.0000
vt 0.0139 0.3207 0.0000
vt 0.0244 0.3413 0.0000
vt 0.0229 0.3484 0.0000
vt 0.0105 0.3459 0.0000
vt 0.0119 0.3388 0.0000
vt 0.0186 0.0054 0.0000
vt 0.0339 0.1974 0.0000
vt 0.0198 0.1985 0.0000
vt 0.0044 0.0065 0.0000
vt 0.1678 0.3593 0.0000
vt 0.1845 0.3591 0.0000
vt 0.3815 0.6364 0.0000
vt 0.4026 0.6362 0.0000
vt 0.4029 0.6673 0.0000
vt 0.3818 0.6675 0.0000
vt 0.1354 0.4122 0.0000
vt 0.1461 0.4432 0.0000
vt 0.1357 0.4433 0.0000
vt 0.0005 0.3850 0.0000
vt 0.0125 0.3962 0.0000
vt 0.3720 0.7009 0.0000
vt 0.3472 0.7009 0.0000
vt 0.3476 0.6989 0.0000
vt 0.3720 0.6989 0.0000
vt 0.6989 0.2642 0.0000
vt 0.7010 0.2642 0.0000
vt 0.7009 0.2714 0.0000
vt 0.6989 0.2714 0.0000
vt 0.9874 0.9967 0.0000
vt 0.9874 0.9988 0.0000
vt 0.9630 0.9988 0.0000
vt 0.9626 0.9967 0.0000
vt 0.4062 0.6862 0.0000
vt 0.3814 0.6862 0.0000
vt 0.3818 0.6842 0.0000
vt 0.4062 0.6842 0.0000
vt 0.6451 0.4645 0.0000
vt 0.6472 0.4644 0.0000
vt 0.6473 0.4717 0.0000
vt 0.6452 0.4717 0.0000
vt 0.5576 0.7037 0.0000
vt 0.5576 0.7058 0.0000
vt 0.5332 0.7058 0.0000
vt 0.5328 0.7037 0.0000
vt 0.4062 0.6814 0.0000
vt 0.3814 0.6814 0.0000
vt 0.3818 0.6793 0.0000
vt 0.4062 0.6793 0.0000
vt 0.2694 0.6940 0.0000
vt 0.2715 0.6941 0.0000
vt 0.2712 0.7013 0.0000
vt 0.2691 0.7012 0.0000
vt 0.5234 0.0103 0.0000
vt 0.5234 0.0123 0.0000
vt 0.4990 0.0123 0.0000
vt 0.4986 0.0103 0.0000
vt 0.0320 0.2924 0.0000
vt 0.0178 0.2907 0.0000
vt 0.4648 0.0129 0.0000
vt 0.4400 0.0123 0.0000
vt 0.4405 0.0103 0.0000
vt 0.4649 0.0108 0.0000
vt 0.4400 0.7184 0.0000
vt 0.4421 0.7184 0.0000
vt 0.4421 0.7256 0.0000
vt 0.4400 0.7256 0.0000
vt 0.8653 0.9773 0.0000
vt 0.8653 0.9793 0.0000
vt 0.8409 0.9792 0.0000
vt 0.8405 0.9772 0.0000
vt 0.6064 0.1393 0.0000
vt 0.5816 0.1393 0.0000
vt 0.5820 0.1373 0.0000
vt 0.6064 0.1372 0.0000
vt 0.3570 0.8698 0.0000
vt 0.3591 0.8698 0.0000
vt 0.3591 0.8770 0.0000
vt 0.3570 0.8770 0.0000
vt 0.4062 0.6695 0.0000
vt 0.4062 0.6716 0.0000
vt 0.3818 0.6716 0.0000
vt 0.3814 0.6695 0.0000
vt 0.0296 0.3119 0.0000
vt 0.0155 0.3102 0.0000
vt 0.5024 0.0854 0.0000
vt 0.4795 0.0949 0.0000
vt 0.4791 0.0929 0.0000
vt 0.5016 0.0835 0.0000
vt 0.2691 0.7038 0.0000
vt 0.2712 0.7037 0.0000
vt 0.2713 0.7110 0.0000
vt 0.2693 0.7110 0.0000
vt 0.3720 0.6891 0.0000
vt 0.3720 0.6911 0.0000
vt 0.3476 0.6911 0.0000
vt 0.3472 0.6891 0.0000
vt 0.7428 0.8601 0.0000
vt 0.7485 0.8600 0.0000
vt 0.7488 0.8911 0.0000
vt 0.7431 0.8912 0.0000
vt 0.1350 0.3596 0.0000
vt 0.1597 0.3593 0.0000
vt 0.1598 0.3652 0.0000
vt 0.1350 0.3654 0.0000
vt 0.0162 0.3044 0.0000
vt 0.0303 0.3062 0.0000
vt 0.1589 0.2666 0.0000
vt 0.1596 0.3455 0.0000
vt 0.1597 0.3524 0.0000
vt 0.1645 0.3479 0.0000
vt 0.1638 0.3502 0.0000
vt 0.7233 0.8454 0.0000
vt 0.7290 0.8454 0.0000
vt 0.7291 0.8620 0.0000
vt 0.7233 0.8621 0.0000
vt 0.7234 0.8662 0.0000
vt 0.7291 0.8662 0.0000
vt 0.7291 0.8685 0.0000
vt 0.7234 0.8685 0.0000
vt 0.3676 0.7946 0.0000
vt 0.3876 0.7986 0.0000
vt 0.3669 0.7968 0.0000
vt 0.1636 0.1133 0.0000
vt 0.1341 0.2668 0.0000
vt 0.1822 0.1007 0.0000
vt 0.1655 0.1008 0.0000
vt 0.1819 0.0738 0.0000
vt 0.7332 0.8909 0.0000
vt 0.7332 0.8743 0.0000
vt 0.7389 0.8742 0.0000
vt 0.7390 0.8909 0.0000
vt 0.7388 0.8405 0.0000
vt 0.7388 0.8571 0.0000
vt 0.7331 0.8572 0.0000
vt 0.7330 0.8405 0.0000
vt 0.4166 0.7367 0.0000
vt 0.4365 0.7404 0.0000
vt 0.4158 0.7384 0.0000
vt 0.7331 0.8621 0.0000
vt 0.7389 0.8621 0.0000
vt 0.7389 0.8640 0.0000
vt 0.7331 0.8640 0.0000
vt 0.5816 0.7079 0.0000
vt 0.7235 0.8961 0.0000
vt 0.7234 0.8794 0.0000
vt 0.7291 0.8794 0.0000
vt 0.7292 0.8961 0.0000
vt 0.6411 0.4596 0.0000
vt 0.6430 0.4906 0.0000
vt 0.6373 0.4910 0.0000
vt 0.6354 0.4599 0.0000
vt 0.3814 0.6307 0.0000
vt 0.4025 0.6305 0.0000
vt 0.5878 0.6781 0.0000
vt 0.5932 0.6651 0.0000
vt 0.1349 0.3526 0.0000
vt 0.1348 0.3457 0.0000
vt 0.0170 0.2976 0.0000
vt 0.0311 0.2993 0.0000
vt 0.1646 0.3568 0.0000
vt 0.7234 0.8753 0.0000
vt 0.7291 0.8753 0.0000
vt 0.7291 0.8770 0.0000
vt 0.7234 0.8770 0.0000
vt 0.7233 0.8644 0.0000
vt 0.7291 0.8644 0.0000
vt 0.3678 0.8034 0.0000
vt 0.3691 0.8046 0.0000
vt 0.3689 0.7933 0.0000
vt 0.4165 0.7436 0.0000
vt 0.4178 0.7454 0.0000
vt 0.4179 0.7349 0.0000
vt 0.7332 0.8693 0.0000
vt 0.7389 0.8693 0.0000
vt 0.7389 0.8715 0.0000
vt 0.7332 0.8716 0.0000
vt 0.7331 0.8599 0.0000
vt 0.7388 0.8599 0.0000
vt 0.5932 0.6910 0.0000
vt 0.1657 0.3467 0.0000
vt 0.1658 0.3580 0.0000
vt 0.7331 0.8657 0.0000
vt 0.7389 0.8657 0.0000
vt 0.7389 0.8674 0.0000
vt 0.7331 0.8675 0.0000
vt 0.7234 0.8707 0.0000
vt 0.7291 0.8707 0.0000
vt 0.7291 0.8729 0.0000
vt 0.7234 0.8729 0.0000
vt 0.1636 0.3524 0.0000
vt 0.1638 0.3546 0.0000
vt 0.3668 0.7990 0.0000
vt 0.3670 0.8012 0.0000
vt 0.3711 0.8059 0.0000
vt 0.3878 0.8055 0.0000
vt 0.3708 0.7920 0.0000
vt 0.3875 0.7916 0.0000
vt 0.4199 0.7330 0.0000
vt 0.4366 0.7333 0.0000
vt 0.4156 0.7401 0.0000
vt 0.4158 0.7418 0.0000
vt 0.4197 0.7473 0.0000
vt 0.4364 0.7475 0.0000
vt 0.1324 0.0742 0.0000
vt 0.1635 0.1027 0.0000
vt 0.1623 0.1046 0.0000
vt 0.1615 0.1063 0.0000
vt 0.1613 0.1080 0.0000
vt 0.1616 0.1097 0.0000
vt 0.1623 0.1114 0.0000
vt 0.5336 0.6061 0.0000
vt 0.5328 0.6550 0.0000
vt 0.2826 0.5619 0.0000
vt 0.2802 0.5403 0.0000
vt 0.2857 0.5395 0.0000
vt 0.2892 0.5610 0.0000
vt 0.2636 0.5627 0.0000
vt 0.2643 0.5409 0.0000
vt 0.2699 0.5410 0.0000
vt 0.2703 0.5627 0.0000
vt 0.2263 0.5560 0.0000
vt 0.2332 0.5354 0.0000
vt 0.2385 0.5370 0.0000
vt 0.2327 0.5580 0.0000
vt 0.3362 0.5436 0.0000
vt 0.3249 0.5250 0.0000
vt 0.3296 0.5220 0.0000
vt 0.3418 0.5400 0.0000
vt 0.3013 0.5584 0.0000
vt 0.2958 0.5374 0.0000
vt 0.3011 0.5358 0.0000
vt 0.3077 0.5566 0.0000
vt 0.3516 0.5326 0.0000
vt 0.3378 0.5158 0.0000
vt 0.3420 0.5121 0.0000
vt 0.3567 0.5282 0.0000
vt 0.2447 0.5607 0.0000
vt 0.2485 0.5393 0.0000
vt 0.2541 0.5401 0.0000
vt 0.2513 0.5617 0.0000
vt 0.3192 0.5523 0.0000
vt 0.3108 0.5322 0.0000
vt 0.3158 0.5299 0.0000
vt 0.3253 0.5495 0.0000
vt 0.5443 0.6944 0.0000
vt 0.5422 0.7011 0.0000
vt 0.5370 0.6984 0.0000
vt 0.5408 0.6927 0.0000
vt 0.5361 0.6872 0.0000
vt 0.5301 0.6903 0.0000
vt 0.5283 0.6848 0.0000
vt 0.5349 0.6834 0.0000
vt 0.5354 0.6762 0.0000
vt 0.5291 0.6741 0.0000
vt 0.5317 0.6689 0.0000
vt 0.5372 0.6727 0.0000
vt 0.5464 0.6668 0.0000
vt 0.5427 0.6680 0.0000
vt 0.5399 0.6619 0.0000
vt 0.5454 0.6601 0.0000
vt 0.5572 0.6691 0.0000
vt 0.5537 0.6673 0.0000
vt 0.5561 0.6609 0.0000
vt 0.5612 0.6636 0.0000
vt 0.5631 0.6783 0.0000
vt 0.5619 0.6746 0.0000
vt 0.5682 0.6717 0.0000
vt 0.5700 0.6772 0.0000
vt 0.5608 0.6891 0.0000
vt 0.5626 0.6856 0.0000
vt 0.5692 0.6879 0.0000
vt 0.5666 0.6931 0.0000
vt 0.5553 0.6938 0.0000
vt 0.5584 0.7001 0.0000
vt 0.5529 0.7019 0.0000
vt 0.5515 0.6950 0.0000
vt 0.8797 0.5866 0.0000
vt 0.8778 0.7891 0.0000
vt 0.8739 0.7891 0.0000
vt 0.8723 0.5866 0.0000
vt 0.8665 0.7891 0.0000
vt 0.8627 0.7891 0.0000
vt 0.8650 0.5866 0.0000
vt 0.8577 0.5866 0.0000
vt 0.8553 0.7891 0.0000
vt 0.8514 0.7891 0.0000
vt 0.8502 0.5866 0.0000
vt 0.8440 0.7891 0.0000
vt 0.8402 0.7890 0.0000
vt 0.8429 0.5866 0.0000
vt 0.9239 0.5866 0.0000
vt 0.9228 0.7891 0.0000
vt 0.9189 0.7891 0.0000
vt 0.9164 0.5866 0.0000
vt 0.9115 0.7891 0.0000
vt 0.9077 0.7891 0.0000
vt 0.9091 0.5866 0.0000
vt 0.9018 0.5866 0.0000
vt 0.9003 0.7891 0.0000
vt 0.8964 0.7891 0.0000
vt 0.8944 0.5866 0.0000
vt 0.8890 0.7891 0.0000
vt 0.8852 0.7891 0.0000
vt 0.8871 0.5866 0.0000
vt 0.2907 0.5386 0.0000
vt 0.2953 0.5599 0.0000
vt 0.2764 0.5625 0.0000
vt 0.2750 0.5408 0.0000
vt 0.2574 0.5623 0.0000
vt 0.2592 0.5407 0.0000
vt 0.2435 0.5383 0.0000
vt 0.2387 0.5595 0.0000
vt 0.2203 0.5539 0.0000
vt 0.2281 0.5336 0.0000
vt 0.3338 0.5190 0.0000
vt 0.3468 0.5364 0.0000
vt 0.3308 0.5467 0.0000
vt 0.3204 0.5276 0.0000
vt 0.3060 0.5342 0.0000
vt 0.3135 0.5546 0.0000
vt 0.3459 0.5084 0.0000
vt 0.3613 0.5238 0.0000
vt 0.5330 0.6948 0.0000
vt 0.5381 0.6902 0.0000
vt 0.5479 0.6952 0.0000
vt 0.5475 0.7022 0.0000
vt 0.5279 0.6794 0.0000
vt 0.5347 0.6798 0.0000
vt 0.5396 0.6700 0.0000
vt 0.5353 0.6648 0.0000
vt 0.5501 0.6665 0.0000
vt 0.5508 0.6598 0.0000
vt 0.5599 0.6715 0.0000
vt 0.5653 0.6671 0.0000
vt 0.5633 0.6820 0.0000
vt 0.5703 0.6826 0.0000
vt 0.5584 0.6918 0.0000
vt 0.5630 0.6971 0.0000
vt 0.8703 0.7891 0.0000
vt 0.8815 0.7891 0.0000
vt 0.8590 0.7891 0.0000
vt 0.8478 0.7891 0.0000
vt 0.8364 0.7890 0.0000
vt 0.8356 0.5865 0.0000
vt 0.9153 0.7891 0.0000
vt 0.9265 0.7890 0.0000
vt 0.9040 0.7891 0.0000
vt 0.8928 0.7891 0.0000
vt 0.7812 0.9704 0.0000
vt 0.7751 0.9661 0.0000
vt 0.7861 0.9570 0.0000
vt 0.7721 0.9594 0.0000
vt 0.7728 0.9521 0.0000
vt 0.7771 0.9460 0.0000
vt 0.7838 0.9430 0.0000
vt 0.7911 0.9437 0.0000
vt 0.7972 0.9480 0.0000
vt 0.8001 0.9547 0.0000
vt 0.7995 0.9620 0.0000
vt 0.7951 0.9681 0.0000
vt 0.7884 0.9711 0.0000
vt 0.3007 0.4402 0.0000
vt 0.2948 0.4402 0.0000
vt 0.2948 0.1499 0.0000
vt 0.3007 0.1497 0.0000
vt 0.2213 0.5848 0.0000
vt 0.2214 0.6337 0.0000
vt 0.2155 0.6337 0.0000
vt 0.2154 0.5848 0.0000
vt 0.1017 0.0703 0.0000
vt 0.1011 0.0181 0.0000
vt 0.1034 0.0184 0.0000
vt 0.1039 0.0699 0.0000
vt 0.4079 0.0151 0.0000
vt 0.4085 0.0662 0.0000
vt 0.1084 0.0696 0.0000
vt 0.1079 0.0185 0.0000
vt 0.0724 0.0005 0.0000
vt 0.0735 0.0928 0.0000
vt 0.0309 0.0933 0.0000
vt 0.0298 0.0010 0.0000
vt 0.3714 0.9795 0.0000
vt 0.0818 0.9819 0.0000
vt 0.3713 0.9617 0.0000
vt 0.3715 0.9855 0.0000
vt 0.0817 0.9878 0.0000
vt 0.0711 0.9795 0.0000
vt 0.0683 0.9845 0.0000
vt 0.0549 0.9733 0.0000
vt 0.0580 0.9682 0.0000
vt 0.2734 0.1196 0.0000
vt 0.2791 0.1178 0.0000
vt 0.2796 0.1192 0.0000
vt 0.2740 0.1217 0.0000
vt 0.9881 0.0054 0.0000
vt 0.9884 0.0967 0.0000
vt 0.9214 0.0968 0.0000
vt 0.9211 0.0056 0.0000
vt 0.2934 0.1413 0.0000
vt 0.2947 0.1477 0.0000
vt 0.2922 0.1392 0.0000
vt 0.0536 0.9652 0.0000
vt 0.0516 0.9710 0.0000
vt 0.0501 0.9706 0.0000
vt 0.0515 0.9648 0.0000
vt 0.0775 0.9817 0.0000
vt 0.0765 0.9874 0.0000
vt 0.0738 0.9868 0.0000
vt 0.0753 0.9813 0.0000
vt 0.3001 0.1443 0.0000
vt 0.2945 0.1456 0.0000
vt 0.2941 0.1434 0.0000
vt 0.2994 0.1416 0.0000
vt 0.2780 0.1261 0.0000
vt 0.2826 0.1225 0.0000
vt 0.2968 0.1359 0.0000
vt 0.1062 0.0697 0.0000
vt 0.1056 0.0185 0.0000
vt 0.0988 0.0173 0.0000
vt 0.0995 0.0711 0.0000
vt 0.0972 0.0724 0.0000
vt 0.0966 0.0161 0.0000
vt 0.0732 0.9807 0.0000
vt 0.0711 0.9859 0.0000
vt 0.0791 0.9877 0.0000
vt 0.0796 0.9818 0.0000
vt 0.2984 0.1388 0.0000
vt 0.3005 0.1470 0.0000
vt 0.0790 0.0013 0.0000
vt 0.0800 0.0915 0.0000
vt 0.0778 0.0921 0.0000
vt 0.0768 0.0009 0.0000
vt 0.2754 0.1239 0.0000
vt 0.2806 0.1207 0.0000
vt 0.2788 0.1162 0.0000
vt 0.2731 0.1174 0.0000
vt 0.2728 0.1153 0.0000
vt 0.2787 0.1146 0.0000
vt 0.0494 0.9646 0.0000
vt 0.0485 0.9704 0.0000
vt 0.0468 0.9703 0.0000
vt 0.0473 0.9644 0.0000
vt 0.0531 0.9718 0.0000
vt 0.0558 0.9663 0.0000
vt 0.0746 0.0007 0.0000
vt 0.0756 0.0924 0.0000
vt 0.0843 0.0873 0.0000
vt 0.0821 0.0900 0.0000
vt 0.0812 0.0025 0.0000
vt 0.0834 0.0043 0.0000
vt 0.2479 0.6283 0.0000
vt 0.2215 0.6555 0.0000
vt 0.2212 0.5671 0.0000
vt 0.2478 0.5763 0.0000
vt 0.2269 0.5867 0.0000
vt 0.2309 0.6203 0.0000
vt 0.2268 0.6088 0.0000
vt 0.2727 0.4402 0.0000
vt 0.2744 0.5847 0.0000
vt 0.2743 0.5670 0.0000
vt 0.2745 0.6335 0.0000
vt 0.2746 0.6554 0.0000
vt 0.0064 0.9706 0.0000
vt 0.0054 0.9058 0.0000
vt 0.0469 0.9107 0.0000
vt 0.1969 0.1498 0.0000
vt 0.1969 0.4402 0.0000
vt 0.1910 0.4402 0.0000
vt 0.1910 0.1497 0.0000
vt 0.2804 0.6335 0.0000
vt 0.2803 0.5846 0.0000
vt 0.8486 0.0238 0.0000
vt 0.8509 0.0235 0.0000
vt 0.8510 0.0751 0.0000
vt 0.8488 0.0747 0.0000
vt 0.8443 0.0745 0.0000
vt 0.5476 0.0753 0.0000
vt 0.5475 0.0248 0.0000
vt 0.8442 0.0240 0.0000
vt 0.8792 0.0970 0.0000
vt 0.8790 0.0057 0.0000
vt 0.3707 0.8904 0.0000
vt 0.3708 0.9082 0.0000
vt 0.0811 0.8927 0.0000
vt 0.2190 0.4402 0.0000
vt 0.2189 0.1153 0.0000
vt 0.3706 0.8844 0.0000
vt 0.0809 0.8868 0.0000
vt 0.0543 0.9018 0.0000
vt 0.0675 0.8903 0.0000
vt 0.0704 0.8953 0.0000
vt 0.0575 0.9068 0.0000
vt 0.2121 0.1192 0.0000
vt 0.2126 0.1177 0.0000
vt 0.2183 0.1195 0.0000
vt 0.2177 0.1217 0.0000
vt 0.1983 0.1413 0.0000
vt 0.1995 0.1391 0.0000
vt 0.1970 0.1477 0.0000
vt 0.0495 0.9045 0.0000
vt 0.0511 0.9041 0.0000
vt 0.0532 0.9098 0.0000
vt 0.0511 0.9103 0.0000
vt 0.0730 0.8880 0.0000
vt 0.0757 0.8874 0.0000
vt 0.0768 0.8930 0.0000
vt 0.0746 0.8934 0.0000
vt 0.1976 0.1434 0.0000
vt 0.1972 0.1455 0.0000
vt 0.1916 0.1443 0.0000
vt 0.1922 0.1415 0.0000
vt 0.1949 0.1359 0.0000
vt 0.2091 0.1225 0.0000
vt 0.2137 0.1261 0.0000
vt 0.8464 0.0240 0.0000
vt 0.8465 0.0746 0.0000
vt 0.8555 0.0771 0.0000
vt 0.8532 0.0759 0.0000
vt 0.8531 0.0227 0.0000
vt 0.8553 0.0215 0.0000
vt 0.0703 0.8889 0.0000
vt 0.0725 0.8941 0.0000
vt 0.0789 0.8928 0.0000
vt 0.0783 0.8870 0.0000
vt 0.1933 0.1388 0.0000
vt 0.1912 0.1470 0.0000
vt 0.8749 0.0964 0.0000
vt 0.8728 0.0957 0.0000
vt 0.8725 0.0066 0.0000
vt 0.8747 0.0062 0.0000
vt 0.2111 0.1207 0.0000
vt 0.2163 0.1239 0.0000
vt 0.2186 0.1174 0.0000
vt 0.2128 0.1162 0.0000
vt 0.2130 0.1146 0.0000
vt 0.0462 0.9049 0.0000
vt 0.0479 0.9048 0.0000
vt 0.0490 0.9105 0.0000
vt 0.0554 0.9087 0.0000
vt 0.0526 0.9032 0.0000
vt 0.8771 0.0966 0.0000
vt 0.8768 0.0059 0.0000
vt 0.8684 0.0916 0.0000
vt 0.8682 0.0096 0.0000
vt 0.8704 0.0077 0.0000
vt 0.8706 0.0943 0.0000
vt 0.2687 0.5866 0.0000
vt 0.2649 0.6202 0.0000
vt 0.2690 0.6086 0.0000
vt 0.2132 0.0743 0.0000
vt 0.2780 0.0738 0.0000
vt 0.3717 0.8129 0.0000
vt 0.4027 0.8126 0.0000
vt 0.4006 0.8192 0.0000
vt 0.3717 0.8195 0.0000
vt 0.4001 0.8255 0.0000
vt 0.3719 0.8379 0.0000
vt 0.4008 0.8318 0.0000
vt 0.4029 0.8370 0.0000
vt 0.3720 0.8563 0.0000
vt 0.4224 0.8559 0.0000
vt 0.4224 0.8509 0.0000
vt 0.5352 0.7734 0.0000
vt 0.4588 0.7740 0.0000
vt 0.5091 0.7543 0.0000
vt 0.5350 0.7541 0.0000
vt 0.4485 0.8750 0.0000
vt 0.4374 0.8831 0.0000
vt 0.3722 0.8756 0.0000
vt 0.3729 0.9655 0.0000
vt 0.4378 0.9265 0.0000
vt 0.4475 0.9306 0.0000
vt 0.7514 0.2106 0.0000
vt 0.7514 0.2391 0.0000
vt 0.7081 0.2390 0.0000
vt 0.7082 0.2105 0.0000
vt 0.8857 0.8129 0.0000
vt 0.8857 0.8066 0.0000
vt 0.9346 0.8066 0.0000
vt 0.9346 0.8129 0.0000
vt 0.7542 0.2476 0.0000
vt 0.7542 0.2660 0.0000
vt 0.7053 0.2659 0.0000
vt 0.7053 0.2475 0.0000
vt 0.8857 0.8381 0.0000
vt 0.8857 0.8327 0.0000
vt 0.9346 0.8327 0.0000
vt 0.9346 0.8381 0.0000
vt 0.8857 0.8481 0.0000
vt 0.8857 0.8432 0.0000
vt 0.9346 0.8432 0.0000
vt 0.9346 0.8481 0.0000
vt 0.7052 0.2843 0.0000
vt 0.7541 0.2844 0.0000
vt 0.7602 0.3027 0.0000
vt 0.6990 0.3026 0.0000
vt 0.8857 0.8740 0.0000
vt 0.9346 0.8740 0.0000
vt 0.8795 0.8923 0.0000
vt 0.9408 0.8923 0.0000
vt 0.8795 0.9494 0.0000
vt 0.8795 0.9061 0.0000
vt 0.9408 0.9061 0.0000
vt 0.9408 0.9494 0.0000
vt 0.8795 0.9600 0.0000
vt 0.9408 0.9600 0.0000
vt 0.8795 0.9870 0.0000
vt 0.8795 0.9773 0.0000
vt 0.9408 0.9773 0.0000
vt 0.9408 0.9870 0.0000
vt 0.4587 0.7547 0.0000
vt 0.4519 0.9566 0.0000
vt 0.4793 0.9647 0.0000
vt 0.1910 0.6598 0.0000
vt 0.2522 0.6598 0.0000
vt 0.2522 0.6854 0.0000
vt 0.1910 0.6854 0.0000
vt 0.4477 0.9479 0.0000
vt 0.6453 0.8357 0.0000
vt 0.6452 0.8969 0.0000
vt 0.5035 0.8968 0.0000
vt 0.5035 0.8356 0.0000
vt 0.4086 0.8441 0.0000
vt 0.4128 0.8470 0.0000
vt 0.8857 0.8277 0.0000
vt 0.8857 0.8233 0.0000
vt 0.9346 0.8233 0.0000
vt 0.9346 0.8277 0.0000
vt 0.4955 0.9818 0.0000
vt 0.5936 0.9554 0.0000
vt 0.5938 0.9810 0.0000
vt 0.8043 0.5824 0.0000
vt 0.8029 0.4761 0.0000
vt 0.8058 0.4760 0.0000
vt 0.8071 0.5824 0.0000
vt 0.8029 0.4696 0.0000
vt 0.8057 0.4696 0.0000
vt 0.8056 0.4655 0.0000
vt 0.8612 0.4648 0.0000
vt 0.8626 0.5749 0.0000
vt 0.8070 0.5756 0.0000
vt 0.8054 0.4511 0.0000
vt 0.8610 0.4504 0.0000
vt 0.8611 0.4574 0.0000
vt 0.8055 0.4581 0.0000
vt 0.4107 0.0644 0.0000
vt 0.4107 0.0544 0.0000
vt 0.5171 0.0542 0.0000
vt 0.5208 0.0642 0.0000
vt 0.5232 0.0562 0.0000
vt 0.5221 0.0647 0.0000
vt 0.7572 0.4027 0.0000
vt 0.7017 0.4025 0.0000
vt 0.7017 0.3925 0.0000
vt 0.7572 0.3926 0.0000
vt 0.8014 0.3529 0.0000
vt 0.8026 0.4512 0.0000
vt 0.8612 0.4635 0.0000
vt 0.8056 0.4642 0.0000
vt 0.8028 0.4614 0.0000
vt 0.8027 0.4571 0.0000
vt 0.8055 0.4571 0.0000
vt 0.8056 0.4614 0.0000
vt 0.7076 0.2414 0.0000
vt 0.7519 0.2414 0.0000
vt 0.8880 0.7938 0.0000
vt 0.9323 0.7938 0.0000
vt 0.9346 0.8003 0.0000
vt 0.8857 0.8003 0.0000
vt 0.5263 0.0590 0.0000
vt 0.5239 0.0654 0.0000
vt 0.8028 0.4655 0.0000
vt 0.5307 0.0661 0.0000
vt 0.5332 0.0715 0.0000
vt 0.5276 0.0674 0.0000
vt 0.8611 0.4598 0.0000
vt 0.8612 0.4616 0.0000
vt 0.8056 0.4623 0.0000
vt 0.8056 0.4605 0.0000
vt 0.5254 0.0662 0.0000
vt 0.5286 0.0623 0.0000
vt 0.4909 0.9727 0.0000
vt 0.4885 0.9694 0.0000
vt 0.4930 0.9764 0.0000
vt 0.4854 0.9666 0.0000
vt 0.8857 0.8186 0.0000
vt 0.9346 0.8186 0.0000
vt 0.4056 0.8409 0.0000
vt 0.4176 0.8493 0.0000
vt 0.9318 0.7916 0.0000
vt 0.9318 0.7924 0.0000
vt 0.8885 0.7924 0.0000
vt 0.8885 0.7916 0.0000
vt 0.9320 0.7930 0.0000
vt 0.8883 0.7930 0.0000
vt 0.7079 0.2405 0.0000
vt 0.7516 0.2406 0.0000
vt 0.7081 0.2399 0.0000
vt 0.7514 0.2399 0.0000
vt 0.3718 0.8121 0.0000
vt 0.4028 0.8118 0.0000
vt 0.3723 0.8116 0.0000
vt 0.4024 0.8113 0.0000
vt 0.3732 0.8114 0.0000
vt 0.4017 0.8112 0.0000
vt 0.6524 0.2562 0.0000
vt 0.6524 0.2627 0.0000
vt 0.6234 0.2625 0.0000
vt 0.6214 0.2559 0.0000
vt 0.6240 0.2688 0.0000
vt 0.6522 0.2812 0.0000
vt 0.6233 0.2751 0.0000
vt 0.6521 0.2996 0.0000
vt 0.6211 0.2803 0.0000
vt 0.6016 0.2992 0.0000
vt 0.6017 0.2942 0.0000
vt 0.4897 0.7186 0.0000
vt 0.5399 0.7384 0.0000
vt 0.4636 0.7377 0.0000
vt 0.4638 0.7184 0.0000
vt 0.5756 0.3183 0.0000
vt 0.6519 0.3189 0.0000
vt 0.5866 0.3264 0.0000
vt 0.6512 0.4088 0.0000
vt 0.5765 0.3738 0.0000
vt 0.5863 0.3697 0.0000
vt 0.5401 0.7190 0.0000
vt 0.5722 0.3998 0.0000
vt 0.5448 0.4079 0.0000
vt 0.5764 0.3912 0.0000
vt 0.6155 0.2874 0.0000
vt 0.6113 0.2902 0.0000
vt 0.5285 0.4251 0.0000
vt 0.4303 0.4243 0.0000
vt 0.4305 0.3987 0.0000
vt 0.8655 0.5817 0.0000
vt 0.8626 0.5817 0.0000
vt 0.8613 0.4753 0.0000
vt 0.8641 0.4753 0.0000
vt 0.8613 0.4689 0.0000
vt 0.8641 0.4689 0.0000
vt 0.4267 0.0260 0.0000
vt 0.5330 0.0249 0.0000
vt 0.5331 0.0349 0.0000
vt 0.4230 0.0360 0.0000
vt 0.4206 0.0280 0.0000
vt 0.4217 0.0365 0.0000
vt 0.8640 0.4607 0.0000
vt 0.8612 0.4607 0.0000
vt 0.8611 0.4564 0.0000
vt 0.8639 0.4564 0.0000
vt 0.4175 0.0309 0.0000
vt 0.4200 0.0373 0.0000
vt 0.8638 0.4504 0.0000
vt 0.8640 0.4647 0.0000
vt 0.4132 0.0380 0.0000
vt 0.4163 0.0393 0.0000
vt 0.4107 0.0434 0.0000
vt 0.4152 0.0342 0.0000
vt 0.4184 0.0381 0.0000
vt 0.5356 0.4126 0.0000
vt 0.5332 0.4159 0.0000
vt 0.5311 0.4197 0.0000
vt 0.5387 0.4099 0.0000
vt 0.6184 0.2842 0.0000
vt 0.6065 0.2925 0.0000
vt 0.6522 0.2554 0.0000
vt 0.6213 0.2551 0.0000
vt 0.6517 0.2549 0.0000
vt 0.6216 0.2546 0.0000
vt 0.6224 0.2544 0.0000
vt 0.6509 0.2547 0.0000
vt 0.7601 0.3927 0.0000
vt 0.6989 0.3925 0.0000
vt 0.8626 0.3521 0.0000
# 4512 texture coords

g Gun
s 1
f 1/1/1 2/2/2 3/3/3 4/4/4 5/5/5 6/6/6 7/7/7 8/8/8 
f 8/8/8 7/7/7 9/9/2 10/10/2 
f 11/11/9 12/12/10 13/13/11 
f 14/14/12 15/15/13 16/16/14 17/17/15 
s 7
f 18/18/16 19/19/17 20/20/18 
s 1
f 21/21/19 22/22/20 23/23/21 24/24/22 
f 25/25/23 26/26/24 27/27/25 
f 28/28/26 29/29/27 30/30/28 31/31/29 
s 15
f 29/29/27 32/32/2 33/33/30 30/30/28 
s 1
f 34/34/31 35/35/32 36/36/33 37/37/34 
f 38/38/35 39/39/36 29/29/27 40/40/37 
s 3
f 39/39/36 41/41/2 32/32/2 29/29/27 
s 1
f 34/34/31 42/42/38 43/43/39 35/35/32 
f 44/44/40 45/45/41 46/46/42 
s 3
f 47/47/2 48/48/2 11/11/9 44/44/40 
s 1
f 49/49/43 50/50/44 51/51/45 52/52/46 
f 53/53/47 54/54/48 25/25/23 55/55/49 
f 56/56/50 57/57/51 58/58/52 59/59/53 
s 65536
f 7/60/54 6/61/55 60/62/55 61/63/54 
s 4
f 58/64/56 62/65/57 63/66/57 64/67/56 
s 2
f 65/68/58 66/69/59 67/70/59 68/71/58 
f 66/69/59 69/72/60 70/73/60 67/70/59 
s 65536
f 46/74/61 45/75/62 71/76/62 72/77/61 
s 4
f 73/78/63 74/79/64 75/80/64 76/81/63 
f 50/82/65 77/83/66 78/84/66 79/85/65 
s 65536
f 53/86/67 55/87/68 80/88/68 81/89/67 
s 2
f 82/90/69 83/91/69 84/92/69 85/93/69 
s 65536
f 28/94/70 31/95/71 86/96/71 87/97/70 
f 38/98/72 40/99/73 88/100/73 89/101/72 
f 13/102/74 12/103/75 90/104/75 91/105/74 
f 27/106/76 26/107/77 92/108/77 93/109/76 
f 3/110/78 2/111/79 94/112/79 95/113/78 
s 1
f 1/1/1 8/8/8 54/54/48 96/114/80 
f 97/115/81 98/116/82 62/117/83 57/57/51 
s 4
f 98/118/84 82/119/85 85/120/85 99/121/84 
s 65536
f 1/122/86 96/123/87 100/124/87 101/125/86 
s 2
f 102/126/88 103/127/89 104/128/89 105/129/88 
s 1
f 106/130/90 107/131/91 102/132/92 108/133/93 
s 3
f 33/33/30 37/37/34 109/134/94 110/135/95 
s 65536
f 111/136/96 112/137/97 113/138/97 114/139/96 
s 4
f 115/140/98 36/141/99 116/142/99 117/143/98 
s 1
f 30/30/28 118/144/100 31/31/29 
s 65536
f 31/95/71 118/145/101 119/146/101 86/96/71 
s 3
f 37/37/34 33/33/30 32/32/2 34/34/31 
s 4
f 36/141/99 35/147/102 120/148/102 116/142/99 
s 1
f 10/10/2 9/9/2 83/149/103 97/115/81 
s 3
f 41/41/2 42/42/38 34/34/31 32/32/2 
s 2
f 108/150/104 102/126/88 105/129/88 121/151/104 
f 9/152/105 7/60/105 61/63/105 122/153/105 
s 7
f 123/154/106 124/155/107 110/135/95 109/134/94 
s 3
f 48/48/2 52/52/46 42/42/38 41/41/2 
s 1
f 125/156/108 17/17/15 16/16/14 126/157/109 
f 127/158/110 19/19/17 18/18/16 106/130/90 
f 128/159/111 24/24/22 23/23/21 129/160/112 
s 4
f 23/161/113 22/162/114 130/163/114 131/164/113 
s 65536
f 17/165/115 125/166/116 132/167/116 133/168/115 
s 1
f 11/11/9 13/13/11 134/169/117 
f 51/51/45 43/43/39 42/42/38 52/52/46 
s 65536
f 134/170/118 13/102/74 91/105/74 135/171/118 
s 4
f 51/172/119 50/82/65 79/85/65 136/173/119 
s 3
f 52/52/46 48/48/2 47/47/2 49/49/43 
s 4
f 62/65/57 98/118/84 99/121/84 63/66/57 
s 1
f 54/54/48 53/53/47 96/114/80 
f 62/117/83 58/58/52 57/57/51 
s 65536
f 96/123/87 53/86/67 81/89/67 100/124/87 
s 7
f 97/115/81 57/57/51 137/174/2 10/10/2 
f 137/174/2 54/54/48 8/8/8 10/10/2 
s 1
f 107/131/91 138/175/120 103/176/121 102/132/92 
s 2
f 103/127/89 139/177/122 140/178/122 104/128/89 
s 65536
f 5/179/123 4/180/124 141/181/124 142/182/123 
f 4/180/124 3/110/78 95/113/78 141/181/124 
f 2/111/79 1/122/86 101/125/86 94/112/79 
f 6/61/55 5/179/123 142/182/123 60/62/55 
s 1
f 39/39/36 143/183/125 144/184/126 
s 4
f 43/185/127 51/172/119 136/173/119 145/186/127 
s 65536
f 144/187/128 143/188/129 146/189/129 147/190/128 
s 1
f 148/191/130 149/192/131 150/193/132 112/194/133 
s 7
f 124/155/107 151/195/134 149/192/131 148/191/130 
s 65536
f 150/196/135 14/197/136 152/198/136 153/199/135 
s 7
f 21/21/19 20/20/18 151/195/134 154/200/137 
s 4
f 155/201/138 156/202/139 157/203/139 158/204/138 
s 1
f 144/184/126 12/12/10 11/11/9 39/39/36 
s 3
f 11/11/9 48/48/2 41/41/2 39/39/36 
s 65536
f 12/103/75 144/187/128 147/190/128 90/104/75 
s 1
f 45/45/41 44/44/40 11/11/9 134/169/117 
s 65536
f 45/75/62 134/170/118 135/171/118 71/76/62 
s 1
f 44/44/40 159/205/140 160/206/141 
s 3
f 161/207/2 47/47/2 44/44/40 
s 1
f 49/49/43 162/208/142 77/209/143 50/50/44 
s 4
f 77/83/66 59/210/144 163/211/144 78/84/66 
s 3
f 161/207/2 162/208/142 49/49/43 47/47/2 
s 1
f 160/206/141 26/26/24 25/25/23 44/44/40 
s 3
f 25/25/23 164/212/2 161/207/2 44/44/40 
s 1
f 56/56/50 59/59/53 77/209/143 162/208/142 
s 65536
f 26/107/77 160/213/145 165/214/145 92/108/77 
s 3
f 164/212/2 56/56/50 162/208/142 161/207/2 
s 1
f 25/25/23 27/27/25 55/55/49 
s 65536
f 55/87/68 27/106/76 93/109/76 80/88/68 
s 4
f 59/210/144 58/64/56 64/67/56 163/211/144 
s 15
f 164/212/2 25/25/23 54/54/48 137/174/2 
s 3
f 56/56/50 164/212/2 137/174/2 57/57/51 
s 1
f 39/39/36 38/38/35 143/183/125 
s 65536
f 143/188/129 38/98/72 89/101/72 146/189/129 
s 1
f 44/44/40 46/46/42 159/205/140 
s 65536
f 159/215/146 46/74/61 72/77/61 166/216/146 
s 7
f 24/24/22 167/217/147 21/21/19 
s 1
f 97/115/81 83/149/103 82/218/148 98/116/82 
s 2
f 168/219/149 73/220/150 76/221/150 169/222/149 
s 4
f 83/91/151 9/223/151 122/224/151 84/92/151 
s 1
f 168/225/152 139/226/153 128/159/111 
f 156/227/154 123/154/106 109/134/94 115/228/155 
s 4
f 74/79/64 170/229/156 171/230/156 75/80/64 
s 1
f 65/231/157 172/232/158 126/157/109 66/233/159 
f 168/225/152 128/159/111 74/234/160 73/235/161 
s 65536
f 172/236/162 65/237/163 68/238/163 173/239/162 
s 2
f 139/177/122 168/219/149 169/222/149 140/178/122 
s 1
f 126/157/109 172/232/158 174/240/164 
f 69/241/165 127/158/110 106/130/90 108/133/93 
f 170/242/166 74/234/160 128/159/111 
s 65536
f 174/243/167 172/236/162 173/239/162 175/244/167 
s 1
f 138/175/120 167/217/147 24/24/22 128/159/111 
s 4
f 170/229/156 129/245/168 176/246/168 171/230/156 
s 1
f 107/131/91 106/130/90 18/18/16 177/247/169 
f 138/175/120 107/131/91 177/247/169 167/217/147 
f 126/157/109 174/240/164 125/156/108 
f 129/160/112 170/242/166 128/159/111 
s 65536
f 125/166/116 174/243/167 175/244/167 132/167/116 
s 4
f 129/245/168 23/161/113 131/164/113 176/246/168 
s 2
f 69/72/60 108/150/104 121/151/104 70/73/60 
s 1
f 19/19/17 127/158/110 126/157/109 16/16/14 
f 127/158/110 69/241/165 66/233/159 126/157/109 
f 15/15/13 14/14/12 150/193/132 149/192/131 
s 7
f 151/195/134 20/20/18 15/15/13 149/192/131 
s 1
f 22/22/20 21/21/19 154/200/137 155/248/170 
s 4
f 22/162/114 155/201/138 158/204/138 130/163/114 
s 65536
f 14/197/136 17/165/115 133/168/115 152/198/136 
s 7
f 167/217/147 177/247/169 20/20/18 21/21/19 
s 65536
f 112/137/97 150/196/135 153/199/135 113/138/97 
s 7
f 154/200/137 151/195/134 124/155/107 123/154/106 
s 1
f 178/249/171 148/191/130 112/194/133 111/250/172 
s 7
f 110/135/95 124/155/107 148/191/130 178/249/171 
s 4
f 156/202/139 115/140/98 117/143/98 157/203/139 
s 1
f 123/154/106 156/227/154 155/248/170 154/200/137 
f 111/250/172 118/144/100 30/30/28 178/249/171 
s 11
f 178/249/171 30/30/28 33/33/30 110/135/95 
s 1
f 37/37/34 36/36/33 115/228/155 109/134/94 
s 65536
f 118/145/101 111/136/96 114/139/96 119/146/101 
s 1
f 29/29/27 28/28/26 40/40/37 
s 65536
f 40/99/73 28/94/70 87/97/70 88/100/73 
s 4
f 35/147/102 43/185/127 145/186/127 120/148/102 
s 3
f 177/247/169 18/18/16 20/20/18 
s 7
f 15/15/13 20/20/18 19/19/17 16/16/14 
s 1
f 138/175/120 128/159/111 139/226/153 103/176/121 
f 142/251/173 141/252/174 95/253/175 94/254/176 101/255/177 179/256/178 61/257/179 60/258/180 
f 122/259/176 61/257/179 179/256/178 180/260/176 
f 181/261/181 91/262/182 90/263/183 
f 152/264/184 133/265/185 182/266/186 183/267/187 
s 7
f 184/268/188 185/269/189 186/270/190 
s 1
f 187/271/191 188/272/192 131/273/193 130/274/194 
f 189/275/195 93/276/196 92/277/197 
f 190/278/198 191/279/199 87/280/200 86/281/201 
s 15
f 192/282/202 193/283/176 191/279/199 190/278/198 
s 1
f 116/284/203 120/285/204 194/286/205 195/287/206 
f 191/279/199 196/288/207 89/289/208 88/290/209 
s 3
f 193/283/176 197/291/176 196/288/207 191/279/199 
s 1
f 194/286/205 120/285/204 145/292/210 198/293/211 
f 199/294/212 72/295/213 71/296/214 
s 3
f 200/297/176 199/294/212 181/261/181 201/298/176 
s 1
f 136/299/215 79/300/216 202/301/217 203/302/218 
f 189/275/195 204/303/219 81/304/220 80/305/221 
f 205/306/222 163/307/223 64/308/224 206/309/225 
f 204/303/219 179/256/178 101/255/177 100/310/226 
f 63/311/227 99/312/228 207/313/229 206/309/225 
f 208/314/230 121/315/231 105/316/232 209/317/233 
s 3
f 210/318/234 195/287/206 192/282/202 211/319/235 
s 1
f 190/278/198 86/281/201 119/320/236 
s 3
f 193/283/176 192/282/202 195/287/206 194/286/205 
s 1
f 84/321/237 122/259/176 180/260/176 207/313/229 
s 3
f 193/283/176 194/286/205 198/293/211 197/291/176 
s 7
f 210/318/234 211/319/235 212/322/238 213/323/239 
s 3
f 201/298/176 197/291/176 198/293/211 203/302/218 
s 1
f 132/324/240 214/325/241 182/266/186 133/265/185 
f 215/326/242 208/314/230 184/268/188 186/270/190 
f 216/327/243 176/328/244 131/273/193 188/272/192 
f 181/261/181 135/329/245 91/262/182 
f 136/299/215 203/302/218 198/293/211 145/292/210 
s 3
f 200/297/176 201/298/176 203/302/218 202/301/217 
s 1
f 204/303/219 100/310/226 81/304/220 
f 63/311/227 206/309/225 64/308/224 
s 7
f 207/313/229 180/260/176 217/330/176 206/309/225 
f 179/256/178 204/303/219 217/330/176 180/260/176 
s 1
f 209/317/233 105/316/232 104/331/246 218/332/247 
f 196/288/207 147/333/248 146/334/249 
f 219/335/250 113/336/251 153/337/252 220/338/253 
s 7
f 212/322/238 219/335/250 220/338/253 221/339/254 
f 185/269/189 187/271/191 222/340/255 221/339/254 
s 1
f 147/333/248 196/288/207 181/261/181 90/263/183 
s 3
f 181/261/181 196/288/207 197/291/176 201/298/176 
s 1
f 181/261/181 199/294/212 71/296/214 135/329/245 
f 199/294/212 165/341/256 166/342/257 
s 3
f 223/343/176 199/294/212 200/297/176 
s 1
f 202/301/217 79/300/216 78/344/258 224/345/259 
s 65536
f 165/214/145 160/213/145 159/215/146 166/216/146 
s 3
f 202/301/217 224/345/259 223/343/176 200/297/176 
s 1
f 165/341/256 199/294/212 189/275/195 92/277/197 
s 3
f 223/343/176 225/346/176 189/275/195 199/294/212 
s 1
f 78/344/258 163/307/223 205/306/222 224/345/259 
s 3
f 224/345/259 205/306/222 225/346/176 223/343/176 
s 1
f 189/275/195 80/305/221 93/276/196 
s 15
f 204/303/219 189/275/195 225/346/176 217/330/176 
s 3
f 217/330/176 225/346/176 205/306/222 206/309/225 
s 1
f 196/288/207 146/334/249 89/289/208 
f 199/294/212 166/342/257 72/295/213 
s 7
f 188/272/192 187/271/191 226/347/260 
s 1
f 85/348/261 84/321/237 207/313/229 99/312/228 
f 169/349/262 216/327/243 140/350/263 
f 157/351/264 117/352/265 210/318/234 213/323/239 
f 68/353/266 67/354/267 214/325/241 173/355/268 
f 169/349/262 76/356/269 75/357/270 216/327/243 
f 214/325/241 175/358/271 173/355/268 
f 70/359/272 121/315/231 208/314/230 215/326/242 
f 171/360/273 216/327/243 75/357/270 
f 218/332/247 216/327/243 188/272/192 226/347/260 
f 184/268/188 208/314/230 209/317/233 227/361/274 
f 227/361/274 209/317/233 218/332/247 226/347/260 
f 214/325/241 132/324/240 175/358/271 
f 176/328/244 216/327/243 171/360/273 
f 214/325/241 215/326/242 186/270/190 182/266/186 
f 67/354/267 70/359/272 215/326/242 214/325/241 
f 153/337/252 152/264/184 183/267/187 220/338/253 
s 7
f 221/339/254 220/338/253 183/267/187 185/269/189 
s 1
f 222/340/255 187/271/191 130/274/194 158/362/275 
s 7
f 227/361/274 226/347/260 187/271/191 185/269/189 
f 221/339/254 222/340/255 213/323/239 212/322/238 
s 1
f 228/363/276 114/364/277 113/336/251 219/335/250 
s 7
f 211/319/235 228/363/276 219/335/250 212/322/238 
s 1
f 158/362/275 157/351/264 213/323/239 222/340/255 
f 114/364/277 228/363/276 190/278/198 119/320/236 
s 11
f 228/363/276 211/319/235 192/282/202 190/278/198 
s 1
f 117/352/265 116/284/203 195/287/206 210/318/234 
f 191/279/199 88/290/209 87/280/200 
s 3
f 227/361/274 185/269/189 184/268/188 
s 7
f 183/267/187 182/266/186 186/270/190 185/269/189 
s 1
f 218/332/247 104/331/246 140/350/263 216/327/243 
f 229/365/278 230/366/278 231/367/279 232/368/280 
s 1024
f 233/369/281 234/370/282 235/371/283 
s 4096
f 236/372/2 237/373/284 238/374/284 
f 239/375/2 240/376/2 241/377/2 
s 1
f 242/378/285 243/379/286 244/380/287 245/381/288 
f 246/382/289 247/383/290 248/384/291 249/385/292 
f 250/386/293 251/387/294 252/388/295 253/389/296 
s 8
f 254/390/297 255/391/297 256/392/298 257/393/298 
s 512
f 258/394/299 238/395/299 259/396/300 260/397/300 
s 8
f 261/398/301 230/399/301 229/400/302 262/401/302 
s 256
f 263/402/303 264/403/304 265/404/305 
s 1
f 266/405/306 267/406/307 268/407/308 269/408/309 
s 2
f 270/409/310 252/410/310 271/411/311 272/412/311 
s 4096
f 273/413/2 274/414/2 275/415/2 
s 2
f 276/416/312 277/417/312 233/418/312 
s 4096
f 278/419/2 279/420/2 275/415/2 
s 512
f 280/421/313 274/422/313 273/423/314 281/424/314 
s 4096
f 275/415/2 274/414/2 259/425/284 282/426/2 
s 2
f 283/427/312 284/428/312 233/418/312 
s 4096
f 285/429/284 286/430/315 287/431/284 
s 1
f 239/432/316 241/433/317 288/434/318 289/435/319 
s 4096
f 278/419/2 290/436/2 233/437/2 
s 1024
f 291/438/320 292/439/321 293/440/322 294/441/323 
s 4096
f 273/413/2 275/415/2 279/420/2 295/442/2 
s 512
f 273/423/314 295/443/324 296/444/324 281/424/314 
s 4096
f 297/445/2 256/446/2 287/431/284 
f 287/431/284 243/447/2 242/448/2 
f 253/449/2 287/431/284 246/450/2 298/451/2 
f 253/449/2 241/377/2 233/437/2 287/431/284 
f 241/377/2 240/376/2 299/452/2 233/437/2 
s 8
f 300/453/325 301/454/325 302/455/326 303/456/326 
s 4096
f 286/430/315 304/457/327 287/431/284 
f 299/452/2 305/458/2 233/437/2 
s 16
f 231/459/328 230/460/329 261/461/329 306/462/328 
s 4
f 285/463/330 287/464/330 307/465/330 308/466/330 
s 8
f 286/467/331 285/468/312 308/469/312 309/470/331 
s 1
f 252/388/295 288/434/318 241/433/317 253/389/296 
s 4
f 287/464/330 233/471/330 310/472/330 307/465/330 
s 2
f 288/473/332 252/410/310 270/409/310 311/474/332 
s 4096
f 312/475/2 313/476/2 237/373/284 236/372/2 
s 1024
f 313/477/333 314/478/334 315/479/335 
s 4096
f 313/476/2 315/480/284 237/373/284 
s 512
f 260/397/300 259/396/300 274/422/313 280/421/313 
s 256
f 316/481/336 317/482/337 318/483/338 
s 2
f 319/484/339 320/485/339 321/486/340 322/487/340 
s 256
f 321/488/341 320/489/342 323/490/343 324/491/344 
s 16
f 324/492/345 323/493/346 325/494/346 326/495/345 
s 2
f 327/496/347 328/497/347 329/498/348 330/499/348 
s 256
f 331/500/2 329/501/2 328/502/349 332/503/350 
s 16
f 331/504/351 332/505/352 333/506/352 334/507/351 
s 2
f 335/508/353 336/509/353 337/510/354 338/511/354 
s 256
f 339/512/2 337/513/2 336/514/2 340/515/2 
s 2
f 341/516/355 342/517/355 343/518/356 344/519/356 
s 256
f 345/520/2 343/521/2 342/522/2 346/523/2 
s 16
f 345/524/357 346/525/358 347/526/358 348/527/357 
s 4096
f 349/528/2 275/415/2 282/426/2 350/529/2 
s 2
f 351/530/312 352/531/312 233/418/312 
s 1024
f 353/532/359 354/533/360 355/534/361 356/535/362 
s 4096
f 349/528/2 357/536/2 275/415/2 
s 2
f 289/537/363 288/473/332 311/474/332 358/538/363 
s 1
f 252/388/295 251/387/294 271/539/364 
s 4096
f 282/426/2 259/425/284 238/374/284 237/373/284 
f 359/540/2 278/419/2 233/437/2 
f 305/458/2 359/540/2 233/437/2 
s 2
f 322/487/340 321/486/340 328/497/347 327/496/347 
s 256
f 328/502/349 321/488/341 324/491/344 332/503/350 
s 16
f 324/492/345 326/495/345 333/506/352 332/505/352 
s 2
f 330/499/348 329/498/348 336/509/353 335/508/353 
s 256
f 329/501/2 331/500/2 340/515/2 336/514/2 
s 16
f 331/504/351 334/507/351 360/541/365 340/542/365 
s 2
f 338/511/354 337/510/354 342/517/355 341/516/355 
s 256
f 337/513/2 339/512/2 346/523/2 342/522/2 
s 16
f 339/543/366 361/544/366 347/526/358 346/525/358 
s 1
f 362/545/367 363/546/368 263/547/369 364/548/370 
f 363/546/368 242/378/285 245/381/288 263/547/369 
f 231/367/279 244/380/287 243/379/286 232/368/280 
s 4096
f 287/431/284 363/549/2 362/550/2 
f 287/431/284 242/448/2 363/549/2 
f 287/431/284 232/551/2 243/447/2 
s 16
f 365/552/371 244/553/371 231/459/328 306/462/328 
f 366/554/372 245/555/372 244/553/371 365/552/371 
f 367/556/373 263/557/373 245/555/372 366/554/372 
s 2
f 368/558/374 317/559/374 320/485/339 319/484/339 
f 369/560/375 370/561/375 371/562/376 372/563/376 
s 256
f 317/482/337 316/481/336 323/490/343 320/489/342 
f 373/564/2 369/565/377 372/566/2 374/567/2 
s 16
f 316/568/378 375/569/378 325/494/346 323/493/346 
s 1
f 376/570/379 377/571/380 378/572/381 379/573/382 
f 298/574/383 268/407/308 267/406/307 380/575/384 
f 364/548/370 248/384/291 247/383/290 362/545/367 
s 256
f 265/404/305 264/403/304 381/576/385 
s 1
f 269/408/309 268/407/308 249/385/292 382/577/386 
f 377/571/380 373/578/387 374/579/388 378/572/381 
f 265/580/389 381/581/390 248/384/291 364/548/370 
f 265/580/389 364/548/370 263/547/369 
f 382/577/386 249/385/292 248/384/291 381/581/390 
f 246/382/289 249/385/292 268/407/308 298/574/383 
s 2
f 372/563/376 371/562/376 272/412/311 271/411/311 
f 370/561/375 369/560/375 318/582/391 383/583/391 
s 256
f 372/566/2 271/584/2 374/567/2 
f 369/565/377 373/564/2 266/585/392 318/483/338 
s 1
f 379/573/382 378/572/381 251/387/294 250/386/293 
f 377/571/380 376/570/379 380/575/384 267/406/307 
f 378/572/381 374/579/388 271/539/364 251/387/294 
f 373/578/387 377/571/380 267/406/307 266/405/306 
s 256
f 264/403/304 316/481/336 382/586/2 381/576/385 
f 269/587/393 382/586/2 316/481/336 
f 318/483/338 266/585/392 269/587/393 316/481/336 
s 4096
f 287/431/284 362/550/2 247/588/2 
f 287/431/284 247/588/2 246/450/2 
f 298/451/2 380/589/2 253/449/2 
f 380/589/2 376/590/2 253/449/2 
f 250/591/2 253/449/2 376/590/2 379/592/2 
s 1024
f 384/593/394 385/594/395 386/595/396 387/596/397 
f 388/597/398 235/371/283 234/370/282 389/598/399 
f 313/477/333 390/599/400 391/600/401 
f 392/601/402 393/602/403 394/603/404 395/604/405 
f 385/594/395 396/605/406 397/606/407 398/607/408 
f 353/532/359 386/595/396 399/608/409 400/609/410 
f 388/597/398 354/533/360 401/610/411 402/611/412 
f 235/371/283 403/612/413 233/369/281 
f 395/604/405 394/603/404 283/613/414 404/614/415 
f 398/607/408 397/606/407 405/615/416 352/616/417 
f 406/617/418 400/609/410 399/608/409 351/618/419 
f 402/611/412 401/610/411 407/619/420 277/620/421 
f 313/477/333 284/621/422 390/599/400 
f 403/612/413 276/622/423 233/369/281 
f 314/478/334 391/600/401 393/602/403 294/441/323 
s 4096
f 237/373/284 315/480/284 293/623/2 282/426/2 
s 1024
f 393/602/403 391/600/401 390/599/400 394/603/404 
f 394/603/404 390/599/400 284/621/422 283/613/414 
s 4096
f 408/624/2 409/625/2 275/415/2 
f 282/426/2 292/626/2 410/627/2 
s 1024
f 392/601/402 291/438/320 294/441/323 393/602/403 
f 356/535/362 355/534/361 408/628/424 357/629/425 
f 350/630/426 384/593/394 387/596/397 349/631/427 
f 389/598/399 234/370/282 290/632/428 409/633/429 
f 315/479/335 314/478/334 294/441/323 293/440/322 
f 233/369/281 290/632/428 234/370/282 
f 313/477/333 391/600/401 314/478/334 
f 292/439/321 291/438/320 411/634/430 410/635/431 
f 385/594/395 384/593/394 411/634/430 396/605/406 
f 396/605/406 392/601/402 395/604/405 397/606/407 
f 385/594/395 398/607/408 399/608/409 386/595/396 
f 397/606/407 395/604/405 404/614/415 405/615/416 
f 399/608/409 398/607/408 352/616/417 351/618/419 
f 291/438/320 392/601/402 396/605/406 411/634/430 
f 384/593/394 350/630/426 410/635/431 411/634/430 
f 386/595/396 353/532/359 356/535/362 387/596/397 
f 354/533/360 353/532/359 400/609/410 401/610/411 
f 401/610/411 400/609/410 406/617/418 407/619/420 
f 387/596/397 356/535/362 357/629/425 349/631/427 
s 2
f 407/636/312 406/637/312 233/418/312 
f 406/637/312 351/530/312 233/418/312 
f 352/531/312 405/638/312 233/418/312 
f 405/638/312 404/639/312 233/418/312 
f 404/639/312 283/427/312 233/418/312 
s 1024
f 354/533/360 388/597/398 389/598/399 355/534/361 
f 235/371/283 388/597/398 402/611/412 403/612/413 
f 403/612/413 402/611/412 277/620/421 276/622/423 
f 355/534/361 389/598/399 409/633/429 408/628/424 
s 2
f 277/417/312 407/636/312 233/418/312 
s 4096
f 357/536/2 408/624/2 275/415/2 
f 282/426/2 410/627/2 350/529/2 
f 282/426/2 293/623/2 292/626/2 
s 8
f 412/640/432 304/641/432 286/467/331 309/470/331 
f 303/456/326 302/455/326 304/641/432 412/640/432 
f 301/454/325 300/453/325 413/642/433 414/643/433 
f 415/644/434 297/645/434 414/643/433 413/642/433 
f 257/393/298 256/392/298 297/645/434 415/644/434 
f 255/391/297 254/390/297 262/401/302 229/400/302 
s 4096
f 232/551/2 287/431/284 255/646/2 229/647/2 
f 256/446/2 255/646/2 287/431/284 
f 287/431/284 414/648/2 297/445/2 
f 301/649/2 414/648/2 287/431/284 
f 302/650/327 301/649/2 287/431/284 
f 304/457/327 302/650/327 287/431/284 
s 1
f 306/651/435 261/652/436 262/653/436 416/654/437 
s 1024
f 310/655/438 417/656/439 418/657/440 
s 4096
f 419/658/176 258/659/441 420/660/441 
f 421/661/176 422/662/176 423/663/176 
s 1
f 424/664/442 366/665/443 365/666/444 425/667/445 
f 426/668/446 427/669/447 428/670/448 429/671/449 
f 270/672/450 430/673/451 431/674/452 432/675/453 
s 2
f 310/676/312 233/418/312 433/677/312 
s 512
f 419/678/454 434/679/330 312/680/330 236/681/454 
f 258/394/299 419/678/454 236/681/454 238/395/299 
s 256
f 367/682/455 435/683/456 436/684/457 
s 1
f 437/685/458 438/686/459 439/687/306 440/688/309 
s 4096
f 281/689/176 441/690/441 280/691/176 
s 2
f 433/677/312 233/418/312 442/692/312 
s 4096
f 443/693/176 441/690/441 444/694/176 
f 260/695/441 280/691/176 441/690/441 445/696/176 
s 2
f 446/697/312 233/418/312 447/698/312 
s 4096
f 308/699/441 307/700/441 309/701/460 
s 1
f 421/702/461 358/703/462 311/704/463 422/705/464 
s 4096
f 448/706/465 443/693/176 310/707/176 
s 1024
f 449/708/466 450/709/467 451/710/468 452/711/469 
s 2
f 312/712/312 434/713/312 453/714/312 313/715/312 
s 4096
f 444/694/176 441/690/441 281/689/176 296/716/176 
f 415/717/176 307/700/441 257/718/176 
f 307/700/441 424/719/176 425/720/176 
f 426/721/176 307/700/441 432/722/176 454/723/176 
f 310/707/176 422/662/176 432/722/176 307/700/441 
f 455/724/176 423/663/176 422/662/176 310/707/176 
f 309/701/460 307/700/441 412/725/470 
f 455/724/176 310/707/176 456/726/176 
s 1
f 422/705/464 311/704/463 270/672/450 432/675/453 
s 4096
f 434/727/176 419/658/176 420/660/441 453/728/176 
s 1024
f 453/729/471 457/730/472 458/731/473 
s 4096
f 453/728/176 420/660/441 457/732/441 
s 2
f 368/558/374 383/583/391 318/582/391 317/559/374 
s 256
f 375/733/474 383/734/475 368/735/476 
f 325/736/477 319/737/478 322/738/479 326/739/480 
f 334/740/176 333/741/481 327/742/482 330/743/176 
f 361/744/176 360/745/176 335/746/176 338/747/176 
s 16
f 340/542/365 360/541/365 361/544/366 339/543/366 
s 256
f 348/748/176 347/749/176 341/750/176 344/751/176 
s 4096
f 445/696/176 441/690/441 459/752/465 460/753/465 
s 2
f 461/754/312 233/418/312 462/755/312 
s 1024
f 463/756/483 464/757/484 465/758/485 466/759/486 
s 4096
f 459/752/465 441/690/441 467/760/441 
s 1
f 270/672/450 272/761/364 430/673/451 
s 4096
f 258/659/441 260/695/441 445/696/176 420/660/441 
f 468/762/176 310/707/176 443/693/176 
f 456/726/176 310/707/176 468/762/176 
s 256
f 327/742/482 333/741/481 326/739/480 322/738/479 
f 360/745/176 334/740/176 330/743/176 335/746/176 
f 347/749/176 361/744/176 338/747/176 341/750/176 
s 1
f 469/763/487 470/764/488 367/765/489 471/766/490 
f 471/766/490 367/765/489 366/665/443 424/664/442 
f 306/651/435 416/654/437 425/667/445 365/666/444 
s 4096
f 307/700/441 469/767/176 471/768/176 
f 307/700/441 471/768/176 424/719/176 
f 307/700/441 425/720/176 416/769/176 
s 256
f 325/736/477 375/733/474 368/735/476 319/737/478 
f 371/770/176 370/771/491 472/772/176 473/773/176 
s 16
f 436/774/492 375/569/378 316/568/378 264/775/492 
s 1
f 474/776/493 475/777/494 476/778/495 477/779/496 
f 438/686/459 437/685/458 454/780/497 478/781/498 
f 470/764/488 469/763/487 429/671/449 428/670/448 
s 256
f 435/683/456 479/782/499 436/684/457 
s 1
f 427/669/447 437/685/458 440/688/309 480/783/386 
f 473/784/388 472/785/387 475/777/494 474/776/493 
f 428/670/448 479/786/390 435/787/389 470/764/488 
f 435/787/389 367/765/489 470/764/488 
s 16
f 263/557/373 367/556/373 436/774/492 264/775/492 
s 1
f 428/670/448 427/669/447 480/783/386 479/786/390 
f 437/685/458 427/669/447 426/668/446 454/780/497 
s 256
f 371/770/176 473/773/176 272/788/176 
f 439/789/500 472/772/176 370/771/491 383/734/475 
s 1
f 430/673/451 474/776/493 477/779/496 431/674/452 
f 478/781/498 476/778/495 475/777/494 438/686/459 
f 272/761/364 473/784/388 474/776/493 430/673/451 
f 438/686/459 475/777/494 472/785/387 439/687/306 
s 256
f 436/684/457 479/782/499 480/790/176 375/733/474 
f 440/791/501 375/733/474 480/790/176 
f 440/791/501 439/789/500 383/734/475 375/733/474 
s 4096
f 307/700/441 429/792/176 469/767/176 
f 307/700/441 426/721/176 429/792/176 
f 454/723/176 432/722/176 478/793/176 
f 478/793/176 432/722/176 476/794/176 
f 431/795/176 477/796/176 476/794/176 432/722/176 
s 1024
f 481/797/502 482/798/503 483/799/504 484/800/505 
f 418/657/440 417/656/439 485/801/506 486/802/507 
f 453/729/471 487/803/508 488/804/509 
f 489/805/510 490/806/511 491/807/512 492/808/513 
f 493/809/514 494/810/515 484/800/505 495/811/516 
f 496/812/517 483/799/504 465/758/485 497/813/518 
f 498/814/519 464/757/484 485/801/506 499/815/520 
f 417/656/439 310/655/438 500/816/521 
f 446/817/522 489/805/510 492/808/513 501/818/523 
f 502/819/524 493/809/514 495/811/516 462/820/525 
f 503/821/526 461/822/527 496/812/517 497/813/518 
f 504/823/528 498/814/519 499/815/520 442/824/529 
f 453/729/471 488/804/509 447/825/530 
f 500/816/521 310/655/438 433/826/531 
s 2
f 453/714/312 447/698/312 233/418/312 284/428/312 313/715/312 
s 1024
f 490/806/511 487/803/508 458/731/473 450/709/467 
s 4096
f 451/827/176 457/732/441 420/660/441 445/696/176 
s 1024
f 490/806/511 489/805/510 488/804/509 487/803/508 
f 489/805/510 446/817/522 447/825/530 488/804/509 
s 4096
f 505/828/441 441/690/441 506/829/465 
f 445/696/176 507/830/441 452/831/460 
s 1024
f 491/807/512 490/806/511 450/709/467 449/708/466 
f 505/832/532 463/756/483 466/759/486 467/833/533 
f 460/834/534 459/835/535 482/798/503 481/797/502 
f 448/836/536 418/657/440 486/802/507 506/837/537 
f 457/730/472 451/710/468 450/709/467 458/731/473 
f 310/655/438 418/657/440 448/836/536 
f 453/729/471 458/731/473 487/803/508 
f 508/838/538 449/708/466 452/711/469 507/839/539 
f 508/838/538 481/797/502 484/800/505 494/810/515 
f 494/810/515 493/809/514 492/808/513 491/807/512 
f 496/812/517 495/811/516 484/800/505 483/799/504 
f 493/809/514 502/819/524 501/818/523 492/808/513 
f 496/812/517 461/822/527 462/820/525 495/811/516 
f 494/810/515 491/807/512 449/708/466 508/838/538 
f 507/839/539 460/834/534 481/797/502 508/838/538 
f 483/799/504 482/798/503 466/759/486 465/758/485 
f 464/757/484 498/814/519 497/813/518 465/758/485 
f 498/814/519 504/823/528 503/821/526 497/813/518 
f 482/798/503 459/835/535 467/833/533 466/759/486 
s 2
f 504/840/312 233/418/312 503/841/312 
f 503/841/312 233/418/312 461/754/312 
f 462/755/312 233/418/312 502/842/312 
f 502/842/312 233/418/312 501/843/312 
f 501/843/312 233/418/312 446/697/312 
s 1024
f 464/757/484 463/756/483 486/802/507 485/801/506 
f 417/656/439 500/816/521 499/815/520 485/801/506 
f 500/816/521 433/826/531 442/824/529 499/815/520 
f 463/756/483 505/832/532 506/837/537 486/802/507 
s 2
f 442/692/312 233/418/312 504/840/312 
s 4096
f 467/760/441 441/690/441 505/828/441 
f 445/696/176 460/753/465 507/830/441 
f 445/696/176 452/831/460 451/827/176 
f 416/769/176 262/844/176 254/845/176 307/700/441 
f 257/718/176 307/700/441 254/845/176 
f 307/700/441 415/717/176 413/846/176 
f 300/847/176 307/700/441 413/846/176 
f 303/848/470 307/700/441 300/847/176 
f 412/725/470 307/700/441 303/848/470 
f 275/415/2 409/625/2 290/436/2 278/419/2 
f 448/706/465 506/829/465 441/690/441 443/693/176 
s 512
f 509/849/2 510/850/2 511/851/2 512/852/2 
s 268435456
f 513/853/540 514/854/541 515/855/542 
f 516/856/543 517/857/544 518/858/545 
f 519/859/546 520/860/547 521/861/548 522/862/549 
s 262144
f 523/863/550 524/864/551 525/865/552 526/866/553 
s 512
f 527/867/2 514/868/2 528/869/2 529/870/2 
f 530/871/2 519/872/2 522/873/2 531/874/2 
s 268435456
f 532/875/554 533/876/555 534/877/556 
f 535/878/557 509/879/558 512/880/559 536/881/560 
s 262144
f 537/882/561 538/883/562 539/884/563 540/885/564 
s 268435456
f 509/879/558 541/886/565 542/887/566 
f 535/878/557 543/888/567 509/879/558 
s 262144
f 527/867/568 544/889/569 538/883/562 537/882/561 
s 512
f 528/869/2 514/868/2 512/852/2 511/851/2 
s 268435456
f 510/890/570 509/879/558 542/887/566 545/891/571 
s 512
f 524/864/2 523/863/2 532/892/2 534/893/2 
f 514/868/2 537/882/2 540/885/2 515/894/2 
f 537/882/2 514/868/2 527/867/2 
s 262144
f 544/889/569 527/867/568 529/870/572 546/895/573 
f 547/896/574 548/897/575 549/898/576 
f 550/899/577 530/871/578 531/874/579 551/900/580 
s 1073741824
f 552/901/581 536/902/581 553/903/582 554/904/582 
f 555/905/583 556/906/583 557/907/584 558/908/584 
s 134217728
f 559/909/585 544/910/585 546/911/586 560/912/586 
s 1073741824
f 561/913/587 518/914/587 517/915/588 562/916/588 
s 134217728
f 563/917/589 548/918/589 547/919/590 564/920/590 
s 1073741824
f 565/921/591 566/922/591 567/923/592 568/924/592 
s 134217728
f 569/925/593 525/926/593 550/927/594 570/928/594 
s 1073741824
f 571/929/595 521/930/595 520/931/596 572/932/596 
s 134217728
f 573/933/597 526/934/597 525/926/593 569/925/593 
s 1073741824
f 574/935/598 542/936/598 541/937/599 575/938/599 
s 134217728
f 576/939/600 539/940/600 538/941/601 577/942/601 
s 1073741824
f 578/943/602 579/944/602 580/945/603 581/946/603 
f 582/947/604 543/948/604 535/949/605 583/950/605 
f 584/951/606 545/952/606 542/936/598 574/935/598 
s 134217728
f 577/942/601 538/941/601 544/910/585 559/909/585 
s 16
f 523/863/607 526/866/607 585/953/607 
s 1073741824
f 532/892/608 586/954/609 533/955/610 
f 585/953/611 586/954/609 532/892/608 523/863/612 
s 134217728
f 585/956/613 526/934/597 573/933/597 587/957/613 
s 1073741824
f 533/958/610 586/959/609 588/960/614 589/961/615 
f 586/959/609 585/962/611 587/963/616 588/960/614 
s 268435456
f 519/859/546 590/964/617 520/860/547 
s 512
f 519/872/2 530/871/2 524/864/2 534/893/2 
s 262144
f 530/871/578 550/899/577 525/865/552 524/864/551 
s 134217728
f 570/928/594 550/927/594 551/965/618 591/966/618 
s 1073741824
f 572/932/596 520/931/596 590/967/619 592/968/619 
f 592/968/619 590/967/619 593/969/620 594/970/620 
s 268435456
f 590/964/617 519/859/546 534/877/556 593/971/621 
s 1073741824
f 595/972/622 596/973/622 533/958/610 589/961/615 
f 568/924/592 567/923/592 597/974/623 598/975/623 
f 566/922/591 565/921/591 594/970/620 593/969/620 
f 598/975/623 597/974/623 596/973/622 595/972/622 
s 268435456
f 596/976/624 597/977/625 534/877/556 
f 597/977/625 567/978/626 534/877/556 
f 567/978/626 566/979/627 534/877/556 
f 566/979/627 593/971/621 534/877/556 
f 533/876/555 596/976/624 534/877/556 
s 1073741824
f 575/938/599 541/937/599 599/980/628 600/981/628 
s 268435456
f 509/879/558 599/982/629 541/886/565 
s 1073741824
f 581/946/603 580/945/603 543/948/604 582/947/604 
f 579/944/602 578/943/602 601/983/630 602/984/630 
f 558/908/584 557/907/584 603/985/631 604/986/631 
f 556/906/583 555/905/583 600/981/628 599/980/628 
f 602/984/630 601/983/630 605/987/632 606/988/632 
f 604/986/631 603/985/631 606/988/632 605/987/632 
s 268435456
f 606/989/633 603/990/634 509/879/558 
f 603/990/634 557/991/635 509/879/558 
f 557/991/635 556/992/636 509/879/558 
f 556/992/636 599/982/629 509/879/558 
f 543/888/567 580/993/637 509/879/558 
f 580/993/637 579/994/638 509/879/558 
f 579/994/638 602/995/639 509/879/558 
f 602/995/639 606/989/633 509/879/558 
f 513/853/540 512/880/559 514/854/541 
f 517/857/544 516/856/543 522/862/549 521/861/548 
f 515/855/542 516/856/543 518/858/545 513/853/540 
s 512
f 516/996/2 549/898/2 531/874/2 522/873/2 
f 549/898/2 516/996/2 515/894/2 540/885/2 
s 262144
f 531/874/579 549/898/576 548/897/575 551/900/580 
f 547/896/574 549/898/576 540/885/564 539/884/563 
s 1073741824
f 562/916/588 517/915/588 521/930/595 571/929/595 
f 518/914/587 561/913/587 607/997/640 513/998/640 
s 134217728
f 564/920/590 547/919/590 539/940/600 576/939/600 
f 548/918/589 563/917/589 591/966/618 551/965/618 
s 1073741824
f 554/904/582 553/903/582 513/998/640 607/997/640 
f 536/902/581 552/901/581 583/950/605 535/949/605 
s 268435456
f 512/880/559 553/999/641 536/881/560 
f 512/880/559 513/853/540 553/999/641 
s 256
f 608/1000/176 609/1001/176 610/1002/176 611/1003/176 
s 268435456
f 607/1004/642 612/1005/643 613/1006/644 
f 614/1007/645 561/1008/646 562/1009/647 
f 615/1010/648 616/1011/649 571/1012/650 572/1013/651 
s 2048
f 617/1014/652 573/1015/653 569/1016/654 618/1017/655 
s 256
f 619/1018/176 620/1019/176 621/1020/176 613/1021/176 
f 622/1022/176 623/1023/176 616/1024/176 615/1025/176 
s 268435456
f 624/1026/656 625/1027/657 589/1028/658 
f 583/1029/659 552/1030/660 609/1031/661 608/1032/662 
s 2048
f 576/1033/663 577/1034/664 626/1035/665 627/1036/666 
s 268435456
f 608/1032/662 574/1037/667 575/1038/668 
f 583/1029/659 608/1032/662 582/1039/669 
s 2048
f 577/1034/664 559/1040/670 619/1018/671 626/1035/665 
s 256
f 621/1020/176 610/1002/176 609/1001/176 613/1021/176 
s 268435456
f 611/1041/672 584/1042/673 574/1037/667 608/1032/662 
s 256
f 624/1043/176 617/1014/176 618/1017/176 625/1044/176 
f 613/1021/176 612/1045/176 627/1036/176 626/1035/176 
f 626/1035/176 619/1018/176 613/1021/176 
s 2048
f 559/1040/670 560/1046/674 620/1019/675 619/1018/671 
f 564/1047/676 628/1048/677 563/1049/678 
f 570/1050/679 591/1051/680 623/1023/681 622/1022/682 
s 16
f 617/1014/683 587/1052/683 573/1015/683 
s 1073741824
f 624/1043/684 589/1053/615 588/1054/614 
f 587/1052/616 617/1014/685 624/1043/684 588/1054/614 
s 268435456
f 615/1010/648 572/1013/651 592/1055/686 
s 256
f 618/1017/176 622/1022/176 615/1025/176 625/1044/176 
s 2048
f 569/1016/654 570/1050/679 622/1022/682 618/1017/655 
s 268435456
f 625/1027/657 615/1010/648 592/1055/686 594/1056/687 
f 595/1057/688 625/1027/657 598/1058/689 
f 598/1058/689 625/1027/657 568/1059/690 
f 568/1059/690 625/1027/657 565/1060/691 
f 565/1060/691 625/1027/657 594/1056/687 
f 589/1028/658 625/1027/657 595/1057/688 
f 608/1032/662 575/1038/668 600/1061/692 
f 605/1062/693 608/1032/662 604/1063/694 
f 604/1063/694 608/1032/662 558/1064/695 
f 558/1064/695 608/1032/662 555/1065/696 
f 555/1065/696 608/1032/662 600/1061/692 
f 582/1039/669 608/1032/662 581/1066/697 
f 581/1066/697 608/1032/662 578/1067/698 
f 578/1067/698 608/1032/662 601/1068/699 
f 601/1068/699 608/1032/662 605/1062/693 
f 607/1004/642 613/1006/644 609/1031/661 
f 616/1011/649 614/1007/645 562/1009/647 571/1012/650 
f 612/1005/643 607/1004/642 561/1008/646 614/1007/645 
s 256
f 623/1023/176 628/1048/176 614/1069/176 616/1024/176 
f 612/1045/176 614/1069/176 628/1048/176 627/1036/176 
s 2048
f 623/1023/681 591/1051/680 563/1049/678 628/1048/677 
f 627/1036/666 628/1048/677 564/1047/676 576/1033/663 
s 268435456
f 609/1031/661 552/1030/660 554/1070/700 
f 609/1031/661 554/1070/700 607/1004/642 
s 2
f 629/1071/2 630/1072/2 631/1073/2 632/1074/2 
f 632/1074/2 631/1073/2 633/1075/2 
f 634/1076/2 635/1077/2 636/1078/2 637/1079/2 
s 1
f 638/1080/701 639/1081/701 640/1082/702 641/1083/702 
f 642/1084/703 631/1085/703 630/1086/704 643/1087/704 
f 644/1088/705 645/1089/705 646/1090/706 647/1091/706 
f 648/1092/707 632/1093/707 633/1094/708 649/1095/708 
f 650/1096/709 635/1097/709 634/1098/710 651/1099/710 
s 2
f 652/1100/2 653/1101/2 646/1102/2 654/1103/2 
s off
f 655/1104/711 653/1105/711 656/1106/711 657/1107/711 
s 1
f 658/1108/712 652/1109/712 654/1110/713 659/1111/713 
f 641/1083/702 640/1082/702 629/1112/714 660/1113/714 
f 661/1114/715 662/1115/715 663/1116/716 664/1117/716 
f 665/1118/717 666/1119/717 667/1120/718 668/1121/718 
s 2
f 669/1122/2 666/1123/2 670/1124/2 
f 669/1122/2 671/1125/2 672/1126/2 
s 1
f 673/1127/719 674/1128/720 637/1129/721 675/1130/722 
s 2
f 670/1124/2 676/1131/2 669/1122/2 
f 667/1132/2 666/1123/2 669/1122/2 
f 660/1133/176 648/1134/176 642/1135/176 643/1136/176 
f 648/1134/176 649/1137/176 642/1135/176 
f 677/1138/176 650/1139/176 651/1140/176 675/1141/176 
f 647/1142/176 655/1143/176 658/1144/176 659/1145/176 
f 678/1146/176 679/1147/176 665/1148/176 
f 678/1146/176 680/1149/176 681/1150/176 
f 679/1147/176 678/1146/176 682/1151/176 
f 668/1152/176 678/1146/176 665/1148/176 
f 683/1153/2 656/1154/2 653/1101/2 652/1100/2 
s 1
f 684/1155/723 683/1156/723 652/1109/712 658/1108/712 
f 657/1107/724 656/1106/724 631/1085/703 642/1084/703 
s 2
f 655/1143/176 657/1157/176 684/1158/176 658/1144/176 
s 1
f 647/1091/706 646/1090/706 653/1105/725 655/1104/725 
s 2
f 646/1102/2 685/1159/2 686/1160/2 
s 1
f 687/1161/726 686/1162/726 685/1163/727 688/1164/727 
s 2
f 687/1165/176 688/1166/176 647/1142/176 
s 1
f 659/1111/713 654/1110/713 686/1162/726 687/1161/726 
f 688/1164/727 685/1163/727 689/1167/728 690/1168/728 
s 2
f 685/1159/2 646/1102/2 645/1169/2 689/1170/2 
f 644/1171/176 647/1142/176 688/1166/176 690/1172/176 
f 646/1102/2 686/1160/2 654/1103/2 
f 659/1145/176 687/1165/176 647/1142/176 
s 1
f 649/1095/708 633/1094/708 683/1156/723 684/1155/723 
s 2
f 633/1075/2 631/1073/2 656/1154/2 683/1153/2 
f 657/1157/176 642/1135/176 649/1137/176 684/1158/176 
f 630/1072/2 629/1071/2 640/1173/2 662/1174/2 
s 1
f 643/1087/704 630/1086/704 662/1115/715 661/1114/715 
f 660/1113/714 629/1112/714 632/1093/707 648/1092/707 
s 2
f 641/1175/176 660/1133/176 643/1136/176 661/1176/176 
f 669/1122/2 691/1177/2 674/1178/2 667/1132/2 
f 691/1177/2 634/1076/2 637/1079/2 674/1178/2 
f 645/1169/2 636/1078/2 635/1077/2 689/1170/2 
s 1
f 692/1179/729 691/1180/729 672/1181/730 680/1182/730 
f 651/1099/710 634/1098/710 691/1180/729 692/1179/729 
f 635/1097/709 650/1096/709 690/1168/728 689/1167/728 
f 677/1183/731 636/1184/731 645/1089/705 644/1088/705 
f 675/1130/722 637/1129/721 636/1184/731 677/1183/731 
f 674/1128/720 673/1127/719 668/1121/718 667/1120/718 
s 2
f 673/1185/176 692/1186/176 678/1146/176 668/1152/176 
f 675/1141/176 651/1140/176 692/1186/176 673/1185/176 
f 650/1139/176 677/1138/176 644/1171/176 690/1172/176 
s 1
f 679/1187/732 670/1188/732 666/1119/717 665/1118/717 
f 693/1189/733 694/1190/733 695/1191/734 696/1192/734 
f 680/1193/730 672/1194/730 671/1195/735 681/1196/735 
f 697/1197/736 698/1198/736 676/1188/737 682/1197/737 
f 696/1192/734 695/1191/734 699/1198/738 700/1197/738 
f 694/1190/733 693/1189/733 681/1196/735 671/1195/735 
f 682/1197/737 676/1188/737 670/1188/732 679/1187/732 
f 698/1198/736 697/1197/736 700/1197/738 699/1198/738 
s 2
f 676/1131/2 698/1131/2 669/1122/2 
f 678/1146/176 697/1199/176 682/1151/176 
f 698/1131/2 699/1200/2 669/1122/2 
f 678/1146/176 700/1201/176 697/1199/176 
f 699/1200/2 695/1202/2 669/1122/2 
f 678/1146/176 696/1203/176 700/1201/176 
f 695/1202/2 694/1204/2 669/1122/2 
f 678/1146/176 693/1205/176 696/1203/176 
f 694/1204/2 671/1125/2 669/1122/2 
f 678/1146/176 681/1150/176 693/1205/176 
f 669/1122/2 672/1126/2 691/1177/2 
f 692/1186/176 680/1149/176 678/1146/176 
f 701/1206/2 663/1207/2 662/1174/2 
f 701/1206/2 662/1174/2 640/1173/2 639/1208/2 
f 661/1176/176 664/1209/176 702/1210/176 
f 641/1175/176 661/1176/176 702/1210/176 638/1211/176 
s 1
f 703/1212/2 704/1213/2 705/1214/2 
f 706/1215/176 707/1216/176 708/1217/176 
f 709/1218/2 710/1219/2 711/1220/2 712/1221/2 
f 713/1222/2 714/1223/2 715/1224/2 716/1225/2 
s 2
f 709/1218/329 717/1226/329 705/1227/329 710/1219/329 
f 713/1222/329 718/1228/329 719/1229/329 714/1223/329 
s 1
f 719/1230/2 720/1231/2 721/1232/2 703/1212/2 717/1233/2 
s 2
f 722/1234/330 703/1235/330 723/1236/739 724/1237/739 
s 1
f 725/1238/2 726/1239/2 718/1240/2 727/1241/2 
f 728/1242/2 729/1243/2 720/1231/2 718/1240/2 730/1244/2 
s 2
f 731/1245/740 732/1246/740 733/1247/740 734/1248/740 
s 4
f 735/1249/330 736/1250/330 732/1246/330 731/1245/330 
s 2
f 737/1251/741 730/1252/741 738/1253/742 739/1254/742 
s 4
f 740/1255/743 704/1256/743 703/1235/743 722/1234/743 
s 2
f 741/1257/744 742/1258/744 728/1259/745 743/1260/745 
s 1
f 744/1261/2 745/1262/2 746/1263/2 729/1243/2 742/1264/2 
f 706/1215/176 747/1265/176 707/1216/176 
f 728/1242/2 742/1264/2 729/1243/2 
s 2
f 743/1260/745 728/1259/745 730/1252/741 737/1251/741 
s 1
f 738/1266/2 730/1244/2 718/1240/2 
s 2
f 739/1254/742 738/1253/742 726/1267/746 748/1268/746 
s 1
f 749/1269/2 745/1262/2 750/1270/2 
s 4
f 751/1271/312 717/1272/312 709/1218/312 712/1221/312 
f 727/1273/312 718/1274/312 713/1222/312 716/1225/312 
f 705/1275/740 752/1276/740 711/1220/740 710/1219/740 
f 719/1277/740 753/1278/740 715/1224/740 714/1223/740 
s 1
f 717/1233/2 751/1279/2 753/1280/2 719/1230/2 
s 2
f 754/1281/747 725/1282/747 736/1250/748 735/1249/748 
f 725/1282/747 754/1281/747 748/1268/746 726/1267/746 
f 750/1283/749 744/1284/750 707/1285/751 
f 755/1286/752 744/1284/750 742/1258/744 741/1257/744 
s 1
f 744/1261/2 750/1270/2 745/1262/2 
s 2
f 756/1287/753 757/1288/754 758/1289/754 759/1290/753 
f 745/1291/755 706/1292/756 708/1293/757 
s 4
f 708/1294/758 707/1295/759 760/1296/760 761/1297/330 
s 1
f 717/1233/2 703/1212/2 705/1214/2 
f 718/1240/2 720/1231/2 719/1230/2 
f 733/1298/2 736/1299/2 725/1238/2 727/1241/2 
f 733/1298/2 732/1300/2 736/1299/2 
s 2
f 745/1291/755 708/1293/757 746/1301/761 
s 8
f 749/1302/762 750/1303/763 707/1304/764 747/1305/765 
s 4
f 745/1291/330 762/1306/766 763/1307/766 706/1292/330 
s 1
f 704/1213/2 752/1308/2 705/1214/2 
f 718/1240/2 726/1239/2 738/1266/2 
s 2
f 744/1284/750 760/1309/767 707/1285/751 
s 1
f 764/1310/2 720/1231/2 729/1243/2 
s 2
f 723/1236/739 721/1311/739 765/1312/768 766/1313/769 
s 1
f 729/1243/2 746/1263/2 767/1314/2 
f 765/1315/2 721/1232/2 720/1231/2 
f 729/1243/2 767/1314/2 768/1316/2 
f 769/1317/2 765/1315/2 720/1231/2 
f 729/1243/2 768/1316/2 764/1310/2 
f 764/1310/2 769/1317/2 720/1231/2 
s 2
f 766/1313/769 765/1312/768 769/1318/770 770/1319/771 
f 770/1319/771 769/1318/770 764/1320/772 771/1321/773 
f 771/1321/773 764/1320/772 768/1322/774 772/1323/775 
f 772/1323/775 768/1322/774 767/1324/776 773/1325/777 
f 773/1325/777 767/1324/776 746/1301/761 774/1326/778 
f 774/1326/778 746/1301/761 708/1293/757 761/1327/779 
f 756/1287/753 759/1290/753 775/1328/780 776/1329/780 
s 8
f 776/1329/781 775/1328/781 777/1330/781 778/1331/781 
s 4
f 778/1331/782 777/1330/782 763/1307/766 762/1306/766 
s 2
f 758/1289/754 757/1288/754 779/1332/783 780/1333/783 
s 4
f 780/1333/784 779/1332/785 781/1334/786 782/1335/787 
s 8
f 782/1335/788 781/1334/789 749/1302/762 747/1305/765 
s 1
f 706/1215/176 758/1336/176 780/1337/176 
f 779/1338/2 757/1339/2 745/1262/2 
f 706/1215/176 780/1337/176 782/1340/176 
f 781/1341/2 779/1338/2 745/1262/2 
f 706/1215/176 782/1340/176 747/1265/176 
f 749/1269/2 781/1341/2 745/1262/2 
f 706/1215/176 759/1342/176 758/1336/176 
f 757/1339/2 756/1343/2 745/1262/2 
f 706/1215/176 775/1344/176 759/1342/176 
f 756/1343/2 776/1345/2 745/1262/2 
f 706/1215/176 777/1346/176 775/1344/176 
f 776/1345/2 778/1347/2 745/1262/2 
f 706/1215/176 763/1348/176 777/1346/176 
f 778/1347/2 762/1349/2 745/1262/2 
f 722/1350/176 783/1351/176 740/1352/176 
f 784/1353/2 785/1354/2 786/1355/2 
f 787/1356/176 788/1357/176 789/1358/176 790/1359/176 
f 791/1360/176 792/1361/176 793/1362/176 794/1363/176 
s 2
f 783/1364/329 795/1365/329 789/1358/329 788/1357/329 
f 796/1366/329 797/1367/329 793/1362/329 792/1361/329 
s 1
f 796/1368/176 795/1369/176 722/1350/176 724/1370/176 798/1371/176 
f 754/1372/176 799/1373/176 797/1374/176 748/1375/176 
f 743/1376/176 737/1377/176 797/1374/176 798/1371/176 800/1378/176 
f 755/1379/176 741/1380/176 800/1378/176 801/1381/176 802/1382/176 
f 784/1353/2 786/1355/2 803/1383/2 
f 743/1376/176 800/1378/176 741/1380/176 
f 739/1384/176 797/1374/176 737/1377/176 
f 804/1385/176 805/1386/176 802/1382/176 
s 4
f 789/1358/312 795/1387/312 806/1388/312 790/1359/312 
f 793/1362/312 797/1389/312 799/1390/312 794/1363/312 
f 787/1356/740 807/1391/740 783/1392/740 788/1357/740 
f 791/1360/740 808/1393/740 796/1394/740 792/1361/740 
s 1
f 808/1395/176 806/1396/176 795/1369/176 796/1368/176 
s 2
f 805/1397/790 786/1398/791 755/1286/752 
s 1
f 755/1379/176 802/1382/176 805/1386/176 
s 2
f 809/1399/754 810/1400/754 811/1401/753 812/1402/753 
f 802/1403/756 785/1404/792 784/1405/756 
s 4
f 760/1296/760 786/1406/793 785/1407/794 761/1297/330 
s 1
f 795/1369/176 783/1351/176 722/1350/176 
f 797/1374/176 796/1368/176 798/1371/176 
f 754/1372/176 735/1408/176 734/1409/176 799/1373/176 
f 734/1409/176 735/1408/176 731/1410/176 
s 2
f 802/1403/756 801/1411/795 785/1404/792 
s 8
f 786/1412/796 805/1413/797 804/1414/798 803/1415/799 
s 4
f 813/1416/766 814/1417/766 802/1403/330 784/1405/330 
s 1
f 740/1352/176 783/1351/176 807/1418/176 
f 797/1374/176 739/1384/176 748/1375/176 
s 2
f 760/1309/767 744/1284/750 755/1286/752 786/1398/791 
s 1
f 815/1419/176 800/1378/176 798/1371/176 
s 2
f 816/1420/800 724/1237/739 723/1236/739 766/1313/769 
s 1
f 800/1378/176 817/1421/176 801/1381/176 
f 816/1422/176 798/1371/176 724/1370/176 
f 800/1378/176 818/1423/176 817/1421/176 
f 819/1424/176 798/1371/176 816/1422/176 
f 800/1378/176 815/1419/176 818/1423/176 
f 815/1419/176 798/1371/176 819/1424/176 
s 2
f 819/1425/801 816/1420/800 766/1313/769 770/1319/771 
f 815/1426/802 819/1425/801 770/1319/771 771/1321/773 
f 818/1427/803 815/1426/802 771/1321/773 772/1323/775 
f 817/1428/804 818/1427/803 772/1323/775 773/1325/777 
f 801/1411/795 817/1428/804 773/1325/777 774/1326/778 
f 774/1326/778 761/1327/779 785/1404/792 801/1411/795 
f 820/1429/780 812/1402/753 811/1401/753 821/1430/780 
s 8
f 822/1431/781 820/1429/781 821/1430/781 823/1432/781 
s 4
f 813/1416/766 822/1431/782 823/1432/782 814/1417/766 
s 2
f 824/1433/783 810/1400/754 809/1399/754 825/1434/783 
s 4
f 826/1435/785 824/1433/785 825/1434/805 827/1436/806 
s 8
f 804/1414/798 826/1435/807 827/1436/808 803/1415/799 
s 1
f 784/1353/2 825/1437/2 809/1438/2 
f 824/1439/176 802/1382/176 810/1440/176 
f 784/1353/2 827/1441/2 825/1437/2 
f 826/1442/176 802/1382/176 824/1439/176 
f 784/1353/2 803/1383/2 827/1441/2 
f 804/1385/176 802/1382/176 826/1442/176 
f 784/1353/2 809/1438/2 812/1443/2 
f 810/1440/176 802/1382/176 811/1444/176 
f 784/1353/2 812/1443/2 820/1445/2 
f 811/1444/176 802/1382/176 821/1446/176 
f 784/1353/2 820/1445/2 822/1447/2 
f 821/1446/176 802/1382/176 823/1448/176 
f 784/1353/2 822/1447/2 813/1449/2 
f 823/1448/176 802/1382/176 814/1450/176 
s 2
f 703/1235/330 721/1311/739 723/1236/739 
s 1
f 828/1451/809 829/1452/809 830/1453/810 831/1454/810 
f 831/1454/810 830/1453/810 832/1455/811 833/1456/811 
f 834/1457/740 835/1458/740 836/1459/812 837/1460/812 
f 837/1460/812 836/1459/812 833/1456/811 832/1455/811 
f 838/1461/813 839/1462/813 840/1463/814 841/1464/814 
f 841/1464/814 840/1463/814 842/1465/815 843/1466/815 
f 829/1452/809 828/1451/809 844/1467/816 845/1468/816 
f 845/1468/816 844/1467/816 843/1466/815 842/1465/815 
f 846/1469/817 847/1470/817 848/1471/818 849/1472/818 
f 849/1472/818 848/1471/818 850/1473/819 851/1474/819 
f 839/1462/813 838/1461/813 852/1475/820 853/1476/820 
f 853/1476/820 852/1475/820 851/1474/819 850/1473/819 
f 854/1477/312 855/1478/312 856/1479/821 857/1480/821 
f 857/1480/821 856/1479/821 858/1481/822 859/1482/822 
f 847/1470/817 846/1469/817 860/1483/823 861/1484/823 
f 861/1484/823 860/1483/823 859/1482/822 858/1481/822 
f 862/1485/824 863/1486/824 864/1487/825 865/1488/825 
f 865/1488/825 864/1487/825 866/1489/826 867/1490/826 
f 855/1478/312 854/1477/312 868/1491/827 869/1492/827 
f 869/1492/827 868/1491/827 867/1490/826 866/1489/826 
f 870/1493/828 871/1494/828 872/1495/829 873/1496/829 
f 873/1496/829 872/1495/829 874/1497/830 875/1498/830 
f 863/1486/824 862/1485/824 876/1499/831 877/1500/831 
f 877/1500/831 876/1499/831 875/1498/830 874/1497/830 
f 878/1501/832 879/1502/832 880/1503/833 881/1504/833 
f 881/1504/833 880/1503/833 882/1505/834 883/1506/834 
f 871/1507/828 870/1508/828 884/1509/835 885/1510/835 
f 885/1510/835 884/1509/835 883/1506/834 882/1505/834 
f 835/1458/740 834/1457/740 886/1511/836 887/1512/836 
f 887/1512/836 886/1511/836 888/1513/837 889/1514/837 
f 879/1502/832 878/1501/832 890/1515/838 891/1516/838 
f 891/1516/838 890/1515/838 889/1514/837 888/1513/837 
s 2
f 834/1517/839 837/1518/840 892/1519/284 
f 837/1518/840 832/1520/841 892/1519/284 
f 830/1521/842 829/1522/843 892/1519/284 
f 832/1520/841 830/1521/842 892/1519/284 
f 829/1522/843 845/1523/844 892/1519/284 
f 845/1523/844 842/1524/845 892/1519/284 
f 840/1525/846 839/1526/847 892/1519/284 
f 842/1524/845 840/1525/846 892/1519/284 
f 839/1526/847 853/1527/848 892/1519/284 
f 853/1527/848 850/1528/849 892/1519/284 
f 848/1529/850 847/1530/851 892/1519/284 
f 850/1528/849 848/1529/850 892/1519/284 
f 847/1530/851 861/1531/852 892/1519/284 
f 861/1531/852 858/1532/853 892/1519/284 
f 856/1533/854 855/1534/855 892/1519/284 
f 858/1532/853 856/1533/854 892/1519/284 
f 855/1534/855 869/1535/856 892/1519/284 
f 869/1535/856 866/1536/857 892/1519/284 
f 864/1537/858 863/1538/859 892/1519/284 
f 866/1536/857 864/1537/858 892/1519/284 
f 863/1538/859 877/1539/860 892/1519/284 
f 877/1539/860 874/1540/861 892/1519/284 
f 872/1541/862 871/1542/863 892/1519/284 
f 874/1540/861 872/1541/862 892/1519/284 
f 871/1542/863 885/1543/864 892/1519/284 
f 885/1543/864 882/1544/865 892/1519/284 
f 880/1545/866 879/1546/867 892/1519/284 
f 882/1544/865 880/1545/866 892/1519/284 
f 879/1546/867 891/1547/868 892/1519/284 
f 891/1547/868 888/1548/869 892/1519/284 
f 886/1549/870 834/1517/839 892/1519/284 
f 888/1548/869 886/1549/870 892/1519/284 
f 835/1550/871 893/1551/441 836/1552/872 
f 836/1552/872 893/1551/441 833/1553/873 
f 831/1554/874 893/1551/441 828/1555/875 
f 833/1553/873 893/1551/441 831/1554/874 
f 828/1555/875 893/1551/441 844/1556/876 
f 844/1556/876 893/1551/441 843/1557/877 
f 841/1558/878 893/1551/441 838/1559/879 
f 843/1557/877 893/1551/441 841/1558/878 
f 838/1559/879 893/1551/441 852/1560/880 
f 852/1560/880 893/1551/441 851/1561/881 
f 849/1562/882 893/1551/441 846/1563/883 
f 851/1561/881 893/1551/441 849/1562/882 
f 846/1563/883 893/1551/441 860/1564/884 
f 860/1564/884 893/1551/441 859/1565/885 
f 857/1566/886 893/1551/441 854/1567/887 
f 859/1565/885 893/1551/441 857/1566/886 
f 854/1567/887 893/1551/441 868/1568/888 
f 868/1568/888 893/1551/441 867/1569/889 
f 865/1570/890 893/1551/441 862/1571/891 
f 867/1569/889 893/1551/441 865/1570/890 
f 862/1571/891 893/1551/441 876/1572/892 
f 876/1572/892 893/1551/441 875/1573/893 
f 873/1574/894 893/1551/441 870/1575/895 
f 875/1573/893 893/1551/441 873/1574/894 
f 870/1575/895 893/1551/441 884/1576/896 
f 884/1576/896 893/1551/441 883/1577/897 
f 881/1578/898 893/1551/441 878/1579/899 
f 883/1577/897 893/1551/441 881/1578/898 
f 878/1579/899 893/1551/441 890/1580/900 
f 890/1580/900 893/1551/441 889/1581/901 
f 887/1582/902 893/1551/441 835/1550/871 
f 889/1581/901 893/1551/441 887/1582/902 
s 1
f 894/1583/2 895/1584/2 896/1585/2 897/1586/2 
s off
f 898/1587/903 899/1588/903 900/1589/903 901/1590/903 
f 894/1591/904 902/1592/904 903/1593/904 895/1594/904 
f 897/1595/905 904/1596/905 902/1597/905 894/1598/905 
f 896/1599/906 895/1600/906 898/1601/906 901/1602/906 
f 895/1603/907 903/1604/907 899/1605/907 898/1606/907 
f 903/1607/908 905/1608/908 900/1609/908 899/1610/908 
f 905/1611/909 896/1612/909 901/1613/909 900/1614/909 
f 905/1615/910 904/1616/910 897/1617/910 896/1618/910 
f 902/1619/176 904/1620/176 905/1621/176 903/1622/176 
s 1
f 906/1623/176 907/1624/176 908/1625/176 909/1626/176 
s off
f 910/1627/903 911/1628/903 912/1629/903 913/1630/903 
f 914/1631/904 915/1632/904 906/1633/904 909/1634/904 
f 915/1635/905 916/1636/905 907/1637/905 906/1638/905 
f 912/1639/908 909/1640/908 908/1641/908 913/1642/908 
f 911/1643/907 914/1644/907 909/1645/907 912/1646/907 
f 910/1647/906 917/1648/906 914/1649/906 911/1650/906 
f 913/1651/909 908/1652/909 917/1653/909 910/1654/909 
f 907/1655/910 916/1656/910 917/1657/910 908/1658/910 
f 915/1659/2 914/1660/2 917/1661/2 916/1662/2 
s 1
f 918/1663/781 919/1664/781 920/1665/911 921/1666/911 
f 921/1666/911 920/1665/911 922/1667/912 923/1668/912 
f 924/1669/812 925/1670/812 926/1671/913 927/1672/913 
f 923/1668/912 922/1667/912 925/1670/812 924/1669/812 
f 928/1673/330 929/1674/330 930/1675/914 931/1676/914 
f 931/1676/914 930/1675/914 932/1677/815 933/1678/815 
f 934/1679/816 935/1680/816 919/1664/781 918/1663/781 
f 933/1678/815 932/1677/815 935/1680/816 934/1679/816 
f 936/1681/817 937/1682/817 938/1683/818 939/1684/818 
f 939/1684/818 938/1683/818 940/1685/819 941/1686/819 
f 942/1687/820 943/1688/820 929/1674/330 928/1673/330 
f 941/1689/819 940/1690/819 943/1688/820 942/1687/820 
f 944/1691/915 945/1692/915 946/1693/821 947/1694/821 
f 947/1694/821 946/1693/821 948/1695/822 949/1696/822 
f 950/1697/916 951/1698/916 937/1682/817 936/1681/817 
f 949/1696/822 948/1695/822 951/1698/916 950/1697/916 
f 952/1699/917 953/1700/917 954/1701/918 955/1702/918 
f 955/1702/918 954/1701/918 956/1703/826 957/1704/826 
f 958/1705/827 959/1706/827 945/1692/915 944/1691/915 
f 957/1704/826 956/1703/826 959/1706/827 958/1705/827 
f 960/1707/329 961/1708/329 962/1709/919 963/1710/919 
f 963/1710/919 962/1709/919 964/1711/920 965/1712/920 
f 966/1713/831 967/1714/831 953/1700/917 952/1699/917 
f 965/1712/920 964/1711/920 967/1714/831 966/1713/831 
f 968/1715/832 969/1716/832 970/1717/921 971/1718/921 
f 971/1718/921 970/1717/921 972/1719/922 973/1720/922 
f 974/1721/835 975/1722/835 961/1708/329 960/1707/329 
f 973/1720/922 972/1719/922 975/1722/835 974/1721/835 
f 927/1672/913 926/1671/913 976/1723/836 977/1724/836 
f 977/1724/836 976/1723/836 978/1725/923 979/1726/923 
f 980/1727/924 981/1728/924 969/1716/832 968/1715/832 
f 979/1726/923 978/1725/923 981/1728/924 980/1727/924 
s 2
f 982/1729/925 926/1730/926 925/1731/927 983/1732/928 
f 983/1732/928 925/1731/927 922/1733/929 984/1734/930 
f 985/1735/931 919/1736/932 935/1737/933 986/1738/934 
f 986/1738/934 935/1737/933 932/1739/935 987/1740/936 
f 988/1741/937 929/1742/938 943/1743/939 989/1744/940 
f 989/1744/940 943/1743/939 940/1745/941 990/1746/942 
f 991/1747/943 937/1748/944 951/1749/945 992/1750/946 
f 992/1750/946 951/1749/945 948/1751/947 993/1752/948 
f 994/1753/949 945/1754/950 959/1755/951 995/1756/952 
f 995/1756/952 959/1755/951 956/1757/953 996/1758/954 
f 997/1759/955 953/1760/956 967/1761/957 998/1762/958 
f 998/1762/958 967/1761/957 964/1763/959 999/1764/960 
f 1000/1765/961 961/1766/962 975/1767/963 1001/1768/964 
f 1001/1768/964 975/1767/963 972/1769/965 1002/1770/966 
f 1003/1771/967 969/1772/968 981/1773/969 1004/1774/970 
f 1004/1774/970 981/1773/969 978/1775/971 1005/1776/972 
f 1006/1777/973 982/1729/925 983/1732/928 1007/1778/974 
f 1007/1778/974 983/1732/928 984/1734/930 1008/1779/975 
f 1009/1780/976 985/1735/931 986/1738/934 1010/1781/977 
f 1010/1781/977 986/1738/934 987/1740/936 1011/1782/978 
f 1012/1783/979 988/1741/937 989/1744/940 1013/1784/980 
f 1013/1784/980 989/1744/940 990/1746/942 1014/1785/981 
f 1015/1786/982 991/1747/943 992/1750/946 1016/1787/983 
f 1016/1787/983 992/1750/946 993/1752/948 1017/1788/984 
f 1018/1789/985 994/1753/949 995/1756/952 1019/1790/986 
f 1019/1790/986 995/1756/952 996/1758/954 1020/1791/987 
f 1021/1792/988 997/1759/955 998/1762/958 1022/1793/989 
f 1022/1793/989 998/1762/958 999/1764/960 1023/1794/990 
f 1024/1795/991 1000/1765/961 1001/1768/964 1025/1796/992 
f 1025/1796/992 1001/1768/964 1002/1770/966 1026/1797/993 
f 1027/1798/994 1003/1771/967 1004/1774/970 1028/1799/995 
f 1028/1799/995 1004/1774/970 1005/1776/972 1029/1800/996 
f 920/1801/997 919/1736/932 985/1735/931 1030/1802/998 
f 922/1733/929 920/1801/997 1030/1802/998 984/1734/930 
f 930/1803/999 929/1742/938 988/1741/937 1031/1804/1000 
f 932/1739/935 930/1803/999 1031/1804/1000 987/1740/936 
f 938/1805/1001 937/1748/944 991/1747/943 1032/1806/1002 
f 940/1745/941 938/1805/1001 1032/1806/1002 990/1746/942 
f 946/1807/1003 945/1754/950 994/1753/949 1033/1808/1004 
f 948/1751/947 946/1807/1003 1033/1808/1004 993/1752/948 
f 954/1809/1005 953/1760/956 997/1759/955 1034/1810/1006 
f 956/1757/953 954/1809/1005 1034/1810/1006 996/1758/954 
f 962/1811/1007 961/1766/962 1000/1765/961 1035/1812/1008 
f 964/1763/959 962/1811/1007 1035/1812/1008 999/1764/960 
f 970/1813/1009 969/1772/968 1003/1771/967 1036/1814/1010 
f 972/1769/965 970/1813/1009 1036/1814/1010 1002/1770/966 
f 976/1815/1011 926/1730/926 982/1729/925 1037/1816/1012 
f 978/1775/971 976/1815/1011 1037/1816/1012 1005/1776/972 
f 1030/1802/998 985/1735/931 1009/1780/976 1038/1817/1013 
f 984/1734/930 1030/1802/998 1038/1817/1013 1008/1779/975 
f 1031/1804/1000 988/1741/937 1012/1783/979 1039/1818/1014 
f 987/1740/936 1031/1804/1000 1039/1818/1014 1011/1782/978 
f 1032/1806/1002 991/1747/943 1015/1786/982 1040/1819/1015 
f 990/1746/942 1032/1806/1002 1040/1819/1015 1014/1785/981 
f 1033/1808/1004 994/1753/949 1018/1789/985 1041/1820/1016 
f 993/1752/948 1033/1808/1004 1041/1820/1016 1017/1788/984 
f 1034/1810/1006 997/1759/955 1021/1792/988 1042/1821/1017 
f 996/1758/954 1034/1810/1006 1042/1821/1017 1020/1791/987 
f 1035/1812/1008 1000/1765/961 1024/1795/991 1043/1822/1018 
f 999/1764/960 1035/1812/1008 1043/1822/1018 1023/1794/990 
f 1036/1814/1010 1003/1771/967 1027/1798/994 1044/1823/1019 
f 1002/1770/966 1036/1814/1010 1044/1823/1019 1026/1797/993 
f 1037/1816/1012 982/1729/925 1006/1777/973 1045/1824/1020 
f 1005/1776/972 1037/1816/1012 1045/1824/1020 1029/1800/996 
s 1
f 1046/1825/1021 1006/1826/1022 1007/1827/1023 1047/1828/1024 
f 1047/1828/1024 1007/1827/1023 1008/1829/1025 1048/1830/1026 
f 1038/1831/1027 1009/1832/1028 1049/1833/1029 1050/1834/1030 
f 1008/1829/1025 1038/1831/1027 1050/1834/1030 1048/1830/1026 
f 1049/1833/1029 1009/1832/1028 1010/1835/1031 1051/1836/1031 
f 1051/1836/1031 1010/1835/1031 1011/1837/1032 1052/1838/1033 
f 1039/1839/1034 1012/1840/1035 1053/1841/1036 1054/1842/1037 
f 1011/1837/1032 1039/1839/1034 1054/1842/1037 1052/1838/1033 
f 1053/1841/1036 1012/1840/1035 1013/1843/1038 1055/1844/1039 
f 1055/1844/1039 1013/1843/1038 1014/1845/1040 1056/1846/1041 
f 1040/1847/1042 1015/1848/1043 1057/1849/1044 1058/1850/1045 
f 1014/1845/1040 1040/1847/1042 1058/1850/1045 1056/1846/1041 
f 1057/1849/1044 1015/1848/1043 1016/1851/1046 1059/1852/1047 
f 1059/1852/1047 1016/1851/1046 1017/1853/1048 1060/1854/1049 
f 1041/1855/1050 1018/1856/1051 1061/1857/1052 1062/1858/1053 
f 1017/1853/1048 1041/1855/1050 1062/1858/1053 1060/1854/1049 
f 1061/1857/1052 1018/1856/1051 1019/1859/1054 1063/1860/1055 
f 1063/1860/1055 1019/1859/1054 1020/1861/1056 1064/1862/1057 
f 1042/1863/1058 1021/1864/1059 1065/1865/1060 1066/1866/1058 
f 1020/1861/1056 1042/1863/1058 1066/1866/1058 1064/1862/1057 
f 1065/1865/1060 1021/1864/1059 1022/1867/1061 1067/1868/1062 
f 1067/1868/1062 1022/1867/1061 1023/1869/1063 1068/1870/1064 
f 1043/1871/1065 1024/1872/1066 1069/1873/1066 1070/1874/1067 
f 1023/1869/1063 1043/1871/1065 1070/1874/1067 1068/1870/1064 
f 1069/1873/1066 1024/1872/1066 1025/1875/1068 1071/1876/1069 
f 1071/1876/1069 1025/1875/1068 1026/1877/1070 1072/1878/1071 
f 1044/1879/1072 1027/1880/1073 1073/1881/1074 1074/1882/1075 
f 1026/1877/1070 1044/1879/1072 1074/1882/1075 1072/1878/1071 
f 1073/1881/1074 1027/1880/1073 1028/1883/1076 1075/1884/1077 
f 1075/1884/1077 1028/1883/1076 1029/1885/1078 1076/1886/1079 
f 1045/1887/1080 1006/1826/1022 1046/1825/1021 1077/1888/1081 
f 1029/1885/1078 1045/1887/1080 1077/1888/1081 1076/1886/1079 
s 2
f 1046/1889/1082 1047/1890/1083 1078/1891/1084 
f 1047/1890/1083 1048/1892/1085 1078/1891/1084 
f 1050/1893/1086 1049/1894/1087 1078/1891/1084 
f 1048/1892/1085 1050/1893/1086 1078/1891/1084 
f 1049/1894/1087 1051/1895/1088 1078/1891/1084 
f 1051/1895/1088 1052/1896/1089 1078/1891/1084 
f 1054/1897/1090 1053/1898/1091 1078/1891/1084 
f 1052/1896/1089 1054/1897/1090 1078/1891/1084 
f 1053/1898/1091 1055/1899/1092 1078/1891/1084 
f 1055/1899/1092 1056/1900/1093 1078/1891/1084 
f 1058/1901/1094 1057/1902/1095 1078/1891/1084 
f 1056/1900/1093 1058/1901/1094 1078/1891/1084 
f 1057/1902/1095 1059/1903/1096 1078/1891/1084 
f 1059/1903/1096 1060/1904/1097 1078/1891/1084 
f 1062/1905/1098 1061/1906/1099 1078/1891/1084 
f 1060/1904/1097 1062/1905/1098 1078/1891/1084 
f 1061/1906/1099 1063/1907/1100 1078/1891/1084 
f 1063/1907/1100 1064/1908/1101 1078/1891/1084 
f 1066/1909/1102 1065/1910/1103 1078/1891/1084 
f 1064/1908/1101 1066/1909/1102 1078/1891/1084 
f 1065/1910/1103 1067/1911/1104 1078/1891/1084 
f 1067/1911/1104 1068/1912/1105 1078/1891/1084 
f 1070/1913/1106 1069/1914/1107 1078/1891/1084 
f 1068/1912/1105 1070/1913/1106 1078/1891/1084 
f 1069/1914/1107 1071/1915/1108 1078/1891/1084 
f 1071/1915/1108 1072/1916/1109 1078/1891/1084 
f 1074/1917/1110 1073/1918/1111 1078/1891/1084 
f 1072/1916/1109 1074/1917/1110 1078/1891/1084 
f 1073/1918/1111 1075/1919/1112 1078/1891/1084 
f 1075/1919/1112 1076/1920/1113 1078/1891/1084 
f 1077/1921/1114 1046/1889/1082 1078/1891/1084 
f 1076/1920/1113 1077/1921/1114 1078/1891/1084 
f 924/1922/1115 927/1923/1116 1079/1924/1117 1080/1925/1118 
f 923/1926/1119 924/1922/1115 1080/1925/1118 1081/1927/1120 
f 934/1928/1121 918/1929/1122 1082/1930/1123 1083/1931/1124 
f 933/1932/1125 934/1928/1121 1083/1931/1124 1084/1933/1126 
f 942/1934/1127 928/1935/1128 1085/1936/1129 1086/1937/1130 
f 941/1938/1131 942/1934/1127 1086/1937/1130 1087/1939/1132 
f 950/1940/1133 936/1941/1134 1088/1942/1135 1089/1943/1136 
f 949/1944/1137 950/1940/1133 1089/1943/1136 1090/1945/1138 
f 958/1946/1139 944/1947/1140 1091/1948/1141 1092/1949/1142 
f 957/1950/1143 958/1946/1139 1092/1949/1142 1093/1951/1144 
f 966/1952/1145 952/1953/1146 1094/1954/1147 1095/1955/1148 
f 965/1956/1149 966/1952/1145 1095/1955/1148 1096/1957/1150 
f 974/1958/1151 960/1959/1152 1097/1960/1153 1098/1961/1154 
f 973/1962/1155 974/1958/1151 1098/1961/1154 1099/1963/1156 
f 980/1964/1157 968/1965/1158 1100/1966/1159 1101/1967/1160 
f 979/1968/1161 980/1964/1157 1101/1967/1160 1102/1969/1162 
f 1080/1925/1118 1079/1924/1117 1103/1970/1163 1104/1971/1164 
f 1081/1927/1120 1080/1925/1118 1104/1971/1164 1105/1972/1165 
f 1083/1931/1124 1082/1930/1123 1106/1973/1166 1107/1974/1167 
f 1084/1933/1126 1083/1931/1124 1107/1974/1167 1108/1975/1168 
f 1086/1937/1130 1085/1936/1129 1109/1976/1169 1110/1977/1170 
f 1087/1939/1132 1086/1937/1130 1110/1977/1170 1111/1978/1171 
f 1089/1943/1136 1088/1942/1135 1112/1979/1172 1113/1980/1173 
f 1090/1945/1138 1089/1943/1136 1113/1980/1173 1114/1981/1174 
f 1092/1949/1142 1091/1948/1141 1115/1982/1175 1116/1983/1176 
f 1093/1951/1144 1092/1949/1142 1116/1983/1176 1117/1984/1177 
f 1095/1955/1148 1094/1954/1147 1118/1985/1178 1119/1986/1179 
f 1096/1957/1150 1095/1955/1148 1119/1986/1179 1120/1987/1180 
f 1098/1961/1154 1097/1960/1153 1121/1988/1181 1122/1989/1182 
f 1099/1963/1156 1098/1961/1154 1122/1989/1182 1123/1990/1183 
f 1101/1967/1160 1100/1966/1159 1124/1991/1184 1125/1992/1185 
f 1102/1969/1162 1101/1967/1160 1125/1992/1185 1126/1993/1186 
f 1082/1930/1123 918/1929/1122 921/1994/1187 1127/1995/1188 
f 1127/1995/1188 921/1994/1187 923/1926/1119 1081/1927/1120 
f 1085/1936/1129 928/1935/1128 931/1996/1189 1128/1997/1190 
f 1128/1997/1190 931/1996/1189 933/1932/1125 1084/1933/1126 
f 1088/1942/1135 936/1941/1134 939/1998/1191 1129/1999/1192 
f 1129/1999/1192 939/1998/1191 941/1938/1131 1087/1939/1132 
f 1091/1948/1141 944/1947/1140 947/2000/1193 1130/2001/1194 
f 1130/2001/1194 947/2000/1193 949/1944/1137 1090/1945/1138 
f 1094/1954/1147 952/1953/1146 955/2002/1195 1131/2003/1196 
f 1131/2003/1196 955/2002/1195 957/1950/1143 1093/1951/1144 
f 1097/1960/1153 960/1959/1152 963/2004/1197 1132/2005/1198 
f 1132/2005/1198 963/2004/1197 965/1956/1149 1096/1957/1150 
f 1100/1966/1159 968/1965/1158 971/2006/1199 1133/2007/1200 
f 1133/2007/1200 971/2006/1199 973/1962/1155 1099/1963/1156 
f 1079/1924/1117 927/1923/1116 977/2008/1201 1134/2009/1202 
f 1134/2009/1202 977/2008/1201 979/1968/1161 1102/1969/1162 
f 1106/1973/1166 1082/1930/1123 1127/1995/1188 1135/2010/1203 
f 1135/2010/1203 1127/1995/1188 1081/1927/1120 1105/1972/1165 
f 1109/1976/1169 1085/1936/1129 1128/1997/1190 1136/2011/1204 
f 1136/2011/1204 1128/1997/1190 1084/1933/1126 1108/1975/1168 
f 1112/1979/1172 1088/1942/1135 1129/1999/1192 1137/2012/1205 
f 1137/2012/1205 1129/1999/1192 1087/1939/1132 1111/1978/1171 
f 1115/1982/1175 1091/1948/1141 1130/2001/1194 1138/2013/1206 
f 1138/2013/1206 1130/2001/1194 1090/1945/1138 1114/1981/1174 
f 1118/1985/1178 1094/1954/1147 1131/2003/1196 1139/2014/1207 
f 1139/2014/1207 1131/2003/1196 1093/1951/1144 1117/1984/1177 
f 1121/1988/1181 1097/1960/1153 1132/2005/1198 1140/2015/1208 
f 1140/2015/1208 1132/2005/1198 1096/1957/1150 1120/1987/1180 
f 1124/1991/1184 1100/1966/1159 1133/2007/1200 1141/2016/1209 
f 1141/2016/1209 1133/2007/1200 1099/1963/1156 1123/1990/1183 
f 1103/1970/1163 1079/1924/1117 1134/2009/1202 1142/2017/1210 
f 1142/2017/1210 1134/2009/1202 1102/1969/1162 1126/1993/1186 
s 1
f 1104/2018/1211 1103/2019/1212 1143/2020/1213 1144/2021/1214 
f 1105/2022/1215 1104/2018/1211 1144/2021/1214 1145/2023/1216 
f 1146/2024/1217 1106/2025/1218 1135/2026/1219 1147/2027/1220 
f 1147/2027/1220 1135/2026/1219 1105/2022/1215 1145/2023/1216 
f 1107/2028/1221 1106/2025/1218 1146/2024/1217 1148/2029/1221 
f 1108/2030/1222 1107/2028/1221 1148/2029/1221 1149/2031/1223 
f 1150/2032/1224 1109/2033/1225 1136/2034/1226 1151/2035/1227 
f 1151/2035/1227 1136/2034/1226 1108/2030/1222 1149/2031/1223 
f 1110/2036/1228 1109/2033/1225 1150/2032/1224 1152/2037/1229 
f 1111/2038/1230 1110/2036/1228 1152/2037/1229 1153/2039/1231 
f 1154/2040/1232 1112/2041/1233 1137/2042/1234 1155/2043/1235 
f 1155/2043/1235 1137/2042/1234 1111/2038/1230 1153/2039/1231 
f 1113/2044/1236 1112/2041/1233 1154/2040/1232 1156/2045/1237 
f 1114/2046/1238 1113/2044/1236 1156/2045/1237 1157/2047/1239 
f 1158/2048/1240 1115/2049/1241 1138/2050/1242 1159/2051/1243 
f 1159/2051/1243 1138/2050/1242 1114/2046/1238 1157/2047/1239 
f 1116/2052/1244 1115/2049/1241 1158/2048/1240 1160/2053/1245 
f 1117/2054/1246 1116/2052/1244 1160/2053/1245 1161/2055/1247 
f 1162/2056/1248 1118/2057/1249 1139/2058/1250 1163/2059/1250 
f 1163/2059/1250 1139/2058/1250 1117/2054/1246 1161/2055/1247 
f 1119/2060/1251 1118/2057/1249 1162/2056/1248 1164/2061/1252 
f 1120/2062/1253 1119/2060/1251 1164/2061/1252 1165/2063/1254 
f 1166/2064/1255 1121/2065/1255 1140/2066/1256 1167/2067/1257 
f 1167/2067/1257 1140/2066/1256 1120/2062/1253 1165/2063/1254 
f 1122/2068/1258 1121/2065/1255 1166/2064/1255 1168/2069/1259 
f 1123/2070/1260 1122/2068/1258 1168/2069/1259 1169/2071/1261 
f 1170/2072/1262 1124/2073/1263 1141/2074/1264 1171/2075/1265 
f 1171/2075/1265 1141/2074/1264 1123/2070/1260 1169/2071/1261 
f 1125/2076/1266 1124/2073/1263 1170/2072/1262 1172/2077/1267 
f 1126/2078/1268 1125/2076/1266 1172/2077/1267 1173/2079/1269 
f 1143/2020/1213 1103/2019/1212 1142/2080/1270 1174/2081/1271 
f 1174/2081/1271 1142/2080/1270 1126/2078/1268 1173/2079/1269 
s 2
f 1143/2082/1272 1175/2083/465 1144/2084/1273 
f 1144/2084/1273 1175/2083/465 1145/2085/1274 
f 1147/2086/1275 1175/2083/465 1146/2087/1276 
f 1145/2085/1274 1175/2083/465 1147/2086/1275 
f 1146/2087/1276 1175/2083/465 1148/2088/1277 
f 1148/2088/1277 1175/2083/465 1149/2089/1278 
f 1151/2090/1279 1175/2083/465 1150/2091/1280 
f 1149/2089/1278 1175/2083/465 1151/2090/1279 
f 1150/2091/1280 1175/2083/465 1152/2092/1281 
f 1152/2092/1281 1175/2083/465 1153/2093/1282 
f 1155/2094/1283 1175/2083/465 1154/2095/1284 
f 1153/2093/1282 1175/2083/465 1155/2094/1283 
f 1154/2095/1284 1175/2083/465 1156/2096/1285 
f 1156/2096/1285 1175/2083/465 1157/2097/1286 
f 1159/2098/1287 1175/2083/465 1158/2099/1288 
f 1157/2097/1286 1175/2083/465 1159/2098/1287 
f 1158/2099/1288 1175/2083/465 1160/2100/1289 
f 1160/2100/1289 1175/2083/465 1161/2101/1290 
f 1163/2102/1291 1175/2083/465 1162/2103/1292 
f 1161/2101/1290 1175/2083/465 1163/2102/1291 
f 1162/2103/1292 1175/2083/465 1164/2104/1293 
f 1164/2104/1293 1175/2083/465 1165/2105/1294 
f 1167/2106/1295 1175/2083/465 1166/2107/1296 
f 1165/2105/1294 1175/2083/465 1167/2106/1295 
f 1166/2107/1296 1175/2083/465 1168/2108/1297 
f 1168/2108/1297 1175/2083/465 1169/2109/1298 
f 1171/2110/1299 1175/2083/465 1170/2111/1300 
f 1169/2109/1298 1175/2083/465 1171/2110/1299 
f 1170/2111/1300 1175/2083/465 1172/2112/1301 
f 1172/2112/1301 1175/2083/465 1173/2113/1302 
f 1174/2114/1303 1175/2083/465 1143/2082/1272 
f 1173/2113/1302 1175/2083/465 1174/2114/1303 
s 1
f 1176/2115/1304 1177/2116/1305 1178/2117/1306 1179/2118/1307 
f 1180/2119/1308 1181/2120/1309 1182/2121/1310 1183/2122/1311 
f 1184/2123/1312 1185/2124/1313 1186/2125/1314 1179/2118/1307 1178/2117/1306 
f 1187/2126/1315 1188/2127/1316 1185/2124/1313 1184/2123/1312 
f 1181/2120/1309 1189/2128/1317 1190/2129/1318 1182/2121/1310 
f 1191/2130/1319 1192/2131/1320 1193/2132/1321 1194/2133/1322 
f 1195/2134/1323 1196/2135/1324 1197/2136/1325 1198/2137/1326 
f 1194/2133/1322 1193/2132/1321 1196/2135/1324 1195/2134/1323 
f 1184/2123/1312 1195/2134/1323 1198/2137/1326 1187/2126/1315 
f 1178/2117/1306 1194/2133/1322 1195/2134/1323 1184/2123/1312 
f 1189/2128/1317 1188/2127/1316 1187/2126/1315 1190/2129/1318 
f 1197/2136/1325 1199/2138/1327 1183/2122/1311 1182/2121/1310 
f 1198/2137/1326 1197/2136/1325 1182/2121/1310 1190/2129/1318 
f 1198/2137/1326 1190/2129/1318 1187/2126/1315 
f 1200/2139/1328 1196/2135/1324 1193/2132/1321 1201/2140/1329 
f 1199/2138/1327 1197/2136/1325 1196/2135/1324 1200/2139/1328 
s 2
f 1180/2141/1330 1202/2142/1331 1203/2143/1332 1181/2144/1333 
f 1204/2145/1334 1205/2146/1335 1202/2142/1331 1180/2141/1330 
f 1203/2143/1332 1189/2147/1336 1181/2144/1333 
f 1203/2143/1332 1188/2148/1337 1189/2147/1336 
f 1185/2149/1338 1188/2148/1337 1203/2143/1332 1206/2150/1339 
s 1
f 1194/2133/1322 1178/2117/1306 1177/2116/1305 1191/2130/1319 
f 1201/2140/1329 1193/2132/1321 1192/2131/1320 1207/2151/1340 
s 2
f 1177/2152/1341 1176/2153/1342 1208/2154/740 
f 1177/2152/1341 1208/2154/740 1191/2155/1343 
f 1191/2155/1343 1208/2154/740 1192/2156/1344 
f 1192/2156/1344 1208/2154/740 1207/2157/1345 
s 1
f 1209/2158/1346 1203/2159/1347 1202/2160/1348 1210/2161/1349 
f 1206/2162/1350 1203/2159/1347 1209/2158/1346 1211/2163/1351 
s 2
f 1209/2158/1352 1210/2161/1353 1212/2164/915 
f 1209/2158/1352 1212/2164/915 1211/2163/1354 
s 1
f 1183/2122/1311 1213/2165/1355 1204/2166/1356 1180/2119/1308 
f 1199/2138/1327 1214/2167/1357 1213/2165/1355 1183/2122/1311 
f 1207/2151/1340 1215/2168/1358 1216/2169/1359 1201/2140/1329 
f 1200/2139/1328 1217/2170/1360 1214/2167/1357 1199/2138/1327 
f 1201/2140/1329 1216/2169/1359 1217/2170/1360 1200/2139/1328 
s 2
f 1215/2171/1361 1207/2157/1345 1208/2154/740 
s 1
f 1205/2172/1362 1218/2173/1363 1210/2161/1349 1202/2160/1348 
s 2
f 1212/2164/915 1210/2161/1353 1218/2173/1364 
s 1
f 1219/2174/1365 1220/2175/1366 1221/2176/1367 1222/2177/1368 
f 1223/2178/1369 1224/2179/1370 1225/2180/1371 1226/2181/1372 
f 1226/2181/1372 1227/2182/1373 1228/2183/1374 1223/2178/1369 
f 1229/2184/1375 1230/2185/1376 1231/2186/1377 1222/2177/1368 1221/2176/1367 
f 1232/2187/1378 1233/2188/1379 1230/2185/1376 1229/2184/1375 
f 1224/2179/1370 1234/2189/1380 1235/2190/1381 1225/2180/1371 
f 1236/2191/1382 1237/2192/1383 1238/2193/1384 1239/2194/1385 
f 1240/2195/1386 1241/2196/1387 1242/2197/1388 1243/2198/1389 
f 1239/2194/1385 1238/2193/1384 1241/2196/1387 1240/2195/1386 
f 1229/2184/1375 1240/2195/1386 1243/2198/1389 1232/2187/1378 
f 1221/2176/1367 1239/2194/1385 1240/2195/1386 1229/2184/1375 
f 1234/2189/1380 1233/2188/1379 1232/2187/1378 1235/2190/1381 
f 1244/2199/1390 1245/2200/1391 1227/2182/1373 1226/2181/1372 
f 1242/2197/1388 1244/2199/1390 1226/2181/1372 1225/2180/1371 
f 1243/2198/1389 1242/2197/1388 1225/2180/1371 1235/2190/1381 
f 1243/2198/1389 1235/2190/1381 1232/2187/1378 
f 1246/2201/1392 1247/2202/1393 1248/2203/1394 1249/2204/1395 
f 1250/2205/1396 1251/2206/1397 1245/2200/1391 1244/2199/1390 
f 1249/2204/1395 1248/2203/1394 1251/2206/1397 1250/2205/1396 
f 1250/2205/1396 1241/2196/1387 1238/2193/1384 1249/2204/1395 
f 1244/2199/1390 1242/2197/1388 1241/2196/1387 1250/2205/1396 
s 2
f 1223/2207/1398 1252/2208/1399 1253/2209/1400 1224/2210/1401 
f 1228/2211/1402 1254/2212/1403 1252/2208/1399 1223/2207/1398 
f 1253/2209/1400 1234/2213/1404 1224/2210/1401 
f 1253/2209/1400 1233/2214/1405 1234/2213/1404 
f 1230/2215/1406 1233/2214/1405 1253/2209/1400 1255/2216/1407 
s 1
f 1239/2194/1385 1221/2176/1367 1220/2175/1366 1236/2191/1382 
f 1249/2204/1395 1238/2193/1384 1237/2192/1383 1246/2201/1392 
s 2
f 1220/2217/1408 1219/2218/1409 1208/2154/740 
f 1220/2217/1408 1208/2154/740 1236/2219/1410 
f 1236/2219/1410 1208/2154/740 1237/2220/1411 
f 1237/2220/1411 1208/2154/740 1246/2221/1412 
f 1247/2222/1413 1246/2221/1412 1208/2154/740 
s 1
f 1256/2223/1414 1253/2224/1415 1252/2225/1416 1257/2226/1417 
f 1252/2225/1416 1254/2227/1418 1258/2228/1418 1257/2226/1417 
f 1255/2229/1419 1253/2224/1415 1256/2223/1414 1259/2230/1420 
s 2
f 1258/2228/1421 1212/2164/915 1257/2226/1422 
f 1256/2223/1423 1257/2226/1422 1212/2164/915 
f 1256/2223/1423 1212/2164/915 1259/2230/1424 
s 1
f 1260/2230/1425 1255/2229/1419 1259/2230/1420 
s 2
f 1212/2164/915 1260/2230/1424 1259/2230/1424 
s 1
f 1219/2174/1365 1222/2177/1368 1261/2231/1426 1262/2232/1427 
f 1263/2233/1428 1264/2234/1429 1265/2235/1430 1266/2236/1431 
f 1267/2237/1432 1268/2238/1433 1261/2231/1426 1222/2177/1368 1231/2186/1377 
f 1269/2239/1434 1270/2240/1435 1268/2238/1433 1267/2237/1432 
f 1271/2241/1436 1272/2242/1437 1266/2236/1431 1265/2235/1430 
f 1273/2243/1438 1274/2244/1439 1275/2245/1440 1276/2246/1441 
f 1277/2247/1442 1278/2248/1443 1279/2249/1444 1280/2250/1445 
f 1274/2244/1439 1277/2247/1442 1280/2250/1445 1275/2245/1440 
f 1268/2238/1433 1270/2240/1435 1278/2248/1443 1277/2247/1442 
f 1261/2231/1426 1268/2238/1433 1277/2247/1442 1274/2244/1439 
f 1270/2240/1435 1269/2239/1434 1272/2242/1437 1271/2241/1436 
f 1264/2234/1429 1281/2251/1446 1279/2249/1444 1265/2235/1430 
f 1265/2235/1430 1279/2249/1444 1278/2248/1443 1271/2241/1436 
f 1278/2248/1443 1270/2240/1435 1271/2241/1436 
f 1282/2252/1447 1283/2253/1448 1275/2245/1440 1280/2250/1445 
f 1281/2251/1446 1282/2252/1447 1280/2250/1445 1279/2249/1444 
s 2
f 1263/2254/1449 1266/2255/1450 1284/2256/1451 1285/2257/1452 
f 1204/2145/1334 1263/2254/1449 1285/2257/1452 1205/2146/1335 
f 1284/2256/1451 1266/2255/1450 1272/2258/1453 
f 1284/2256/1451 1272/2258/1453 1269/2259/1454 
f 1284/2256/1451 1269/2259/1454 1267/2260/1455 1255/2216/1407 
s 1
f 1274/2244/1439 1273/2243/1438 1262/2232/1427 1261/2231/1426 
f 1283/2253/1448 1286/2261/1456 1276/2246/1441 1275/2245/1440 
s 2
f 1262/2262/1457 1208/2154/740 1219/2218/1409 
f 1262/2262/1457 1273/2263/1458 1208/2154/740 
f 1273/2263/1458 1276/2264/1459 1208/2154/740 
f 1276/2264/1459 1286/2265/1460 1208/2154/740 
s 1
f 1285/2266/1461 1284/2267/1462 1287/2268/1463 1288/2269/1464 
f 1287/2268/1463 1284/2267/1462 1255/2229/1419 1289/2230/1465 
s 2
f 1287/2268/1466 1212/2164/915 1288/2269/1467 
f 1287/2268/1466 1289/2230/1424 1212/2164/915 
s 1
f 1260/2230/1425 1289/2230/1465 1255/2229/1419 
s 2
f 1212/2164/915 1289/2230/1424 1260/2230/1424 
s 1
f 1204/2166/1356 1213/2165/1355 1264/2234/1429 1263/2233/1428 
f 1281/2251/1446 1264/2234/1429 1213/2165/1355 1214/2167/1357 
f 1286/2261/1456 1283/2253/1448 1216/2169/1359 1215/2168/1358 
f 1282/2252/1447 1281/2251/1446 1214/2167/1357 1217/2170/1360 
f 1283/2253/1448 1282/2252/1447 1217/2170/1360 1216/2169/1359 
s 2
f 1215/2171/1361 1208/2154/740 1286/2265/1460 
s 1
f 1288/2269/1464 1218/2173/1363 1205/2172/1362 1285/2266/1461 
s 2
f 1212/2164/915 1218/2173/1364 1288/2269/1467 
s 1
f 1290/2270/1468 1291/2271/1469 1292/2272/1470 1293/2273/1471 
f 1294/2274/1472 1295/2275/1473 1296/2276/1474 1297/2277/1475 
f 1298/2278/1476 1299/2279/1477 1292/2272/1470 1291/2271/1469 1300/2280/1478 
f 1301/2281/1479 1302/2282/1480 1299/2279/1477 1298/2278/1476 
f 1303/2283/1481 1304/2284/1482 1297/2277/1475 1296/2276/1474 
f 1305/2285/1483 1306/2286/1484 1307/2287/1485 1308/2288/1486 
f 1309/2289/1487 1310/2290/1488 1311/2291/1489 1312/2292/1490 
f 1306/2286/1484 1309/2289/1487 1312/2292/1490 1307/2287/1485 
f 1299/2279/1477 1302/2282/1480 1310/2290/1488 1309/2289/1487 
f 1292/2272/1470 1299/2279/1477 1309/2289/1487 1306/2286/1484 
f 1302/2282/1480 1301/2281/1479 1304/2284/1482 1303/2283/1481 
f 1295/2275/1473 1313/2293/1491 1311/2291/1489 1296/2276/1474 
f 1296/2276/1474 1311/2291/1489 1310/2290/1488 1303/2283/1481 
f 1310/2290/1488 1302/2282/1480 1303/2283/1481 
f 1314/2294/1492 1315/2295/1493 1307/2287/1485 1312/2292/1490 
f 1313/2293/1491 1314/2294/1492 1312/2292/1490 1311/2291/1489 
s 2
f 1294/2296/1494 1297/2297/1495 1316/2298/1496 1317/2299/1497 
f 1318/2300/1498 1294/2296/1494 1317/2299/1497 1319/2301/1499 
f 1316/2298/1496 1297/2297/1495 1304/2302/1500 
f 1316/2298/1496 1304/2302/1500 1301/2303/1501 
f 1316/2298/1496 1301/2303/1501 1298/2304/1502 1320/2305/1503 
s 1
f 1306/2286/1484 1305/2285/1483 1293/2273/1471 1292/2272/1470 
f 1315/2295/1493 1321/2306/1504 1308/2288/1486 1307/2287/1485 
s 2
f 1293/2307/1505 1208/2154/740 1290/2308/1506 
f 1293/2307/1505 1305/2309/1507 1208/2154/740 
f 1305/2309/1507 1308/2310/1508 1208/2154/740 
f 1308/2310/1508 1321/2311/1509 1208/2154/740 
s 1
f 1317/2312/1510 1316/2313/1511 1322/2314/1512 1323/2315/1513 
f 1322/2314/1512 1316/2313/1511 1320/2316/1514 1324/2317/1515 
s 2
f 1322/2314/1516 1212/2164/915 1323/2315/1517 
f 1322/2314/1516 1324/2317/1518 1212/2164/915 
s 1
f 1318/2318/1519 1325/2319/1520 1295/2275/1473 1294/2274/1472 
f 1313/2293/1491 1295/2275/1473 1325/2319/1520 1326/2320/1521 
f 1321/2306/1504 1315/2295/1493 1327/2321/1522 1328/2322/1523 
f 1314/2294/1492 1313/2293/1491 1326/2320/1521 1329/2323/1524 
f 1315/2295/1493 1314/2294/1492 1329/2323/1524 1327/2321/1522 
s 2
f 1328/2324/1525 1208/2154/740 1321/2311/1509 
s 1
f 1323/2315/1513 1330/2325/1526 1319/2326/1527 1317/2312/1510 
s 2
f 1212/2164/915 1330/2325/1528 1323/2315/1517 
s 1
f 1331/2327/1529 1332/2328/1530 1333/2329/1531 1334/2330/1532 
f 1335/2331/1533 1336/2332/1534 1337/2333/1535 1338/2334/1536 
f 1228/2183/1374 1227/2182/1373 1336/2332/1534 1335/2331/1533 
f 1339/2335/1537 1340/2336/1538 1333/2329/1531 1332/2328/1530 1341/2337/1539 
f 1342/2338/1540 1343/2339/1541 1340/2336/1538 1339/2335/1537 
f 1344/2340/1542 1345/2341/1543 1338/2334/1536 1337/2333/1535 
f 1346/2342/1544 1347/2343/1545 1348/2344/1546 1349/2345/1547 
f 1350/2346/1548 1351/2347/1549 1352/2348/1550 1353/2349/1551 
f 1347/2343/1545 1350/2346/1548 1353/2349/1551 1348/2344/1546 
f 1340/2336/1538 1343/2339/1541 1351/2347/1549 1350/2346/1548 
f 1333/2329/1531 1340/2336/1538 1350/2346/1548 1347/2343/1545 
f 1343/2339/1541 1342/2338/1540 1345/2341/1543 1344/2340/1542 
f 1227/2182/1373 1245/2200/1391 1354/2350/1552 1336/2332/1534 
f 1336/2332/1534 1354/2350/1552 1352/2348/1550 1337/2333/1535 
f 1337/2333/1535 1352/2348/1550 1351/2347/1549 1344/2340/1542 
f 1351/2347/1549 1343/2339/1541 1344/2340/1542 
f 1355/2351/1553 1356/2352/1554 1248/2203/1394 1247/2202/1393 
f 1357/2353/1555 1354/2350/1552 1245/2200/1391 1251/2206/1397 
f 1356/2352/1554 1357/2353/1555 1251/2206/1397 1248/2203/1394 
f 1357/2353/1555 1356/2352/1554 1348/2344/1546 1353/2349/1551 
f 1354/2350/1552 1357/2353/1555 1353/2349/1551 1352/2348/1550 
s 2
f 1335/2354/1556 1338/2355/1557 1358/2356/1405 1359/2357/1558 
f 1228/2211/1402 1335/2354/1556 1359/2357/1558 1254/2212/1403 
f 1358/2356/1405 1338/2355/1557 1345/2358/1559 
f 1358/2356/1405 1345/2358/1559 1342/2359/1560 
f 1358/2356/1405 1342/2359/1560 1339/2360/1561 1360/2361/1562 
s 1
f 1347/2343/1545 1346/2342/1544 1334/2330/1532 1333/2329/1531 
f 1356/2352/1554 1355/2351/1553 1349/2345/1547 1348/2344/1546 
s 2
f 1334/2362/1563 1208/2154/740 1331/2363/1564 
f 1334/2362/1563 1346/2364/1565 1208/2154/740 
f 1346/2364/1565 1349/2365/1566 1208/2154/740 
f 1349/2365/1566 1355/2366/1567 1208/2154/740 
f 1247/2222/1413 1208/2154/740 1355/2366/1567 
s 1
f 1359/2367/1568 1358/2368/1569 1361/2369/1570 1362/2370/1571 
f 1258/2228/1418 1254/2227/1418 1359/2367/1568 1362/2370/1571 
f 1361/2369/1570 1358/2368/1569 1360/2371/1572 1363/2372/1573 
s 2
f 1258/2228/1421 1362/2370/1574 1212/2164/915 
f 1361/2369/1575 1212/2164/915 1362/2370/1574 
f 1361/2369/1575 1363/2372/1576 1212/2164/915 
s 1
f 1364/2372/1577 1363/2372/1573 1360/2371/1572 
s 2
f 1212/2164/915 1363/2372/1576 1364/2372/1576 
s 1
f 1331/2327/1529 1365/2373/1578 1366/2374/1579 1332/2328/1530 
f 1367/2375/1580 1368/2376/1581 1369/2377/1582 1370/2378/1583 
f 1371/2379/1584 1372/2380/1585 1341/2337/1539 1332/2328/1530 1366/2374/1579 
f 1373/2381/1586 1374/2382/1587 1372/2380/1585 1371/2379/1584 
f 1368/2376/1581 1375/2383/1588 1376/2384/1589 1369/2377/1582 
f 1377/2385/1590 1378/2386/1591 1379/2387/1592 1380/2388/1593 
f 1381/2389/1594 1382/2390/1595 1383/2391/1596 1384/2392/1597 
f 1380/2388/1593 1379/2387/1592 1382/2390/1595 1381/2389/1594 
f 1371/2379/1584 1381/2389/1594 1384/2392/1597 1373/2381/1586 
f 1366/2374/1579 1380/2388/1593 1381/2389/1594 1371/2379/1584 
f 1375/2383/1588 1374/2382/1587 1373/2381/1586 1376/2384/1589 
f 1383/2391/1596 1385/2393/1598 1370/2378/1583 1369/2377/1582 
f 1384/2392/1597 1383/2391/1596 1369/2377/1582 1376/2384/1589 
f 1384/2392/1597 1376/2384/1589 1373/2381/1586 
f 1386/2394/1599 1382/2390/1595 1379/2387/1592 1387/2395/1600 
f 1385/2393/1598 1383/2391/1596 1382/2390/1595 1386/2394/1599 
s 2
f 1367/2396/1601 1388/2397/1602 1389/2398/1603 1368/2399/1604 
f 1318/2300/1498 1319/2301/1499 1388/2397/1602 1367/2396/1601 
f 1389/2398/1603 1375/2400/1605 1368/2399/1604 
f 1389/2398/1603 1374/2401/1606 1375/2400/1605 
f 1372/2402/1607 1374/2401/1606 1389/2398/1603 1360/2361/1562 
s 1
f 1380/2388/1593 1366/2374/1579 1365/2373/1578 1377/2385/1590 
f 1387/2395/1600 1379/2387/1592 1378/2386/1591 1390/2403/1608 
s 2
f 1365/2404/1609 1331/2363/1564 1208/2154/740 
f 1365/2404/1609 1208/2154/740 1377/2405/1610 
f 1377/2405/1610 1208/2154/740 1378/2406/1611 
f 1378/2406/1611 1208/2154/740 1390/2407/1612 
s 1
f 1391/2408/1613 1389/2409/1614 1388/2410/1615 1392/2411/1616 
f 1360/2371/1572 1389/2409/1614 1391/2408/1613 1393/2412/1617 
s 2
f 1391/2408/1618 1392/2411/1619 1212/2164/915 
f 1391/2408/1618 1212/2164/915 1393/2412/1576 
s 1
f 1364/2372/1577 1360/2371/1572 1393/2412/1617 
s 2
f 1212/2164/915 1364/2372/1576 1393/2412/1576 
s 1
f 1370/2378/1583 1325/2319/1520 1318/2318/1519 1367/2375/1580 
f 1385/2393/1598 1326/2320/1521 1325/2319/1520 1370/2378/1583 
f 1390/2403/1608 1328/2322/1523 1327/2321/1522 1387/2395/1600 
f 1386/2394/1599 1329/2323/1524 1326/2320/1521 1385/2393/1598 
f 1387/2395/1600 1327/2321/1522 1329/2323/1524 1386/2394/1599 
s 2
f 1328/2324/1525 1390/2407/1612 1208/2154/740 
s 1
f 1319/2326/1527 1330/2325/1526 1392/2411/1616 1388/2410/1615 
s 2
f 1212/2164/915 1392/2411/1619 1330/2325/1528 
s 1
f 1176/2115/1304 1179/2118/1307 1394/2413/1620 1395/2414/1621 
f 1396/2415/1622 1397/2416/1623 1398/2417/1624 1399/2418/1625 
f 1400/2419/1626 1401/2420/1627 1394/2413/1620 1179/2118/1307 1186/2125/1314 
f 1402/2421/1628 1403/2422/1629 1401/2420/1627 1400/2419/1626 
f 1404/2423/1630 1405/2424/1631 1399/2418/1625 1398/2417/1624 
f 1406/2425/1632 1407/2426/1633 1408/2427/1634 1409/2428/1635 
f 1410/2429/1636 1411/2430/1637 1412/2431/1638 1413/2432/1639 
f 1407/2426/1633 1410/2429/1636 1413/2432/1639 1408/2427/1634 
f 1401/2420/1627 1403/2422/1629 1411/2430/1637 1410/2429/1636 
f 1394/2413/1620 1401/2420/1627 1410/2429/1636 1407/2426/1633 
f 1403/2422/1629 1402/2421/1628 1405/2424/1631 1404/2423/1630 
f 1397/2416/1623 1414/2433/1640 1412/2431/1638 1398/2417/1624 
f 1398/2417/1624 1412/2431/1638 1411/2430/1637 1404/2423/1630 
f 1411/2430/1637 1403/2422/1629 1404/2423/1630 
f 1415/2434/1641 1416/2435/1642 1408/2427/1634 1413/2432/1639 
f 1414/2433/1640 1415/2434/1641 1413/2432/1639 1412/2431/1638 
s 2
f 1396/2436/1643 1399/2437/1644 1417/2438/1645 1418/2439/1646 
f 1419/2440/1647 1396/2436/1643 1418/2439/1646 1420/2441/1648 
f 1417/2438/1645 1399/2437/1644 1405/2442/1649 
f 1417/2438/1645 1405/2442/1649 1402/2443/1650 
f 1417/2438/1645 1402/2443/1650 1400/2444/1651 1206/2150/1339 
s 1
f 1407/2426/1633 1406/2425/1632 1395/2414/1621 1394/2413/1620 
f 1416/2435/1642 1421/2445/1652 1409/2428/1635 1408/2427/1634 
s 2
f 1395/2446/1653 1208/2154/740 1176/2153/1342 
f 1395/2446/1653 1406/2447/1654 1208/2154/740 
f 1406/2447/1654 1409/2448/1655 1208/2154/740 
f 1409/2448/1655 1421/2449/1656 1208/2154/740 
s 1
f 1418/2450/1657 1417/2451/1658 1422/2452/1659 1423/2453/1660 
f 1422/2452/1659 1417/2451/1658 1206/2162/1350 1211/2163/1351 
s 2
f 1422/2452/1661 1212/2164/915 1423/2453/1662 
f 1422/2452/1661 1211/2163/1354 1212/2164/915 
s 1
f 1419/2454/1663 1424/2455/1664 1397/2416/1623 1396/2415/1622 
f 1414/2433/1640 1397/2416/1623 1424/2455/1664 1425/2456/1665 
f 1421/2445/1652 1416/2435/1642 1426/2457/1666 1427/2458/1667 
f 1415/2434/1641 1414/2433/1640 1425/2456/1665 1428/2459/1668 
f 1416/2435/1642 1415/2434/1641 1428/2459/1668 1426/2457/1666 
s 2
f 1427/2460/1669 1208/2154/740 1421/2449/1656 
s 1
f 1423/2453/1660 1429/2461/1670 1420/2462/1671 1418/2450/1657 
s 2
f 1212/2164/915 1429/2461/1672 1423/2453/1662 
s 1
f 1430/2463/1673 1431/2464/1674 1432/2465/1675 1433/2466/1676 
f 1434/2467/1677 1435/2468/1678 1436/2469/1679 1437/2470/1680 
f 1438/2471/1681 1439/2472/1682 1435/2468/1678 1434/2467/1677 
f 1440/2473/1683 1441/2474/1684 1432/2465/1675 1431/2464/1674 1442/2475/1685 
f 1443/2476/1686 1444/2477/1687 1441/2474/1684 1440/2473/1683 
f 1445/2478/1688 1446/2479/1689 1437/2470/1680 1436/2469/1679 
f 1447/2480/1690 1448/2481/1691 1449/2482/1692 1450/2483/1693 
f 1451/2484/1694 1452/2485/1695 1453/2486/1696 1454/2487/1697 
f 1448/2481/1691 1451/2484/1694 1454/2487/1697 1449/2482/1692 
f 1441/2474/1684 1444/2477/1687 1452/2485/1695 1451/2484/1694 
f 1432/2465/1675 1441/2474/1684 1451/2484/1694 1448/2481/1691 
f 1444/2477/1687 1443/2476/1686 1446/2479/1689 1445/2478/1688 
f 1439/2472/1682 1455/2488/1698 1456/2489/1699 1435/2468/1678 
f 1435/2468/1678 1456/2489/1699 1453/2486/1696 1436/2469/1679 
f 1436/2469/1679 1453/2486/1696 1452/2485/1695 1445/2478/1688 
f 1452/2485/1695 1444/2477/1687 1445/2478/1688 
f 1457/2490/1700 1458/2491/1701 1459/2492/1702 1460/2493/1703 
f 1461/2494/1704 1456/2489/1699 1455/2488/1698 1462/2495/1705 
f 1458/2491/1701 1461/2494/1704 1462/2495/1705 1459/2492/1702 
f 1461/2494/1704 1458/2491/1701 1449/2482/1692 1454/2487/1697 
f 1456/2489/1699 1461/2494/1704 1454/2487/1697 1453/2486/1696 
s 2
f 1434/2496/1706 1437/2497/1707 1463/2498/1708 1464/2499/1709 
f 1438/2500/1710 1434/2496/1706 1464/2499/1709 1465/2501/1711 
f 1463/2498/1708 1437/2497/1707 1446/2502/1712 
f 1463/2498/1708 1446/2502/1712 1443/2503/1713 
f 1463/2498/1708 1443/2503/1713 1440/2504/1714 1466/2505/1715 
s 1
f 1448/2481/1691 1447/2480/1690 1433/2466/1676 1432/2465/1675 
f 1458/2491/1701 1457/2490/1700 1450/2483/1693 1449/2482/1692 
s 2
f 1433/2506/1716 1208/2154/740 1430/2507/1717 
f 1433/2506/1716 1447/2508/1718 1208/2154/740 
f 1447/2508/1718 1450/2509/1719 1208/2154/740 
f 1450/2509/1719 1457/2510/1720 1208/2154/740 
f 1460/2511/1721 1208/2154/740 1457/2510/1720 
s 1
f 1464/2512/1722 1463/2513/1723 1467/2514/1724 1468/2515/1725 
f 1469/2516/1726 1465/2517/1726 1464/2512/1722 1468/2515/1725 
f 1467/2514/1724 1463/2513/1723 1466/2518/1727 1470/2519/1728 
s 2
f 1469/2516/1729 1468/2515/1730 1212/2164/915 
f 1467/2514/1731 1212/2164/915 1468/2515/1730 
f 1467/2514/1731 1470/2519/1732 1212/2164/915 
s 1
f 1430/2463/1673 1471/2520/1733 1472/2521/1734 1431/2464/1674 
f 1473/2522/1735 1474/2523/1736 1475/2524/1737 1476/2525/1738 
f 1477/2526/1739 1478/2527/1740 1442/2475/1685 1431/2464/1674 1472/2521/1734 
f 1479/2528/1741 1480/2529/1742 1478/2527/1740 1477/2526/1739 
f 1474/2523/1736 1481/2530/1743 1482/2531/1744 1475/2524/1737 
f 1483/2532/1745 1484/2533/1746 1485/2534/1747 1486/2535/1748 
f 1487/2536/1749 1488/2537/1750 1489/2538/1751 1490/2539/1752 
f 1486/2535/1748 1485/2534/1747 1488/2537/1750 1487/2536/1749 
f 1477/2526/1739 1487/2536/1749 1490/2539/1752 1479/2528/1741 
f 1472/2521/1734 1486/2535/1748 1487/2536/1749 1477/2526/1739 
f 1481/2530/1743 1480/2529/1742 1479/2528/1741 1482/2531/1744 
f 1489/2538/1751 1491/2540/1753 1476/2525/1738 1475/2524/1737 
f 1490/2539/1752 1489/2538/1751 1475/2524/1737 1482/2531/1744 
f 1490/2539/1752 1482/2531/1744 1479/2528/1741 
f 1492/2541/1754 1488/2537/1750 1485/2534/1747 1493/2542/1755 
f 1491/2540/1753 1489/2538/1751 1488/2537/1750 1492/2541/1754 
s 2
f 1473/2543/1756 1494/2544/1757 1495/2545/1758 1474/2546/1759 
f 1419/2440/1647 1420/2441/1648 1494/2544/1757 1473/2543/1756 
f 1495/2545/1758 1481/2547/1760 1474/2546/1759 
f 1495/2545/1758 1480/2548/1761 1481/2547/1760 
f 1478/2549/1762 1480/2548/1761 1495/2545/1758 1466/2505/1715 
s 1
f 1486/2535/1748 1472/2521/1734 1471/2520/1733 1483/2532/1745 
f 1493/2542/1755 1485/2534/1747 1484/2533/1746 1496/2550/1763 
s 2
f 1471/2551/1764 1430/2507/1717 1208/2154/740 
f 1471/2551/1764 1208/2154/740 1483/2552/1765 
f 1483/2552/1765 1208/2154/740 1484/2553/1766 
f 1484/2553/1766 1208/2154/740 1496/2554/1767 
s 1
f 1497/2555/1768 1495/2556/1769 1494/2557/1770 1498/2558/1771 
f 1466/2518/1727 1495/2556/1769 1497/2555/1768 1470/2519/1728 
s 2
f 1497/2555/1772 1498/2558/1773 1212/2164/915 
f 1497/2555/1772 1212/2164/915 1470/2519/1732 
s 1
f 1476/2525/1738 1424/2455/1664 1419/2454/1663 1473/2522/1735 
f 1491/2540/1753 1425/2456/1665 1424/2455/1664 1476/2525/1738 
f 1496/2550/1763 1427/2458/1667 1426/2457/1666 1493/2542/1755 
f 1492/2541/1754 1428/2459/1668 1425/2456/1665 1491/2540/1753 
f 1493/2542/1755 1426/2457/1666 1428/2459/1668 1492/2541/1754 
s 2
f 1427/2460/1669 1496/2554/1767 1208/2154/740 
s 1
f 1420/2462/1671 1429/2461/1670 1498/2558/1771 1494/2557/1770 
s 2
f 1212/2164/915 1498/2558/1773 1429/2461/1672 
s 1
f 1290/2559/1468 1499/2560/1774 1500/2561/1775 1291/2562/1469 
f 1501/2563/1776 1502/2564/1777 1503/2565/1778 1504/2566/1779 
f 1505/2567/1780 1506/2568/1781 1300/2569/1478 1291/2562/1469 1500/2561/1775 
f 1507/2570/1782 1508/2571/1783 1506/2568/1781 1505/2567/1780 
f 1502/2564/1777 1509/2572/1784 1510/2573/1785 1503/2565/1778 
f 1511/2574/1786 1512/2575/1787 1513/2576/1788 1514/2577/1789 
f 1515/2578/1790 1516/2579/1791 1517/2580/1792 1518/2581/1793 
f 1514/2577/1789 1513/2576/1788 1516/2579/1791 1515/2578/1790 
f 1505/2567/1780 1515/2578/1790 1518/2581/1793 1507/2570/1782 
f 1500/2561/1775 1514/2577/1789 1515/2578/1790 1505/2567/1780 
f 1509/2572/1784 1508/2571/1783 1507/2570/1782 1510/2573/1785 
f 1517/2580/1792 1519/2582/1794 1504/2566/1779 1503/2565/1778 
f 1518/2581/1793 1517/2580/1792 1503/2565/1778 1510/2573/1785 
f 1518/2581/1793 1510/2573/1785 1507/2570/1782 
f 1520/2583/1795 1516/2579/1791 1513/2576/1788 1521/2584/1796 
f 1519/2582/1794 1517/2580/1792 1516/2579/1791 1520/2583/1795 
s 2
f 1501/2585/1797 1522/2586/1798 1523/2587/1799 1502/2588/1800 
f 1524/2589/1801 1525/2590/1802 1522/2586/1798 1501/2585/1797 
f 1523/2587/1799 1509/2591/1803 1502/2588/1800 
f 1523/2587/1799 1508/2592/1804 1509/2591/1803 
f 1506/2593/1805 1508/2592/1804 1523/2587/1799 1320/2305/1503 
s 1
f 1514/2577/1789 1500/2561/1775 1499/2560/1774 1511/2574/1786 
f 1521/2584/1796 1513/2576/1788 1512/2575/1787 1526/2594/1806 
s 2
f 1499/2595/1807 1290/2308/1506 1208/2154/740 
f 1499/2595/1807 1208/2154/740 1511/2596/1808 
f 1511/2596/1808 1208/2154/740 1512/2597/1809 
f 1512/2597/1809 1208/2154/740 1526/2598/1810 
s 1
f 1527/2599/1811 1523/2600/1812 1522/2601/1813 1528/2602/1814 
f 1320/2316/1514 1523/2600/1812 1527/2599/1811 1324/2317/1515 
s 2
f 1527/2599/1815 1528/2602/1816 1212/2164/915 
f 1527/2599/1815 1212/2164/915 1324/2317/1518 
s 1
f 1504/2566/1779 1529/2603/1817 1524/2604/1818 1501/2563/1776 
f 1519/2582/1794 1530/2605/1819 1529/2603/1817 1504/2566/1779 
f 1526/2594/1806 1531/2606/1820 1532/2607/1821 1521/2584/1796 
f 1520/2583/1795 1533/2608/1822 1530/2605/1819 1519/2582/1794 
f 1521/2584/1796 1532/2607/1821 1533/2608/1822 1520/2583/1795 
s 2
f 1531/2609/1823 1526/2598/1810 1208/2154/740 
s 1
f 1525/2610/1824 1534/2611/1825 1528/2602/1814 1522/2601/1813 
s 2
f 1212/2164/915 1528/2602/1816 1534/2611/1826 
s 1
f 1535/2612/1827 1536/2613/1828 1537/2614/1829 1538/2615/1830 
f 1539/2616/1831 1540/2617/1832 1541/2618/1833 1542/2619/1834 
f 1542/2619/1834 1439/2472/1682 1438/2471/1681 1539/2616/1831 
f 1543/2620/1835 1544/2621/1836 1545/2622/1837 1538/2615/1830 1537/2614/1829 
f 1546/2623/1838 1547/2624/1839 1544/2621/1836 1543/2620/1835 
f 1540/2617/1832 1548/2625/1840 1549/2626/1841 1541/2618/1833 
f 1550/2627/1842 1551/2628/1843 1552/2629/1844 1553/2630/1845 
f 1554/2631/1846 1555/2632/1847 1556/2633/1848 1557/2634/1849 
f 1553/2630/1845 1552/2629/1844 1555/2632/1847 1554/2631/1846 
f 1543/2620/1835 1554/2631/1846 1557/2634/1849 1546/2623/1838 
f 1537/2614/1829 1553/2630/1845 1554/2631/1846 1543/2620/1835 
f 1548/2625/1840 1547/2624/1839 1546/2623/1838 1549/2626/1841 
f 1558/2635/1850 1455/2488/1698 1439/2472/1682 1542/2619/1834 
f 1556/2633/1848 1558/2635/1850 1542/2619/1834 1541/2618/1833 
f 1557/2634/1849 1556/2633/1848 1541/2618/1833 1549/2626/1841 
f 1557/2634/1849 1549/2626/1841 1546/2623/1838 
f 1559/2636/1851 1460/2493/1703 1459/2492/1702 1560/2637/1852 
f 1561/2638/1853 1462/2495/1705 1455/2488/1698 1558/2635/1850 
f 1560/2637/1852 1459/2492/1702 1462/2495/1705 1561/2638/1853 
f 1561/2638/1853 1555/2632/1847 1552/2629/1844 1560/2637/1852 
f 1558/2635/1850 1556/2633/1848 1555/2632/1847 1561/2638/1853 
s 2
f 1539/2639/1854 1562/2640/1855 1563/2641/1856 1540/2642/1857 
f 1438/2500/1710 1465/2501/1711 1562/2640/1855 1539/2639/1854 
f 1563/2641/1856 1548/2643/1858 1540/2642/1857 
f 1563/2641/1856 1547/2644/1859 1548/2643/1858 
f 1544/2645/1860 1547/2644/1859 1563/2641/1856 1564/2646/1861 
s 1
f 1553/2630/1845 1537/2614/1829 1536/2613/1828 1550/2627/1842 
f 1560/2637/1852 1552/2629/1844 1551/2628/1843 1559/2636/1851 
s 2
f 1536/2647/1862 1535/2648/1863 1208/2154/740 
f 1536/2647/1862 1208/2154/740 1550/2649/1864 
f 1550/2649/1864 1208/2154/740 1551/2650/1865 
f 1551/2650/1865 1208/2154/740 1559/2651/1866 
f 1460/2511/1721 1559/2651/1866 1208/2154/740 
s 1
f 1565/2652/1867 1563/2653/1868 1562/2654/1869 1566/2655/1870 
f 1562/2654/1869 1465/2517/1726 1469/2516/1726 1566/2655/1870 
f 1564/2656/1871 1563/2653/1868 1565/2652/1867 1567/2657/1872 
s 2
f 1469/2516/1729 1212/2164/915 1566/2655/1873 
f 1565/2652/1874 1566/2655/1873 1212/2164/915 
f 1565/2652/1874 1212/2164/915 1567/2657/1875 
s 1
f 1535/2612/1827 1538/2615/1830 1568/2658/1876 1569/2659/1877 
f 1570/2660/1878 1571/2661/1879 1572/2662/1880 1573/2663/1881 
f 1574/2664/1882 1575/2665/1883 1568/2658/1876 1538/2615/1830 1545/2622/1837 
f 1576/2666/1884 1577/2667/1885 1575/2665/1883 1574/2664/1882 
f 1578/2668/1886 1579/2669/1887 1573/2663/1881 1572/2662/1880 
f 1580/2670/1888 1581/2671/1889 1582/2672/1890 1583/2673/1891 
f 1584/2674/1892 1585/2675/1893 1586/2676/1894 1587/2677/1895 
f 1581/2671/1889 1584/2674/1892 1587/2677/1895 1582/2672/1890 
f 1575/2665/1883 1577/2667/1885 1585/2675/1893 1584/2674/1892 
f 1568/2658/1876 1575/2665/1883 1584/2674/1892 1581/2671/1889 
f 1577/2667/1885 1576/2666/1884 1579/2669/1887 1578/2668/1886 
f 1571/2661/1879 1588/2678/1896 1586/2676/1894 1572/2662/1880 
f 1572/2662/1880 1586/2676/1894 1585/2675/1893 1578/2668/1886 
f 1585/2675/1893 1577/2667/1885 1578/2668/1886 
f 1589/2679/1897 1590/2680/1898 1582/2672/1890 1587/2677/1895 
f 1588/2678/1896 1589/2679/1897 1587/2677/1895 1586/2676/1894 
s 2
f 1570/2681/1899 1573/2682/1900 1591/2683/1901 1592/2684/1902 
f 1524/2589/1801 1570/2681/1899 1592/2684/1902 1525/2590/1802 
f 1591/2683/1901 1573/2682/1900 1579/2685/1903 
f 1591/2683/1901 1579/2685/1903 1576/2686/1904 
f 1591/2683/1901 1576/2686/1904 1574/2687/1905 1564/2646/1861 
s 1
f 1581/2671/1889 1580/2670/1888 1569/2659/1877 1568/2658/1876 
f 1590/2680/1898 1593/2688/1906 1583/2673/1891 1582/2672/1890 
s 2
f 1569/2689/1907 1208/2154/740 1535/2648/1863 
f 1569/2689/1907 1580/2690/1908 1208/2154/740 
f 1580/2690/1908 1583/2691/1909 1208/2154/740 
f 1583/2691/1909 1593/2692/1910 1208/2154/740 
s 1
f 1592/2693/1911 1591/2694/1912 1594/2695/1913 1595/2696/1914 
f 1594/2695/1913 1591/2694/1912 1564/2656/1871 1567/2657/1872 
s 2
f 1594/2695/1915 1212/2164/915 1595/2696/1916 
f 1594/2695/1915 1567/2657/1875 1212/2164/915 
s 1
f 1524/2604/1818 1529/2603/1817 1571/2661/1879 1570/2660/1878 
f 1588/2678/1896 1571/2661/1879 1529/2603/1817 1530/2605/1819 
f 1593/2688/1906 1590/2680/1898 1532/2607/1821 1531/2606/1820 
f 1589/2679/1897 1588/2678/1896 1530/2605/1819 1533/2608/1822 
f 1590/2680/1898 1589/2679/1897 1533/2608/1822 1532/2607/1821 
s 2
f 1531/2609/1823 1208/2154/740 1593/2692/1910 
s 1
f 1595/2696/1914 1534/2611/1825 1525/2610/1824 1592/2693/1911 
s 2
f 1212/2164/915 1534/2611/1826 1595/2696/1916 
f 1206/2150/1339 1186/2697/1339 1185/2149/1338 
f 1400/2444/1651 1186/2697/1339 1206/2150/1339 
f 1267/2260/1455 1231/2698/1407 1255/2216/1407 
f 1255/2216/1407 1231/2698/1407 1230/2215/1406 
f 1360/2361/1562 1341/2699/1562 1372/2402/1607 
f 1339/2360/1561 1341/2699/1562 1360/2361/1562 
f 1298/2304/1502 1300/2700/1503 1320/2305/1503 
f 1320/2305/1503 1300/2700/1503 1506/2593/1805 
f 1564/2646/1861 1545/2701/1861 1544/2645/1860 
f 1574/2687/1905 1545/2701/1861 1564/2646/1861 
f 1466/2505/1715 1442/2702/1715 1478/2549/1762 
f 1440/2504/1714 1442/2702/1715 1466/2505/1715 
s 8
f 1596/2703/1084 1597/2704/1084 1598/2705/1917 1599/2706/1917 
f 1599/2706/1917 1598/2705/1917 1600/2707/1918 1601/2708/1918 
f 1602/2709/1919 1603/2710/1919 1604/2711/1920 1605/2712/1920 
f 1605/2712/1920 1604/2711/1920 1597/2704/1084 1596/2703/1084 
s off
f 1598/2713/740 1597/2714/740 1606/2715/740 
f 1597/2714/740 1604/2716/740 1606/2715/740 
f 1604/2716/740 1603/2717/740 1606/2715/740 
f 1600/2718/740 1598/2713/740 1606/2715/740 
f 1596/2719/312 1599/2720/312 1607/2721/312 
f 1599/2720/312 1601/2722/312 1607/2721/312 
f 1602/2723/312 1605/2724/312 1607/2721/312 
f 1605/2724/312 1596/2719/312 1607/2721/312 
s 8
f 1608/2725/1921 1609/2726/465 1610/2727/465 1611/2728/1921 
f 1612/2729/1922 1608/2725/1921 1611/2728/1921 1613/2730/1922 
f 1614/2731/1923 1615/2732/1924 1616/2733/1924 1617/2734/1923 
f 1609/2726/465 1614/2731/1923 1617/2734/1923 1610/2727/465 
s off
f 1608/2735/740 1618/2736/740 1609/2737/740 
f 1609/2737/740 1618/2736/740 1614/2738/740 
f 1614/2738/740 1618/2736/740 1615/2739/740 
f 1612/2740/740 1618/2736/740 1608/2735/740 
f 1610/2741/312 1619/2742/312 1611/2743/312 
f 1611/2743/312 1619/2742/312 1613/2744/312 
f 1616/2745/312 1619/2742/312 1617/2746/312 
f 1617/2746/312 1619/2742/312 1610/2741/312 
s 1
f 1620/2747/2 1621/2748/2 1622/2749/2 1623/2750/2 
s 1024
f 1624/2751/1925 1625/2752/1925 1626/2753/1925 1627/2754/1925 
f 1628/2755/1925 1629/2756/1925 1630/2757/1925 1631/2758/1925 
f 1632/2759/1926 1633/2760/1926 1634/2761/1926 1635/2762/1926 
s 4
f 1636/2763/329 1623/2764/329 1637/2765/329 1638/2766/329 
s 1024
f 1639/2767/1926 1620/2768/1926 1623/2764/1926 1636/2763/1926 
s off
f 1640/2769/1927 1641/2770/1927 1622/2771/1927 1642/2772/1927 
s 4
f 1635/2762/329 1634/2761/329 1643/2773/329 1644/2774/329 
f 1631/2758/329 1630/2757/329 1645/2775/329 1646/2776/329 
f 1627/2754/329 1626/2753/329 1647/2777/329 1648/2778/329 
s 1024
f 1648/2778/1928 1647/2777/1928 1649/2779/1928 1650/2780/1928 
s 1
f 1622/2749/2 1641/2781/2 1623/2750/2 
f 1647/2782/2 1651/2783/2 1652/2784/2 1649/2785/2 
s off
f 1653/2786/330 1651/2787/330 1641/2788/330 1640/2789/330 
s 1
f 1641/2781/2 1634/2790/2 1637/2791/2 
f 1641/2781/2 1643/2792/2 1634/2790/2 
f 1641/2781/2 1637/2791/2 1623/2750/2 
f 1630/2793/2 1643/2792/2 1641/2781/2 1651/2783/2 
f 1651/2783/2 1645/2794/2 1630/2793/2 
f 1651/2783/2 1626/2795/2 1645/2794/2 
f 1651/2783/2 1647/2782/2 1626/2795/2 
s off
f 1652/2796/312 1651/2797/312 1653/2798/312 1654/2799/312 
s 1024
f 1645/2775/1928 1655/2800/1928 1656/2801/1928 1646/2776/1928 
s 1
f 1645/2794/2 1626/2795/2 1625/2802/2 1655/2803/2 
s 1024
f 1622/2804/740 1621/2805/740 1657/2806/740 1642/2807/740 
f 1637/2765/1928 1658/2808/1928 1659/2809/1928 1638/2766/1928 
s 1
f 1637/2791/2 1634/2790/2 1633/2810/2 1658/2811/2 
s 1024
f 1643/2773/1928 1660/2812/1928 1661/2813/1928 1644/2774/1928 
s 1
f 1643/2792/2 1630/2793/2 1629/2814/2 1660/2815/2 
s 2
f 1642/2816/176 1657/2817/176 1639/2818/176 1636/2819/176 
f 1642/2816/176 1636/2819/176 1640/2820/176 
f 1654/2821/176 1653/2822/176 1648/2823/176 1650/2824/176 
f 1640/2820/176 1638/2825/176 1635/2826/176 
f 1640/2820/176 1635/2826/176 1644/2827/176 
f 1640/2820/176 1636/2819/176 1638/2825/176 
f 1631/2828/176 1653/2822/176 1640/2820/176 1644/2827/176 
f 1653/2822/176 1631/2828/176 1646/2829/176 
f 1653/2822/176 1646/2829/176 1627/2830/176 
f 1653/2822/176 1627/2830/176 1648/2823/176 
f 1646/2829/176 1656/2831/176 1624/2832/176 1627/2830/176 
f 1638/2825/176 1659/2833/176 1632/2834/176 1635/2826/176 
f 1644/2827/176 1661/2835/176 1628/2836/176 1631/2828/176 
s off
f 1662/2837/2 1663/2838/2 1664/2839/2 1665/2840/2 
f 1666/2841/2 1667/2842/2 1668/2843/2 1669/2844/2 
f 1670/2845/330 1664/2846/330 1663/2847/330 1671/2848/330 
f 1672/2849/312 1665/2850/312 1664/2851/312 1670/2852/312 
f 1673/2853/330 1669/2854/330 1668/2855/330 1674/2856/330 
f 1674/2857/1929 1668/2858/1929 1667/2859/1929 1675/2860/1929 
f 1676/2861/740 1663/2862/740 1662/2863/740 1677/2864/740 
f 1677/2864/740 1662/2863/740 1678/2865/740 1679/2866/740 
f 1671/2867/740 1663/2868/740 1676/2869/740 1680/2870/740 
f 1681/2871/312 1666/2872/312 1669/2873/312 1682/2874/312 
f 1682/2875/312 1669/2876/312 1673/2877/312 1683/2878/312 
f 1681/2871/312 1684/2879/312 1685/2880/312 1666/2872/312 
s 1
f 1680/2881/330 1676/2882/330 1682/2883/330 1683/2884/330 
s 2
f 1682/2885/2 1676/2886/2 1677/2887/2 1681/2888/2 
s 1
f 1681/2871/329 1677/2864/329 1679/2866/329 1684/2879/329 
s off
f 1670/2889/176 1671/2890/176 1686/2891/176 1672/2892/176 
f 1687/2893/176 1673/2894/176 1674/2895/176 1675/2896/176 
f 1686/2897/740 1671/2898/740 1680/2899/740 1688/2900/740 
f 1678/2901/740 1686/2902/740 1688/2903/740 1679/2904/740 
f 1673/2905/312 1687/2906/312 1689/2907/312 1683/2908/312 
f 1689/2909/312 1687/2910/312 1685/2911/312 1684/2912/312 
s 2
f 1688/2913/176 1680/2914/176 1683/2915/176 1689/2916/176 
s 1
f 1679/2904/329 1688/2903/329 1689/2909/329 1684/2912/329 
f 1690/2917/312 1691/2918/312 1692/2919/312 1693/2920/312 
f 1694/2921/312 1695/2922/312 1696/2923/312 1697/2924/312 
f 1698/2925/312 1699/2926/312 1700/2927/312 1701/2928/312 
f 1702/2929/312 1703/2930/312 1704/2931/312 1705/2932/312 
f 1706/2933/312 1707/2934/312 1708/2935/312 1709/2936/312 
f 1710/2937/312 1711/2938/312 1712/2939/312 1713/2940/312 
f 1714/2941/312 1715/2942/312 1716/2943/312 1717/2944/312 
f 1718/2945/312 1719/2946/312 1720/2947/312 1721/2948/312 
s 2
f 1722/2949/1930 1690/2950/1931 1693/2951/1932 1723/2952/1933 
f 1694/2953/1934 1697/2954/1935 1724/2955/1936 
f 1725/2956/1937 1698/2957/1938 1701/2958/1939 1726/2959/1940 
f 1702/2960/1941 1705/2961/1942 1727/2962/1943 
f 1728/2963/1944 1706/2964/1945 1709/2965/1946 1729/2966/1947 
f 1710/2967/1948 1713/2968/1949 1730/2969/1950 
f 1731/2970/1951 1714/2971/1952 1717/2972/1953 1732/2973/1954 
f 1718/2974/1955 1721/2975/1956 1733/2976/1957 
f 1734/2977/1958 1692/2978/1959 1691/2979/1960 1735/2980/1961 
f 1736/2981/1962 1700/2982/1963 1699/2983/1964 1737/2984/1965 
f 1738/2985/1966 1708/2986/1967 1707/2987/1968 1739/2988/1969 
f 1740/2989/1970 1716/2990/1971 1715/2991/1972 1741/2992/1973 
f 1704/2993/1974 1703/2994/1975 1742/2995/1976 
f 1712/2996/1977 1711/2997/1978 1743/2998/1979 
f 1720/2999/1980 1719/3000/1981 1744/3001/1982 
f 1696/3002/1983 1695/3003/1984 1745/3004/1985 
s 1
f 1693/2920/312 1692/2919/312 1746/3005/312 1747/3006/312 
f 1748/3007/312 1691/2918/312 1690/2917/312 1749/3008/312 
f 1697/2924/312 1696/2923/312 1750/3009/312 1751/3010/312 
f 1746/3005/312 1695/2922/312 1694/2921/312 1747/3006/312 
f 1701/2928/312 1700/2927/312 1752/3011/312 1753/3012/312 
f 1750/3009/312 1699/2926/312 1698/2925/312 1751/3010/312 
f 1705/2932/312 1704/2931/312 1754/3013/312 1755/3014/312 
f 1752/3011/312 1703/2930/312 1702/2929/312 1753/3012/312 
f 1709/2936/312 1708/2935/312 1756/3015/312 1757/3016/312 
f 1754/3013/312 1707/2934/312 1706/2933/312 1755/3014/312 
f 1713/2940/312 1712/2939/312 1758/3017/312 1759/3018/312 
f 1756/3015/312 1711/2938/312 1710/2937/312 1757/3016/312 
f 1717/2944/312 1716/2943/312 1760/3019/312 1761/3020/312 
f 1758/3017/312 1715/2942/312 1714/2941/312 1759/3018/312 
f 1721/2948/312 1720/2947/312 1748/3007/312 1749/3008/312 
f 1760/3019/312 1719/2946/312 1718/2945/312 1761/3020/312 
s 2
f 1693/2951/1932 1747/3021/1986 1723/2952/1933 
f 1722/2949/1930 1749/3022/1987 1690/2950/1931 
f 1724/2955/1936 1697/2954/1935 1751/3023/1988 1725/2956/1937 
f 1694/2953/1934 1724/2955/1936 1723/2952/1933 1747/3021/1986 
f 1701/2958/1939 1753/3024/1989 1726/2959/1940 
f 1725/2956/1937 1751/3023/1988 1698/2957/1938 
f 1727/2962/1943 1705/2961/1942 1755/3025/1990 1728/2963/1944 
f 1702/2960/1941 1727/2962/1943 1726/2959/1940 1753/3024/1989 
f 1709/2965/1946 1757/3026/1991 1729/2966/1947 
f 1728/2963/1944 1755/3025/1990 1706/2964/1945 
f 1730/2969/1950 1713/2968/1949 1759/3027/1992 1731/2970/1951 
f 1710/2967/1948 1730/2969/1950 1729/3028/1947 1757/3029/1991 
f 1717/2972/1953 1761/3030/1993 1732/2973/1954 
f 1731/2970/1951 1759/3027/1992 1714/2971/1952 
f 1733/2976/1957 1721/2975/1956 1749/3022/1987 1722/2949/1930 
f 1718/2974/1955 1733/2976/1957 1732/2973/1954 1761/3030/1993 
f 1691/2979/1960 1748/3031/1994 1735/2980/1961 
f 1734/2977/1958 1746/3032/1995 1692/2978/1959 
f 1699/2983/1964 1750/3033/1996 1737/2984/1965 
f 1736/2981/1962 1752/3034/1997 1700/2982/1963 
f 1707/2987/1968 1754/3035/1998 1739/2988/1969 
f 1738/2985/1966 1756/3036/1999 1708/2986/1967 
f 1715/2991/1972 1758/3037/2000 1741/2992/1973 
f 1740/2989/1970 1760/3038/2001 1716/2990/1971 
f 1742/2995/1976 1703/2994/1975 1752/3034/1997 1736/2981/1962 
f 1704/2993/1974 1742/2995/1976 1739/2988/1969 1754/3035/1998 
f 1743/2998/1979 1711/2997/1978 1756/3039/1999 1738/3040/1966 
f 1712/2996/1977 1743/2998/1979 1741/2992/1973 1758/3037/2000 
f 1744/3001/1982 1719/3000/1981 1760/3038/2001 1740/2989/1970 
f 1720/2999/1980 1744/3001/1982 1735/2980/1961 1748/3031/1994 
f 1745/3004/1985 1695/3003/1984 1746/3032/1995 1734/2977/1958 
f 1696/3002/1983 1745/3004/1985 1737/2984/1965 1750/3033/1996 
s off
f 1722/3041/312 1723/3042/312 1762/3043/312 
f 1723/3042/312 1724/3044/312 1762/3043/312 
f 1724/3044/312 1725/3045/312 1762/3043/312 
f 1725/3045/312 1726/3046/312 1762/3043/312 
f 1726/3046/312 1727/3047/312 1762/3043/312 
f 1727/3047/312 1728/3048/312 1762/3043/312 
f 1728/3048/312 1729/3049/312 1762/3043/312 
f 1729/3049/312 1730/3050/312 1762/3043/312 
f 1730/3050/312 1731/3051/312 1762/3043/312 
f 1731/3051/312 1732/3052/312 1762/3043/312 
f 1732/3052/312 1733/3053/312 1762/3043/312 
f 1733/3053/312 1722/3041/312 1762/3043/312 
s 1
f 1763/3054/2002 1764/3055/2003 1765/3056/2004 1766/3057/2005 
f 1767/3058/2006 1763/3054/2002 1766/3057/2005 1768/3059/2007 
f 1769/3060/2008 1770/3061/2009 1764/3055/2003 1763/3054/2002 
f 1771/3062/2010 1769/3060/2008 1763/3054/2002 1767/3058/2006 
f 1772/3063/2011 1773/3064/2012 1774/3065/2013 1775/3066/2014 
f 1769/3060/2008 1772/3063/2011 1775/3066/2014 1770/3061/2009 
f 1776/3067/2015 1777/3068/2016 1773/3064/2012 1772/3063/2011 
f 1771/3062/2010 1776/3067/2015 1772/3063/2011 1769/3060/2008 
f 1778/3069/2017 1779/3070/2018 1780/3071/2019 1781/3072/2020 
f 1782/3073/2021 1778/3069/2017 1781/3072/2020 1783/3074/2022 
f 1784/3075/2023 1785/3076/2024 1779/3070/2018 1778/3069/2017 
f 1786/3077/2025 1784/3075/2023 1778/3069/2017 1782/3073/2021 
f 1787/3078/2026 1788/3079/2027 1789/3080/2028 1790/3081/2029 
f 1791/3082/2030 1787/3078/2026 1790/3081/2029 1792/3083/2031 
f 1782/3073/2021 1783/3074/2022 1788/3079/2027 1787/3078/2026 
f 1786/3077/2025 1782/3073/2021 1787/3078/2026 1791/3082/2030 
f 1793/3084/2032 1794/3085/2033 1765/3056/2004 1764/3055/2003 
f 1795/3086/2034 1793/3084/2032 1764/3055/2003 1770/3061/2009 
f 1796/3087/2035 1797/3088/2036 1794/3085/2033 1793/3084/2032 
f 1798/3089/1084 1796/3087/2035 1793/3084/2032 1795/3086/2034 
f 1799/3090/2037 1775/3066/2014 1774/3065/2013 1800/3091/2038 
f 1801/3092/2039 1799/3090/2037 1800/3091/2038 1802/3093/2040 
f 1795/3086/2034 1770/3061/2009 1775/3066/2014 1799/3090/2037 
f 1798/3089/1084 1795/3086/2034 1799/3090/2037 1801/3092/2039 
f 1803/3094/2041 1804/3095/2042 1789/3080/2028 1788/3079/2027 
f 1805/3096/2043 1803/3094/2041 1788/3079/2027 1783/3074/2022 
f 1801/3092/2039 1802/3093/2040 1804/3095/2042 1803/3094/2041 
f 1798/3089/1084 1801/3092/2039 1803/3094/2041 1805/3096/2043 
f 1806/3097/2044 1781/3072/2020 1780/3071/2019 1807/3098/2045 
f 1796/3087/2035 1806/3097/2044 1807/3098/2045 1797/3088/2036 
f 1805/3096/2043 1783/3074/2022 1781/3072/2020 1806/3097/2044 
f 1798/3089/1084 1805/3096/2043 1806/3097/2044 1796/3087/2035 
f 1808/3099/2046 1800/3091/2038 1774/3065/2013 1773/3064/2012 
f 1809/3100/2047 1808/3099/2046 1773/3064/2012 1777/3068/2016 
f 1810/3101/2048 1802/3093/2040 1800/3091/2038 1808/3099/2046 
f 1811/3102/2049 1810/3101/2048 1808/3099/2046 1809/3100/2047 
f 1812/3103/2050 1790/3081/2029 1789/3080/2028 1804/3095/2042 
f 1810/3101/2048 1812/3103/2050 1804/3095/2042 1802/3093/2040 
f 1813/3104/2051 1792/3083/2031 1790/3081/2029 1812/3103/2050 
f 1811/3102/2049 1813/3104/2051 1812/3103/2050 1810/3101/2048 
f 1814/3105/2052 1766/3057/2005 1765/3056/2004 1794/3085/2033 
f 1815/3106/2053 1814/3105/2052 1794/3085/2033 1797/3088/2036 
f 1816/3107/2054 1768/3059/2007 1766/3057/2005 1814/3105/2052 
f 1817/3108/2055 1816/3107/2054 1814/3105/2052 1815/3106/2053 
f 1818/3109/2056 1807/3098/2045 1780/3071/2019 1779/3070/2018 
f 1819/3110/2057 1818/3109/2056 1779/3070/2018 1785/3076/2024 
f 1815/3106/2053 1797/3088/2036 1807/3098/2045 1818/3109/2056 
f 1817/3108/2055 1815/3106/2053 1818/3109/2056 1819/3110/2057 
f 1820/3111/2058 1821/3112/2059 1822/3113/2060 1823/3114/2061 
f 1824/3115/2062 1820/3111/2058 1823/3114/2061 1825/3116/2063 
f 1826/3117/2064 1827/3118/2065 1821/3112/2059 1820/3111/2058 
f 1828/3119/2066 1826/3117/2064 1820/3111/2058 1824/3115/2062 
f 1829/3120/2067 1830/3121/2068 1831/3122/2069 1832/3123/2070 
f 1826/3117/2064 1829/3120/2067 1832/3123/2070 1827/3118/2065 
f 1833/3124/2071 1834/3125/2072 1830/3121/2068 1829/3120/2067 
f 1828/3119/2066 1833/3124/2071 1829/3120/2067 1826/3117/2064 
f 1835/3126/2017 1836/3127/2018 1837/3128/2073 1838/3129/2074 
f 1839/3130/2075 1835/3126/2017 1838/3129/2074 1840/3131/2076 
f 1841/3132/2023 1842/3133/2077 1836/3127/2018 1835/3126/2017 
f 1843/3134/2078 1841/3132/2023 1835/3126/2017 1839/3130/2075 
f 1844/3135/2079 1845/3136/2080 1846/3137/2081 1847/3138/2029 
f 1848/3139/2082 1844/3135/2079 1847/3138/2029 1849/3140/2083 
f 1839/3130/2075 1840/3131/2076 1845/3136/2080 1844/3135/2079 
f 1843/3134/2078 1839/3130/2075 1844/3135/2079 1848/3139/2082 
f 1850/3141/2084 1851/3142/2033 1822/3113/2060 1821/3112/2059 
f 1852/3143/2085 1850/3141/2084 1821/3112/2059 1827/3118/2065 
f 1853/3144/2035 1854/3145/2086 1851/3142/2033 1850/3141/2084 
f 1855/3146/2087 1853/3144/2035 1850/3141/2084 1852/3143/2085 
f 1856/3147/2088 1832/3123/2070 1831/3122/2069 1857/3148/2089 
f 1858/3149/2090 1856/3147/2088 1857/3148/2089 1859/3150/2091 
f 1852/3143/2085 1827/3118/2065 1832/3123/2070 1856/3147/2088 
f 1855/3146/2087 1852/3143/2085 1856/3147/2088 1858/3149/2090 
f 1860/3151/2092 1861/3152/2093 1846/3137/2081 1845/3136/2080 
f 1862/3153/2094 1860/3151/2092 1845/3136/2080 1840/3131/2076 
f 1858/3149/2090 1859/3150/2091 1861/3152/2093 1860/3151/2092 
f 1855/3146/2087 1858/3149/2090 1860/3151/2092 1862/3153/2094 
f 1863/3154/2095 1838/3129/2074 1837/3128/2073 1864/3155/2045 
f 1853/3144/2035 1863/3154/2095 1864/3155/2045 1854/3145/2086 
f 1862/3153/2094 1840/3131/2076 1838/3129/2074 1863/3154/2095 
f 1855/3146/2087 1862/3153/2094 1863/3154/2095 1853/3144/2035 
f 1865/3156/2096 1857/3148/2089 1831/3122/2069 1830/3121/2068 
f 1866/3157/2097 1865/3156/2096 1830/3121/2068 1834/3125/2072 
f 1867/3158/2098 1859/3150/2091 1857/3148/2089 1865/3156/2096 
f 1868/3159/2049 1867/3158/2098 1865/3156/2096 1866/3157/2097 
f 1869/3160/2099 1847/3138/2029 1846/3137/2081 1861/3152/2093 
f 1867/3158/2098 1869/3160/2099 1861/3152/2093 1859/3150/2091 
f 1870/3161/2100 1849/3140/2083 1847/3138/2029 1869/3160/2099 
f 1868/3159/2049 1870/3161/2100 1869/3160/2099 1867/3158/2098 
f 1871/3162/2101 1823/3114/2061 1822/3113/2060 1851/3142/2033 
f 1872/3163/2053 1871/3162/2101 1851/3142/2033 1854/3145/2086 
f 1873/3164/2054 1825/3116/2063 1823/3114/2061 1871/3162/2101 
f 1874/3165/2102 1873/3164/2054 1871/3162/2101 1872/3163/2053 
f 1875/3166/2056 1864/3155/2045 1837/3128/2073 1836/3127/2018 
f 1876/3167/2057 1875/3166/2056 1836/3127/2018 1842/3133/2077 
f 1872/3163/2053 1854/3145/2086 1864/3155/2045 1875/3166/2056 
f 1874/3165/2102 1872/3163/2053 1875/3166/2056 1876/3167/2057 
f 1877/3168/2103 1878/3169/2104 1879/3170/2105 1880/3171/2106 
f 1881/3172/2107 1882/3173/2108 1878/3169/2104 1877/3168/2103 
f 1883/3174/2109 1877/3168/2103 1880/3171/2106 1884/3175/2110 
f 1885/3176/2111 1881/3172/2107 1877/3168/2103 1883/3174/2109 
f 1886/3177/2112 1887/3178/2113 1888/3179/2114 1889/3180/2115 
f 1889/3180/2115 1888/3179/2114 1883/3174/2109 1884/3175/2110 
f 1887/3178/2113 1890/3181/2116 1891/3182/2117 1888/3179/2114 
f 1888/3179/2114 1891/3182/2117 1885/3176/2111 1883/3174/2109 
f 1892/3183/2118 1893/3184/2119 1894/3185/2120 1895/3186/2121 
f 1896/3187/2122 1897/3188/2123 1893/3184/2119 1892/3183/2118 
f 1898/3189/2124 1892/3183/2118 1895/3186/2121 1899/3190/2125 
f 1900/3191/2126 1896/3187/2122 1892/3183/2118 1898/3189/2124 
f 1901/3192/2127 1902/3193/2128 1903/3194/2129 1904/3195/2130 
f 1904/3195/2130 1903/3194/2129 1905/3196/2131 1906/3197/2132 
f 1902/3193/2128 1897/3188/2123 1896/3187/2122 1903/3194/2129 
f 1903/3194/2129 1896/3187/2122 1900/3191/2126 1905/3196/2131 
f 1907/3198/2133 1880/3171/2106 1879/3170/2105 1908/3199/2134 
f 1909/3200/2135 1884/3175/2110 1880/3171/2106 1907/3198/2133 
f 1910/3201/2136 1907/3198/2133 1908/3199/2134 1911/3202/2137 
f 1912/3203/465 1909/3200/2135 1907/3198/2133 1910/3201/2136 
f 1886/3177/2112 1889/3180/2115 1913/3204/2138 1914/3205/2139 
f 1914/3205/2139 1913/3204/2138 1915/3206/2140 1916/3207/2141 
f 1889/3180/2115 1884/3175/2110 1909/3200/2135 1913/3204/2138 
f 1913/3204/2138 1909/3200/2135 1912/3203/465 1915/3206/2140 
f 1917/3208/2142 1902/3193/2128 1901/3192/2127 1918/3209/2143 
f 1919/3210/2144 1897/3188/2123 1902/3193/2128 1917/3208/2142 
f 1915/3206/2140 1917/3208/2142 1918/3209/2143 1916/3207/2141 
f 1912/3203/465 1919/3210/2144 1917/3208/2142 1915/3206/2140 
f 1894/3185/2120 1893/3184/2119 1920/3211/2145 1921/3212/2146 
f 1921/3212/2146 1920/3211/2145 1910/3201/2136 1911/3202/2137 
f 1893/3184/2119 1897/3188/2123 1919/3210/2144 1920/3211/2145 
f 1920/3211/2145 1919/3210/2144 1912/3203/465 1910/3201/2136 
f 1922/3213/2147 1887/3178/2113 1886/3177/2112 1914/3205/2139 
f 1923/3214/2148 1890/3181/2116 1887/3178/2113 1922/3213/2147 
f 1924/3215/2149 1922/3213/2147 1914/3205/2139 1916/3207/2141 
f 1925/3216/2150 1923/3214/2148 1922/3213/2147 1924/3215/2149 
f 1901/3192/2127 1904/3195/2130 1926/3217/2151 1918/3209/2143 
f 1918/3209/2143 1926/3217/2151 1924/3215/2149 1916/3207/2141 
f 1904/3195/2130 1906/3197/2132 1927/3218/2152 1926/3217/2151 
f 1926/3217/2151 1927/3218/2152 1925/3216/2150 1924/3215/2149 
f 1879/3170/2105 1878/3169/2104 1928/3219/2153 1908/3199/2134 
f 1908/3199/2134 1928/3219/2153 1929/3220/2154 1911/3202/2137 
f 1878/3169/2104 1882/3173/2108 1930/3221/2155 1928/3219/2153 
f 1928/3219/2153 1930/3221/2155 1931/3222/2156 1929/3220/2154 
f 1932/3223/2157 1895/3186/2121 1894/3185/2120 1921/3212/2146 
f 1933/3224/2158 1899/3190/2125 1895/3186/2121 1932/3223/2157 
f 1929/3220/2154 1932/3223/2157 1921/3212/2146 1911/3202/2137 
f 1931/3222/2156 1933/3224/2158 1932/3223/2157 1929/3220/2154 
f 1934/3225/2159 1935/3226/2160 1936/3227/2161 1937/3228/2162 
f 1938/3229/2163 1939/3230/2164 1935/3226/2160 1934/3225/2159 
f 1940/3231/2165 1934/3225/2159 1937/3228/2162 1941/3232/2166 
f 1942/3233/2167 1938/3229/2163 1934/3225/2159 1940/3231/2165 
f 1943/3234/2168 1944/3235/2169 1945/3236/2170 1946/3237/2171 
f 1946/3237/2171 1945/3236/2170 1940/3231/2165 1941/3232/2166 
f 1944/3235/2169 1947/3238/2172 1948/3239/2173 1945/3236/2170 
f 1945/3236/2170 1948/3239/2173 1942/3233/2167 1940/3231/2165 
f 1949/3240/2118 1950/3241/2174 1951/3242/2175 1952/3243/2121 
f 1953/3244/2176 1954/3245/2177 1950/3241/2174 1949/3240/2118 
f 1955/3246/2124 1949/3240/2118 1952/3243/2121 1956/3247/2178 
f 1957/3248/2179 1953/3244/2176 1949/3240/2118 1955/3246/2124 
f 1958/3249/2180 1959/3250/2181 1960/3251/2182 1961/3252/2130 
f 1961/3252/2130 1960/3251/2182 1962/3253/2183 1963/3254/2184 
f 1959/3250/2181 1954/3245/2177 1953/3244/2176 1960/3251/2182 
f 1960/3251/2182 1953/3244/2176 1957/3248/2179 1962/3253/2183 
f 1964/3255/2185 1937/3228/2162 1936/3227/2161 1965/3256/2134 
f 1966/3257/2186 1941/3232/2166 1937/3228/2162 1964/3255/2185 
f 1967/3258/2136 1964/3255/2185 1965/3256/2134 1968/3259/2187 
f 1969/3260/2188 1966/3257/2186 1964/3255/2185 1967/3258/2136 
f 1943/3234/2168 1946/3237/2171 1970/3261/2189 1971/3262/2190 
f 1971/3262/2190 1970/3261/2189 1972/3263/2191 1973/3264/2192 
f 1946/3237/2171 1941/3232/2166 1966/3257/2186 1970/3261/2189 
f 1970/3261/2189 1966/3257/2186 1969/3260/2188 1972/3263/2191 
f 1974/3265/2193 1959/3250/2181 1958/3249/2180 1975/3266/2194 
f 1976/3267/2195 1954/3245/2177 1959/3250/2181 1974/3265/2193 
f 1972/3263/2191 1974/3265/2193 1975/3266/2194 1973/3264/2192 
f 1969/3260/2188 1976/3267/2195 1974/3265/2193 1972/3263/2191 
f 1951/3242/2175 1950/3241/2174 1977/3268/2196 1978/3269/2146 
f 1978/3269/2146 1977/3268/2196 1967/3258/2136 1968/3259/2187 
f 1950/3241/2174 1954/3245/2177 1976/3267/2195 1977/3268/2196 
f 1977/3268/2196 1976/3267/2195 1969/3260/2188 1967/3258/2136 
f 1979/3270/2197 1944/3235/2169 1943/3234/2168 1971/3262/2190 
f 1980/3271/2198 1947/3238/2172 1944/3235/2169 1979/3270/2197 
f 1981/3272/2199 1979/3270/2197 1971/3262/2190 1973/3264/2192 
f 1982/3273/2150 1980/3271/2198 1979/3270/2197 1981/3272/2199 
f 1958/3249/2180 1961/3252/2130 1983/3274/2200 1975/3266/2194 
f 1975/3266/2194 1983/3274/2200 1981/3272/2199 1973/3264/2192 
f 1961/3252/2130 1963/3254/2184 1984/3275/2201 1983/3274/2200 
f 1983/3274/2200 1984/3275/2201 1982/3273/2150 1981/3272/2199 
f 1936/3227/2161 1935/3226/2160 1985/3276/2202 1965/3256/2134 
f 1965/3256/2134 1985/3276/2202 1986/3277/2154 1968/3259/2187 
f 1935/3226/2160 1939/3230/2164 1987/3278/2155 1985/3276/2202 
f 1985/3276/2202 1987/3278/2155 1988/3279/2203 1986/3277/2154 
f 1989/3280/2204 1952/3243/2121 1951/3242/2175 1978/3269/2146 
f 1990/3281/2158 1956/3247/2178 1952/3243/2121 1989/3280/2204 
f 1986/3277/2154 1989/3280/2204 1978/3269/2146 1968/3259/2187 
f 1988/3279/2203 1990/3281/2158 1989/3280/2204 1986/3277/2154 
f 1991/3282/2 1992/3283/2 1993/3284/1084 1994/3285/2 
s 2
f 1995/3286/312 1996/3287/312 1997/3288/312 
s 1
f 1998/3289/329 1999/3290/329 2000/3291/329 2001/3292/329 
s 2
f 2002/3293/329 2003/3294/329 2004/3295/329 2005/3296/329 
s 1
f 2006/3297/329 2007/3298/329 2008/3299/329 2009/3300/329 
s 2
f 2010/3301/329 2011/3302/329 2012/3303/329 2013/3304/329 
s 1
f 2014/3305/329 2015/3306/329 2016/3307/329 2017/3308/329 
s 2
f 2018/3309/329 2019/3310/329 2020/3311/329 2021/3312/329 
s 1
f 2022/3313/2 2023/3314/2 2024/3315/1084 2025/3316/315 
f 2026/3317/329 2027/3318/329 2028/3319/329 2029/3320/329 
s 2
f 2030/3321/329 2031/3322/329 2032/3323/329 2033/3324/329 
s 1
f 2034/3325/329 2035/3326/329 2036/3327/329 2037/3328/329 
s 2
f 2038/3329/329 2039/3330/329 2040/3331/329 2041/3332/329 
s 1
f 2042/3333/329 2043/3334/329 2044/3335/329 2045/3336/329 
s 33
f 2046/3337/1084 1993/3284/1084 2047/3338/1084 2048/3339/1084 
s off
f 2049/3340/2205 2050/3341/2205 2051/3342/2205 2052/3343/2205 
s 16
f 2053/3344/2206 2054/3345/1084 2055/3346/1084 2056/3347/1084 
s off
f 2057/3348/2205 2058/3349/2205 2059/3350/2205 2060/3351/2205 
s 32
f 2061/3352/1084 2062/3353/1084 2063/3354/1084 2064/3355/1084 
s off
f 2065/3356/2205 2066/3357/2205 2067/3358/2205 2068/3359/2205 
s 64
f 2069/3360/1084 2070/3361/1084 2071/3362/1084 2072/3363/1084 
s off
f 2073/3364/2205 2074/3365/2205 2075/3366/2205 2076/3367/2205 
f 2077/3368/2205 2078/3369/2205 2079/3370/2205 2080/3371/2205 
s 16
f 2081/3372/1084 2082/3373/1084 2083/3374/1084 2084/3375/1084 
s off
f 2085/3376/2205 2086/3377/2205 2087/3378/2205 2088/3379/2205 
s 144
f 2048/3380/2207 2089/3381/2207 2090/3382/2207 2091/3383/2207 
s 2
f 2092/3384/2208 2093/3385/2208 2094/3386/2209 2095/3387/2209 
s off
f 2050/3388/2210 2001/3389/2210 2000/3390/2210 2051/3391/2210 
f 2054/3392/2207 2005/3393/2207 2004/3394/2207 2055/3395/2207 
f 2058/3396/2210 2009/3397/2210 2008/3398/2210 2059/3399/2210 
f 2062/3400/2207 2013/3401/2207 2012/3402/2207 2063/3403/2207 
f 2066/3404/2210 2017/3405/2210 2016/3406/2210 2067/3407/2210 
f 2070/3408/2207 2021/3409/2207 2020/3410/2207 2071/3411/2207 
f 2074/3412/2210 2029/3413/2210 2028/3414/2210 2075/3415/2210 
f 2078/3416/2210 2037/3417/2210 2036/3418/2210 2079/3419/2210 
f 2082/3420/2207 2041/3421/2207 2040/3422/2207 2083/3423/2207 
f 2086/3424/2210 2045/3425/2210 2044/3426/2210 2087/3427/2210 
f 1995/3428/2207 1997/3429/2207 2096/3430/2207 2097/3431/2207 
s 1
f 1992/3283/2 2098/3432/2 2099/3433/2 2047/3338/1084 1993/3284/1084 
f 2100/3434/1084 2101/3435/1084 2102/3436/1084 2103/3437/1084 
s 64
f 2091/3438/2 2095/3439/2 2104/3440/2 2046/3337/1084 
s 128
f 2091/3383/2207 2090/3382/2207 2092/3441/2207 2095/3442/2207 
s 44
f 2000/3291/312 1999/3290/312 2002/3293/312 2005/3296/312 
s 8
f 2054/3392/312 2051/3391/312 2000/3390/312 2005/3393/312 
s off
f 2053/3443/312 2052/3444/312 2051/3445/312 2054/3446/312 
s 8
f 2049/3447/329 2052/3448/329 2053/3449/329 2105/3450/329 
s off
f 2050/3451/740 2049/3447/740 2105/3450/740 2097/3452/740 
s 32
f 2097/3431/740 2096/3430/740 2001/3389/740 2050/3388/740 
s 38
f 2001/3292/740 2096/3453/740 2106/3454/740 1998/3289/740 
s 28
f 2008/3299/312 2007/3298/312 2010/3301/312 2013/3304/312 
s 8
f 2062/3400/312 2059/3399/312 2008/3398/312 2013/3401/312 
s off
f 2061/3455/312 2060/3456/312 2059/3457/312 2062/3458/312 
s 8
f 2057/3459/2211 2060/3460/2211 2061/3461/2211 2056/3462/2211 
s off
f 2058/3463/740 2057/3464/740 2056/3465/740 2055/3466/740 
s 8
f 2055/3395/740 2004/3394/740 2009/3397/740 2058/3396/740 
s 44
f 2009/3300/740 2004/3295/740 2003/3294/740 2006/3297/740 
s 28
f 2016/3307/312 2015/3306/312 2018/3309/312 2021/3312/312 
s 8
f 2070/3408/312 2067/3407/312 2016/3406/312 2021/3409/312 
s off
f 2069/3467/312 2068/3468/312 2067/3469/312 2070/3470/312 
s 8
f 2065/3471/329 2068/3472/329 2069/3473/329 2064/3474/329 
s off
f 2066/3475/740 2065/3476/740 2064/3477/740 2063/3478/740 
s 8
f 2063/3403/740 2012/3402/740 2017/3405/740 2066/3404/740 
s 28
f 2017/3308/740 2012/3303/740 2011/3302/740 2014/3305/740 
f 2028/3319/312 2027/3318/312 2107/3479/312 2108/3480/312 
s 8
f 2109/3481/312 2075/3415/312 2028/3414/312 2108/3482/312 
s off
f 2110/3483/312 2076/3484/312 2075/3485/312 2109/3486/312 
s 8
f 2073/3487/329 2076/3488/329 2110/3489/329 2072/3490/329 
s off
f 2074/3491/740 2073/3492/740 2072/3493/740 2071/3494/740 
s 8
f 2071/3411/740 2020/3410/740 2029/3413/740 2074/3412/740 
s 28
f 2029/3320/740 2020/3311/740 2019/3310/740 2026/3317/740 
s 44
f 2036/3327/312 2035/3326/312 2038/3329/312 2041/3332/312 
s 8
f 2082/3420/312 2079/3419/312 2036/3418/312 2041/3421/312 
s off
f 2081/3495/312 2080/3496/312 2079/3497/312 2082/3498/312 
s 8
f 2077/3499/329 2080/3496/329 2081/3495/329 2111/3500/329 
s off
f 2078/3501/740 2077/3502/740 2111/3503/740 2112/3504/740 
s 8
f 2112/3505/740 2032/3506/740 2037/3417/740 2078/3416/740 
s 44
f 2037/3328/740 2032/3323/740 2031/3322/740 2034/3325/740 
s 262
f 2044/3335/312 2043/3334/312 2113/3507/312 2089/3508/312 
s 256
f 2048/3380/312 2087/3427/312 2044/3426/312 2089/3381/312 
s off
f 2047/3509/312 2088/3510/312 2087/3511/312 2048/3512/312 
s 8
f 2085/3513/329 2088/3514/329 2047/3515/329 2084/3516/329 
s off
f 2086/3517/740 2085/3518/740 2084/3519/740 2083/3520/740 
s 8
f 2083/3423/740 2040/3422/740 2045/3425/740 2086/3424/740 
s 44
f 2045/3336/740 2040/3331/740 2039/3330/740 2042/3333/740 
s 4
f 2046/3521/330 2104/3522/330 2101/3523/330 2100/3524/330 
s 70
f 2114/3525/1084 2112/3526/1084 2111/3527/1084 2115/3528/1084 
s 272
f 2033/3529/2207 2032/3506/2207 2112/3505/2207 2114/3530/2207 
s 1
f 2025/3316/315 2105/3531/315 2053/3344/2206 
s 17
f 2025/3316/315 2053/3344/2206 2056/3347/1084 
s 1
f 2025/3316/315 2056/3347/1084 2061/3352/1084 
s 33
f 2025/3316/315 2061/3352/1084 2064/3355/1084 
s 1
f 2025/3316/315 2064/3355/1084 2069/3360/1084 
s 65
f 2025/3316/315 2069/3360/1084 2072/3363/1084 
s 1
f 2025/3316/315 2072/3363/1084 2110/3532/1084 
s 5
f 2099/3433/2 2115/3528/1084 2111/3527/1084 
s 1
f 2099/3433/2 2111/3527/1084 2081/3372/1084 
s 17
f 2099/3433/2 2081/3372/1084 2084/3375/1084 
s 1
f 2099/3433/2 2084/3375/1084 2047/3338/1084 
f 2116/3533/1084 2117/3534/2 2118/3535/2 
s 2
f 2022/3536/740 2025/3537/2212 2119/3538/2212 2120/3539/740 
f 2118/3540/592 2117/3541/2213 2121/3542/2213 2122/3543/592 
s 1
f 2122/3544/2 2121/3545/2 2123/3546/2 
f 2124/3547/1084 2097/3548/1084 2105/3531/315 2024/3315/1084 
f 2125/3549/2 2126/3550/315 2127/3551/315 
s 2
f 2023/3552/312 2128/3553/312 2129/3554/2214 2024/3555/2214 
f 2130/3556/740 2125/3557/740 2127/3558/2215 2131/3559/2215 
s 1
f 2132/3560/2 2133/3561/2 2134/3562/2 
s 2
f 2135/3563/2216 2136/3564/2217 2133/3565/2217 2132/3566/2216 
s 8
f 1997/3567/329 2137/3568/329 2106/3454/329 2096/3453/329 
s 2
f 2098/3569/312 2138/3570/312 2139/3571/2218 2099/3572/2218 
s 8
f 2089/3508/329 2113/3507/329 2140/3573/329 2090/3574/329 
f 2090/3574/329 2140/3573/329 2093/3575/329 2092/3576/329 
s 4
f 1993/3577/329 2103/3578/329 2102/3579/329 1994/3580/329 
s 2
f 2046/3581/740 2100/3434/740 2103/3437/740 1993/3582/740 
f 2141/3583/312 2142/3584/312 1995/3286/312 
f 1995/3286/312 2142/3584/312 1996/3287/312 
s 616
f 2143/3585/1084 2114/3525/1084 2115/3528/1084 2116/3533/1084 
s 516
f 2116/3533/1084 2110/3532/1084 2109/3586/1084 2143/3585/1084 
s 385
f 2144/3587/2207 2033/3529/2207 2114/3530/2207 2143/3588/2207 
s 1
f 2143/3588/2207 2109/3481/2207 2108/3482/2207 2144/3587/2207 
s 2
f 2107/3479/329 2145/3589/329 2144/3590/329 2108/3480/329 
f 2033/3324/329 2144/3590/329 2145/3589/329 2030/3321/329 
s 9
f 2116/3533/1084 2115/3528/1084 2146/3591/2 
s 5
f 2118/3535/2 2110/3532/1084 2116/3533/1084 
s 2
f 2146/3592/2219 2147/3593/2220 2148/3594/2220 2149/3595/2219 
f 2122/3543/592 2150/3596/2221 2151/3597/2221 2118/3540/592 
s 1
f 2149/3598/2 2148/3599/2 2123/3546/2 
f 2123/3546/2 2150/3600/2 2122/3544/2 
f 2152/3601/2 2153/3602/2 2134/3562/2 
f 2134/3562/2 2154/3603/2 2132/3560/2 
s 2
f 2155/3604/2222 2124/3605/2223 2153/3606/2223 2152/3607/2222 
f 2132/3566/2216 2154/3608/2224 2156/3609/2224 2135/3563/2216 
f 1995/3286/312 2126/3610/312 2141/3583/312 
f 2126/3610/312 2157/3611/312 2158/3612/312 
s 104
f 2048/3339/1084 2091/3438/2 2046/3337/1084 
s 2
f 2126/3610/312 2158/3612/312 2141/3583/312 
s 1
f 2118/3535/2 2151/3613/2 2110/3532/1084 
f 2115/3528/1084 2147/3614/2 2146/3591/2 
s 2
f 2094/3386/2209 2159/3615/740 2101/3616/740 2095/3387/2209 
f 2160/3617/330 2161/3618/2225 2162/3619/2225 2163/3620/330 
f 2164/3621/813 2165/3622/2226 2166/3623/2226 2167/3624/813 
s 1
f 2116/3533/1084 2165/3625/2 2164/3626/2 
s 2
f 2117/3541/2213 2164/3621/813 2167/3624/813 2121/3542/2213 
f 2165/3622/2226 2146/3592/2219 2149/3595/2219 2166/3623/2226 
f 2136/3564/2217 2160/3617/330 2163/3620/330 2133/3565/2217 
f 2161/3618/2225 2155/3604/2222 2152/3607/2222 2162/3619/2225 
f 2147/3593/2220 2099/3572/2218 2139/3571/2218 2148/3594/2220 
f 2150/3596/2221 2119/3538/2212 2025/3537/2212 2151/3597/2221 
f 2124/3605/2223 2024/3555/2214 2129/3554/2214 2153/3606/2223 
f 2154/3608/2224 2131/3559/2215 2127/3558/2215 2156/3609/2224 
s 1
f 2121/3545/2 2167/3627/2 2123/3546/2 
f 2167/3627/2 2166/3628/2 2123/3546/2 
f 2166/3628/2 2149/3598/2 2123/3546/2 
f 2123/3546/2 2148/3599/2 2139/3629/2 2138/3630/2 
f 2119/3631/2 2150/3600/2 2123/3546/2 2120/3632/2 
f 2131/3633/2 2154/3603/2 2134/3562/2 2130/3634/2 
f 2133/3561/2 2163/3635/2 2134/3562/2 
f 2163/3635/2 2162/3636/2 2134/3562/2 
f 2162/3636/2 2152/3601/2 2134/3562/2 
f 2134/3562/2 2153/3602/2 2129/3637/2 2128/3638/2 
f 2127/3551/315 2126/3550/315 1995/3639/315 
f 2156/3640/315 2127/3551/315 1995/3639/315 
f 2135/3641/315 2156/3640/315 1995/3639/315 
f 2136/3642/315 2135/3641/315 1995/3639/315 
f 2160/3643/1084 2136/3642/315 1995/3639/315 
f 2105/3531/315 2025/3316/315 2024/3315/1084 
s 9
f 2161/3644/2227 2160/3643/1084 1995/3639/315 
s 24
f 1995/3639/315 2097/3548/1084 2155/3645/1084 2161/3644/2227 
s 17
f 2124/3547/1084 2155/3645/1084 2097/3548/1084 
s 1
f 2116/3533/1084 2164/3626/2 2117/3534/2 
f 2116/3533/1084 2146/3591/2 2165/3625/2 
f 2115/3528/1084 2099/3433/2 2147/3614/2 
f 2151/3613/2 2025/3316/315 2110/3532/1084 
f 2168/3646/176 2169/3647/176 2170/3648/465 2171/3649/176 
s 2
f 1996/3287/312 2172/3650/312 2137/3651/312 1997/3288/312 
s 1
f 2173/3652/176 2174/3653/460 2175/3654/465 2176/3655/176 
s 33
f 2177/3656/465 2178/3657/465 2179/3658/465 2170/3648/465 
s off
f 2180/3659/2228 2181/3660/2228 2182/3661/2228 2183/3662/2228 
s 16
f 2184/3663/2229 2185/3664/465 2186/3665/465 2187/3666/465 
s off
f 2188/3667/2228 2189/3668/2228 2190/3669/2228 2191/3670/2228 
s 32
f 2192/3671/465 2193/3672/465 2194/3673/465 2195/3674/465 
s off
f 2196/3675/2228 2197/3676/2228 2198/3677/2228 2199/3678/2228 
s 64
f 2200/3679/465 2201/3680/465 2202/3681/465 2203/3682/465 
s off
f 2204/3683/2228 2205/3684/2228 2206/3685/2228 2207/3686/2228 
f 2208/3687/2228 2209/3688/2228 2210/3689/2228 2211/3690/2228 
s 16
f 2212/3691/465 2213/3692/465 2214/3693/465 2215/3694/465 
s off
f 2216/3695/2228 2217/3696/2228 2218/3697/2228 2219/3698/2228 
s 144
f 2178/3699/2230 2220/3700/2230 2140/3701/2230 2113/3702/2230 
s off
f 2183/3703/2231 2182/3704/2231 1999/3705/2231 1998/3706/2231 
f 2187/3707/2230 2186/3708/2230 2003/3709/2230 2002/3710/2230 
f 2191/3711/2231 2190/3712/2231 2007/3713/2231 2006/3714/2231 
f 2195/3715/2230 2194/3716/2230 2011/3717/2230 2010/3718/2230 
f 2199/3719/2231 2198/3720/2231 2015/3721/2231 2014/3722/2231 
f 2203/3723/2230 2202/3724/2230 2019/3725/2230 2018/3726/2230 
f 2207/3727/2231 2206/3728/2231 2027/3729/2231 2026/3730/2231 
f 2211/3731/2231 2210/3732/2231 2035/3733/2231 2034/3734/2231 
f 2215/3735/2230 2214/3736/2230 2039/3737/2230 2038/3738/2230 
f 2219/3739/2231 2218/3740/2231 2043/3741/2231 2042/3742/2231 
f 2172/3743/2230 2221/3744/2230 2106/3745/2230 2137/3746/2230 
s 1
f 2222/3747/176 2223/3748/176 2171/3649/176 2170/3648/465 2179/3658/465 
f 2224/3749/465 2225/3750/465 2226/3751/465 2159/3752/465 
s 64
f 2220/3753/176 2177/3656/465 2227/3754/176 2094/3755/176 
s 128
f 2093/3756/2230 2140/3701/2230 2220/3700/2230 2094/3757/2230 
s 32
f 1999/3705/312 2182/3704/312 2187/3707/312 2002/3710/312 
s off
f 2184/3758/312 2187/3759/312 2182/3760/312 2181/3761/312 
s 8
f 2180/3762/329 2228/3763/329 2184/3764/329 2181/3765/329 
s off
f 2228/3766/740 2180/3767/740 2183/3768/740 2221/3769/740 
s 2
f 2221/3744/740 2183/3703/740 1998/3706/740 2106/3745/740 
s 16
f 2007/3713/312 2190/3712/312 2195/3715/312 2010/3718/312 
s off
f 2192/3770/312 2195/3771/312 2190/3772/312 2189/3773/312 
s 8
f 2188/3774/2232 2185/3775/2232 2192/3776/2232 2189/3777/2232 
s off
f 2185/3778/740 2188/3779/740 2191/3780/740 2186/3781/740 
s 32
f 2186/3708/740 2191/3711/740 2006/3714/740 2003/3709/740 
s 16
f 2015/3721/312 2198/3720/312 2203/3723/312 2018/3726/312 
s off
f 2200/3782/312 2203/3783/312 2198/3784/312 2197/3785/312 
s 8
f 2196/3786/329 2193/3787/329 2200/3788/329 2197/3789/329 
s off
f 2193/3790/740 2196/3791/740 2199/3792/740 2194/3793/740 
s 16
f 2194/3716/740 2199/3719/740 2014/3722/740 2011/3717/740 
f 2027/3729/312 2206/3728/312 2229/3794/312 2107/3795/312 
s off
f 2230/3796/312 2229/3797/312 2206/3798/312 2205/3799/312 
s 8
f 2204/3800/329 2201/3801/329 2230/3802/329 2205/3803/329 
s off
f 2201/3804/740 2204/3805/740 2207/3806/740 2202/3807/740 
s 16
f 2202/3724/740 2207/3727/740 2026/3730/740 2019/3725/740 
s 32
f 2035/3733/312 2210/3732/312 2215/3735/312 2038/3738/312 
s off
f 2212/3808/312 2215/3809/312 2210/3810/312 2209/3811/312 
s 8
f 2208/3812/329 2231/3813/329 2212/3814/329 2209/3815/329 
s off
f 2231/3816/740 2208/3817/740 2211/3818/740 2232/3819/740 
s 32
f 2232/3820/740 2211/3731/740 2034/3734/740 2031/3821/740 
s 2
f 2043/3741/312 2218/3740/312 2178/3699/312 2113/3702/312 
s off
f 2179/3822/312 2178/3823/312 2218/3824/312 2217/3825/312 
s 8
f 2216/3826/329 2213/3827/329 2179/3828/329 2217/3829/329 
s off
f 2213/3830/740 2216/3831/740 2219/3832/740 2214/3833/740 
s 32
f 2214/3736/740 2219/3739/740 2042/3742/740 2039/3737/740 
s 4
f 2177/3834/330 2224/3835/330 2159/3836/330 2227/3837/330 
s 70
f 2233/3838/465 2234/3839/465 2231/3840/465 2232/3841/465 
s 144
f 2030/3842/2230 2233/3843/2230 2232/3820/2230 2031/3821/2230 
s 1
f 2174/3653/460 2184/3663/2229 2228/3844/460 
s 17
f 2174/3653/460 2185/3664/465 2184/3663/2229 
s 1
f 2174/3653/460 2192/3671/465 2185/3664/465 
s 33
f 2174/3653/460 2193/3672/465 2192/3671/465 
s 1
f 2174/3653/460 2200/3679/465 2193/3672/465 
s 65
f 2174/3653/460 2201/3680/465 2200/3679/465 
s 1
f 2174/3653/460 2230/3845/465 2201/3680/465 
s 5
f 2222/3747/176 2231/3840/465 2234/3839/465 
s 1
f 2222/3747/176 2212/3691/465 2231/3840/465 
s 17
f 2222/3747/176 2213/3692/465 2212/3691/465 
s 1
f 2222/3747/176 2179/3658/465 2213/3692/465 
f 2235/3846/465 2236/3847/176 2237/3848/176 
s 2
f 2173/3849/740 2238/3850/740 2239/3851/2212 2174/3852/2212 
f 2236/3853/592 2240/3854/592 2241/3855/2213 2237/3856/2213 
s 1
f 2240/3857/176 2242/3858/176 2241/3859/176 
f 2243/3860/465 2175/3654/465 2228/3844/460 2221/3861/465 
f 2244/3862/176 2245/3863/460 2246/3864/460 
s 2
f 2176/3865/312 2175/3866/2214 2247/3867/2214 2248/3868/312 
f 2249/3869/740 2250/3870/2215 2245/3871/2215 2244/3872/740 
s 1
f 2251/3873/176 2252/3874/176 2253/3875/176 
s 2
f 2254/3876/2216 2251/3877/2216 2253/3878/2217 2255/3879/2217 
f 2246/3880/312 2157/3611/312 2126/3610/312 
f 2223/3881/312 2222/3882/2218 2256/3883/2218 2257/3884/312 
s 4
f 2170/3885/329 2169/3886/329 2226/3887/329 2225/3888/329 
s 2
f 2177/3889/740 2170/3890/740 2225/3750/740 2224/3749/740 
f 2258/3891/312 2172/3650/312 2259/3892/312 
f 2172/3650/312 1996/3287/312 2259/3892/312 
s 616
f 2260/3893/465 2235/3846/465 2234/3839/465 2233/3838/465 
s 516
f 2235/3846/465 2260/3893/465 2229/3894/465 2230/3845/465 
s 385
f 2145/3895/2230 2260/3896/2230 2233/3843/2230 2030/3842/2230 
s 1
f 2260/3896/2230 2145/3895/2230 2107/3795/2230 2229/3794/2230 
s 9
f 2235/3846/465 2261/3897/176 2234/3839/465 
s 5
f 2236/3847/176 2235/3846/465 2230/3845/465 
s 2
f 2261/3898/2219 2262/3899/2219 2263/3900/2220 2264/3901/2220 
f 2240/3854/592 2236/3853/592 2265/3902/2221 2266/3903/2221 
s 1
f 2262/3904/176 2242/3858/176 2263/3905/176 
f 2242/3858/176 2240/3857/176 2266/3906/176 
f 2267/3907/176 2252/3874/176 2268/3908/176 
f 2252/3874/176 2251/3873/176 2269/3909/176 
s 2
f 2270/3910/2222 2267/3911/2222 2268/3912/2223 2243/3913/2223 
f 2251/3877/2216 2254/3876/2216 2271/3914/2224 2269/3915/2224 
f 2172/3650/312 2258/3891/312 2246/3880/312 
f 2246/3880/312 2272/3916/312 2157/3611/312 
s 104
f 2178/3657/465 2177/3656/465 2220/3753/176 
s 2
f 2246/3880/312 2258/3891/312 2272/3916/312 
s 1
f 2236/3847/176 2230/3845/465 2265/3917/176 
f 2234/3839/465 2261/3897/176 2264/3918/176 
s 2
f 2273/3919/330 2274/3920/330 2275/3921/2225 2276/3922/2225 
f 2277/3923/813 2278/3924/813 2279/3925/2226 2280/3926/2226 
s 1
f 2235/3846/465 2277/3927/176 2280/3928/176 
s 2
f 2237/3856/2213 2241/3855/2213 2278/3924/813 2277/3923/813 
f 2280/3926/2226 2279/3925/2226 2262/3899/2219 2261/3898/2219 
f 2255/3879/2217 2253/3878/2217 2274/3920/330 2273/3919/330 
f 2276/3922/2225 2275/3921/2225 2267/3911/2222 2270/3910/2222 
f 2264/3901/2220 2263/3900/2220 2256/3883/2218 2222/3882/2218 
f 2266/3903/2221 2265/3902/2221 2174/3852/2212 2239/3851/2212 
f 2243/3913/2223 2268/3912/2223 2247/3867/2214 2175/3866/2214 
f 2269/3915/2224 2271/3914/2224 2245/3871/2215 2250/3870/2215 
s 1
f 2241/3859/176 2242/3858/176 2278/3929/176 
f 2278/3929/176 2242/3858/176 2279/3930/176 
f 2279/3930/176 2242/3858/176 2262/3904/176 
f 2256/3931/176 2263/3905/176 2242/3858/176 2257/3932/176 
f 2239/3933/176 2238/3934/176 2242/3858/176 2266/3906/176 
f 2250/3935/176 2249/3936/176 2252/3874/176 2269/3909/176 
f 2253/3875/176 2252/3874/176 2274/3937/176 
f 2274/3937/176 2252/3874/176 2275/3938/176 
f 2275/3938/176 2252/3874/176 2267/3907/176 
f 2247/3939/176 2268/3908/176 2252/3874/176 2248/3940/176 
f 2245/3863/460 2172/3941/460 2246/3864/460 
f 2271/3942/460 2172/3941/460 2245/3863/460 
f 2254/3943/460 2172/3941/460 2271/3942/460 
f 2255/3944/460 2172/3941/460 2254/3943/460 
f 2273/3945/465 2172/3941/460 2255/3944/460 
f 2228/3844/460 2175/3654/465 2174/3653/460 
s 17
f 2276/3946/2233 2172/3941/460 2273/3945/465 
s 24
f 2172/3941/460 2276/3946/2233 2270/3947/465 2221/3861/465 
s 9
f 2243/3860/465 2221/3861/465 2270/3947/465 
s 1
f 2235/3846/465 2237/3848/176 2277/3927/176 
f 2235/3846/465 2280/3928/176 2261/3897/176 
f 2234/3839/465 2264/3918/176 2222/3747/176 
f 2265/3917/176 2230/3845/465 2174/3653/460 
s off
f 2101/3616/740 2104/3948/740 2095/3387/740 
f 2227/3949/740 2159/3615/740 2094/3386/740 
s 1
f 2281/3950/2234 2282/3951/2235 2283/3952/2236 2284/3953/2237 
f 2285/3954/2238 2286/3955/2239 2287/3956/2240 2288/3957/2241 
f 2289/3958/2242 2290/3959/2243 2291/3960/2244 2292/3961/2245 
f 2293/3962/2246 2294/3963/2247 2295/3964/2248 2296/3965/2249 
f 2297/3966/2250 2298/3967/2251 2299/3968/2252 2300/3969/2253 
f 2301/3970/2254 2302/3971/2255 2303/3972/2256 2304/3973/2257 
f 2305/3974/2258 2306/3975/2259 2307/3976/2260 2308/3977/2261 
f 2309/3978/2262 2310/3979/2263 2311/3980/2264 2312/3981/2265 
s 2
f 2313/3982/312 2283/3983/312 2282/3984/312 2314/3985/312 
f 2315/3986/312 2287/3987/312 2286/3988/312 2316/3989/312 
f 2317/3990/312 2307/3991/312 2306/3992/312 2318/3993/312 
f 2319/3994/312 2320/3995/312 2291/3996/312 2290/3997/312 
f 2321/3998/312 2322/3999/312 2303/4000/312 2302/4001/312 
f 2323/4002/312 2324/4003/312 2295/4004/312 2294/4005/312 
f 2325/4006/312 2326/4007/312 2311/4008/312 2310/4009/312 
f 2327/4010/312 2299/4011/312 2298/4012/312 2328/4013/312 
s 1
f 2329/4014/2266 2313/4015/2267 2314/4016/2268 2330/4017/2269 
f 2315/4018/2270 2316/4019/2271 2331/4020/2272 
f 2332/4021/2273 2317/4022/2274 2318/4023/2275 2333/4024/2276 
f 2320/4025/2277 2319/4026/2278 2334/4027/2279 
f 2335/4028/2280 2322/4029/2281 2321/4030/2282 2336/4031/2283 
f 2324/4032/2284 2323/4033/2285 2337/4034/2286 
f 2338/4035/2287 2326/4036/2288 2325/4037/2289 2339/4038/2290 
f 2327/4039/2291 2328/4040/2292 2340/4041/2293 
f 2284/3953/2237 2283/3952/2236 2341/4042/2294 2342/4043/2294 
f 2282/3951/2235 2281/3950/2234 2343/4044/2295 2344/4045/2295 
f 2288/3957/2241 2287/3956/2240 2344/4045/2295 2343/4044/2295 
f 2286/3955/2239 2285/3954/2238 2345/4046/2296 2346/4047/2296 
f 2292/3961/2245 2291/3960/2244 2347/4048/2297 2348/4049/2298 
f 2290/3959/2243 2289/3958/2242 2349/4050/2299 2350/4051/2299 
f 2296/3965/2249 2295/3964/2248 2351/4052/2300 2352/4053/2300 
f 2294/3963/2247 2293/3962/2246 2353/4054/2301 2354/4055/2301 
f 2300/3969/2253 2299/3968/2252 2355/4056/2302 2356/4057/2303 
f 2298/3967/2251 2297/3966/2250 2342/4043/2294 2341/4042/2294 
f 2304/3973/2257 2303/3972/2256 2350/4058/2299 2349/4059/2299 
f 2302/3971/2255 2301/3970/2254 2352/4053/2300 2351/4052/2300 
f 2308/3977/2261 2307/3976/2260 2346/4047/2296 2345/4046/2296 
f 2306/3975/2259 2305/3974/2258 2348/4049/2298 2347/4048/2297 
f 2312/3981/2265 2311/3980/2264 2354/4055/2301 2353/4054/2301 
f 2310/3979/2263 2309/3978/2262 2356/4057/2303 2355/4056/2302 
s 2
f 2314/3985/312 2282/3984/312 2344/4060/312 2357/4061/312 
f 2283/3983/312 2313/3982/312 2358/4062/312 2341/4063/312 
f 2316/3989/312 2286/3988/312 2346/4064/312 2359/4065/312 
f 2287/3987/312 2315/3986/312 2357/4061/312 2344/4060/312 
f 2360/4066/312 2318/3993/312 2306/3992/312 2347/4067/312 
f 2307/3991/312 2317/3990/312 2359/4065/312 2346/4064/312 
f 2361/4068/312 2319/3994/312 2290/3997/312 2350/4069/312 
f 2291/3996/312 2320/3995/312 2360/4066/312 2347/4067/312 
f 2362/4070/312 2321/3998/312 2302/4001/312 2351/4071/312 
f 2350/4069/312 2303/4000/312 2322/3999/312 2361/4068/312 
f 2363/4072/312 2323/4002/312 2294/4005/312 2354/4073/312 
f 2351/4071/312 2295/4004/312 2324/4003/312 2362/4070/312 
f 2364/4074/312 2325/4006/312 2310/4009/312 2355/4075/312 
f 2311/4008/312 2326/4007/312 2363/4072/312 2354/4073/312 
f 2328/4013/312 2298/4012/312 2341/4063/312 2358/4062/312 
f 2299/4011/312 2327/4010/312 2364/4074/312 2355/4075/312 
s 1
f 2314/4016/2268 2357/4076/2304 2330/4017/2269 
f 2329/4014/2266 2358/4077/2305 2313/4015/2267 
f 2331/4020/2272 2316/4019/2271 2359/4078/2306 2332/4021/2273 
f 2315/4018/2270 2331/4020/2272 2330/4017/2269 2357/4076/2304 
f 2318/4023/2275 2360/4079/2307 2333/4024/2276 
f 2332/4021/2273 2359/4078/2306 2317/4022/2274 
f 2334/4027/2279 2319/4026/2278 2361/4080/2308 2335/4081/2280 
f 2320/4025/2277 2334/4027/2279 2333/4024/2276 2360/4079/2307 
f 2321/4030/2282 2362/4082/2309 2336/4031/2283 
f 2335/4028/2280 2361/4083/2308 2322/4029/2281 
f 2337/4034/2286 2323/4033/2285 2363/4084/2310 2338/4035/2287 
f 2324/4032/2284 2337/4034/2286 2336/4031/2283 2362/4082/2309 
f 2325/4037/2289 2364/4085/2311 2339/4038/2290 
f 2338/4035/2287 2363/4084/2310 2326/4036/2288 
f 2340/4041/2293 2328/4040/2292 2358/4077/2305 2329/4014/2266 
f 2327/4039/2291 2340/4041/2293 2339/4038/2290 2364/4085/2311 
s 2
f 2329/4086/312 2330/4087/312 2365/4088/312 
f 2330/4087/312 2331/4089/312 2365/4088/312 
f 2331/4089/312 2332/4090/312 2365/4088/312 
f 2332/4090/312 2333/4091/312 2365/4088/312 
f 2333/4091/312 2334/4092/312 2365/4088/312 
f 2334/4092/312 2335/4093/312 2365/4088/312 
f 2335/4093/312 2336/4094/312 2365/4088/312 
f 2336/4094/312 2337/4095/312 2365/4088/312 
f 2337/4095/312 2338/4096/312 2365/4088/312 
f 2338/4096/312 2339/4097/312 2365/4088/312 
f 2339/4097/312 2340/4098/312 2365/4088/312 
f 2340/4098/312 2329/4086/312 2365/4088/312 
s 1
f 2366/4099/329 2367/4100/329 2368/4101/2312 2369/4102/2312 
s 131072
f 2370/4103/312 2367/4104/312 2366/4105/312 2371/4106/312 
s 2
f 2372/4107/2 2373/4108/2 2374/4109/2 2375/4110/2 
f 2371/4111/2 2366/4112/2 2369/4113/2 2376/4114/2 
f 2377/4115/2 2378/4116/2 2379/4117/2 2380/4118/2 
s 2097152
f 2370/4119/2 2381/4120/2 2382/4121/2 
s 1
f 2381/4120/2313 2370/4119/330 2371/4122/330 2376/4123/2313 
f 2383/4124/2314 2384/4125/2314 2385/4126/2315 2386/4127/2315 
f 2387/4128/2316 2388/4129/2316 2389/4130/2317 2390/4131/2317 
s 4
f 2380/4132/740 2379/4133/740 2391/4134/740 2392/4135/740 
s off
f 2393/4136/2 2394/4137/2 2368/4101/2 2395/4138/2 
s 1
f 2396/4139/2318 2397/4140/2318 2398/4141/2319 2399/4142/2319 
f 2400/4143/2320 2374/4144/2320 2373/4145/2321 2401/4146/2321 
f 2375/4147/2322 2402/4148/2322 2403/4149/2323 2372/4150/2323 
f 2404/4151/2324 2405/4152/2324 2406/4153/2325 2395/4138/2325 
s 2
f 2407/4154/2 2408/4155/2 2376/4114/2 2369/4113/2 
f 2375/4110/2 2374/4109/2 2408/4155/2 2407/4154/2 
f 2409/4156/2 2410/4157/2 2406/4158/2 2384/4159/2 
f 2373/4108/2 2372/4107/2 2410/4157/2 2409/4156/2 
s 1
f 2411/4160/2326 2409/4161/2326 2384/4125/2314 2383/4124/2314 
f 2401/4146/2321 2373/4145/2321 2409/4161/2326 2411/4160/2326 
f 2408/4162/2327 2412/4163/2327 2381/4120/2313 2376/4123/2313 
f 2374/4144/2320 2400/4143/2320 2412/4163/2327 2408/4162/2327 
f 2410/4164/2328 2393/4136/2328 2395/4138/2325 2406/4153/2325 
f 2372/4150/2323 2403/4149/2323 2393/4136/2328 2410/4164/2328 
f 2394/4137/2329 2407/4165/2329 2369/4102/2312 2368/4101/2312 
f 2402/4148/2322 2375/4147/2322 2407/4165/2329 2394/4137/2329 
s 2
f 2397/4166/2 2389/4167/2 2388/4168/2 2398/4169/2 
s 1
f 2413/4170/2330 2414/4171/2330 2405/4152/2324 2404/4151/2324 
f 2390/4131/2317 2389/4130/2317 2414/4171/2330 2413/4170/2330 
f 2415/4172/2331 2416/4173/2331 2417/4174/2332 2378/4175/2333 
f 2388/4129/2316 2387/4128/2316 2416/4173/2331 2415/4172/2331 
f 2418/4176/2334 2419/4177/2334 2377/4178/2335 2420/4179/2336 
f 2399/4142/2319 2398/4141/2319 2419/4177/2334 2418/4176/2334 
f 2421/4180/2337 2422/4181/2337 2386/4127/2315 2385/4126/2315 
f 2397/4140/2318 2396/4139/2318 2422/4181/2337 2421/4180/2337 
s 2
f 2419/4182/2 2415/4183/2 2378/4116/2 2377/4115/2 
f 2398/4169/2 2388/4168/2 2415/4183/2 2419/4182/2 
f 2405/4184/2 2414/4185/2 2421/4186/2 2385/4187/2 
f 2389/4167/2 2397/4166/2 2421/4186/2 2414/4185/2 
f 2406/4158/2 2405/4184/2 2385/4187/2 2384/4159/2 
s 131072
f 2367/4104/312 2423/4188/312 2424/4189/312 
f 2370/4103/312 2382/4190/2338 2425/4191/2339 
f 2370/4103/312 2425/4191/2339 2426/4192/312 
f 2367/4104/312 2427/4193/312 2423/4188/312 
f 2367/4104/312 2428/4194/312 2427/4193/312 
f 2428/4194/312 2367/4104/312 2370/4103/312 2426/4192/312 
s 2097152
f 2386/4127/2 2422/4181/2 2382/4121/2 
f 2422/4181/2 2396/4139/2 2382/4121/2 
f 2411/4160/2 2383/4124/2 2381/4120/2 2412/4163/2 
f 2401/4146/2 2411/4160/2 2412/4163/2 2400/4143/2 
f 2381/4120/2 2383/4124/2 2382/4121/2 
f 2383/4124/2 2386/4127/2 2382/4121/2 
f 2396/4139/2 2399/4142/2 2382/4121/2 
f 2418/4176/2 2420/4179/2 2382/4121/2 2399/4142/2 
s off
f 2368/4101/2 2424/4195/2 2395/4138/2 
f 2394/4137/2 2393/4136/2 2403/4149/2 2402/4148/2 
f 2368/4101/2 2367/4100/2 2424/4195/2 
f 2424/4195/2 2404/4151/2 2395/4138/2 
f 2424/4195/2 2413/4170/2 2404/4151/2 
f 2424/4195/2 2390/4131/2 2413/4170/2 
f 2424/4195/2 2387/4128/2 2390/4131/2 
f 2387/4128/2 2424/4195/2 2417/4174/2 2416/4173/2 
s 131072
f 2429/4196/2340 2425/4191/2339 2430/4197/2341 
f 2431/4198/2342 2432/4199/312 2424/4189/312 
s 1
f 2380/4200/330 2392/4201/330 2433/4202/2343 2420/4179/2336 
f 2434/4203/2312 2431/4204/329 2435/4205/329 2436/4206/2312 
s 131072
f 2435/4207/2344 2431/4198/2342 2429/4196/2340 2437/4208/2345 
s 2
f 2438/4209/176 2439/4210/176 2440/4211/176 2441/4212/176 
f 2436/4213/176 2435/4214/176 2437/4215/176 2442/4216/176 
f 2391/4134/176 2443/4217/176 2444/4218/176 2392/4135/176 
s 2097152
f 2429/4219/176 2430/4220/176 2445/4221/176 
s 1
f 2424/4195/329 2432/4222/329 2446/4223/2332 2417/4174/2332 
f 2437/4224/330 2429/4219/330 2445/4221/2346 2442/4225/2347 
f 2447/4226/2348 2448/4227/2349 2449/4228/2350 2450/4229/2348 
f 2451/4230/2317 2452/4231/2316 2453/4232/2316 2454/4233/2317 
s off
f 2455/4234/176 2456/4235/176 2434/4203/176 2457/4236/176 
s 1
f 2458/4237/2351 2459/4238/2352 2460/4239/2353 2461/4240/2354 
f 2439/4241/2355 2438/4242/2356 2462/4243/2357 2463/4244/2358 
f 2464/4245/2323 2465/4246/2322 2441/4247/2322 2440/4248/2323 
f 2466/4249/2325 2467/4250/2324 2468/4251/2324 2456/4235/2325 
s 2
f 2442/4216/176 2469/4252/176 2470/4253/176 2436/4213/176 
f 2469/4252/176 2438/4209/176 2441/4212/176 2470/4253/176 
f 2466/4254/176 2471/4255/176 2472/4256/176 2448/4257/176 
f 2471/4255/176 2440/4211/176 2439/4210/176 2472/4256/176 
s 1
f 2448/4227/2349 2472/4258/2359 2473/4259/2360 2449/4228/2350 
f 2472/4258/2359 2439/4241/2355 2463/4244/2358 2473/4259/2360 
f 2445/4221/2346 2474/4260/2361 2469/4261/2362 2442/4225/2347 
f 2474/4260/2361 2462/4243/2357 2438/4242/2356 2469/4261/2362 
f 2456/4235/2325 2455/4234/2328 2471/4262/2328 2466/4249/2325 
f 2455/4234/2328 2464/4245/2323 2440/4248/2323 2471/4262/2328 
f 2436/4206/2312 2470/4263/2329 2457/4236/2329 2434/4203/2312 
f 2470/4263/2329 2441/4247/2322 2465/4246/2322 2457/4236/2329 
s 2
f 2452/4264/176 2451/4265/176 2459/4266/176 2458/4267/176 
s 1
f 2467/4250/2324 2475/4268/2330 2476/4269/2330 2468/4251/2324 
f 2475/4268/2330 2451/4230/2317 2454/4233/2317 2476/4269/2330 
f 2446/4223/2332 2477/4270/2331 2478/4271/2331 2443/4272/2333 
f 2477/4270/2331 2453/4232/2316 2452/4231/2316 2478/4271/2331 
f 2444/4273/2363 2479/4274/2364 2480/4275/2364 2433/4202/2343 
f 2479/4274/2364 2458/4237/2351 2461/4240/2354 2480/4275/2364 
f 2450/4229/2348 2481/4276/2365 2482/4277/2366 2447/4226/2348 
f 2481/4276/2365 2460/4239/2353 2459/4238/2352 2482/4277/2366 
s 2
f 2443/4217/176 2478/4278/176 2479/4279/176 2444/4218/176 
f 2478/4278/176 2452/4264/176 2458/4267/176 2479/4279/176 
f 2467/4280/176 2447/4281/176 2482/4282/176 2475/4283/176 
f 2482/4282/176 2459/4266/176 2451/4265/176 2475/4283/176 
f 2466/4254/176 2448/4257/176 2447/4281/176 2467/4280/176 
s 131072
f 2431/4198/2342 2424/4189/312 2423/4188/312 
f 2429/4196/2340 2483/4284/2367 2425/4191/2339 
f 2431/4198/2342 2423/4188/312 2484/4285/312 
f 2431/4198/2342 2484/4285/312 2485/4286/1713 
f 2429/4196/2340 2431/4198/2342 2485/4286/1713 2483/4284/2367 
s 2097152
f 2450/4229/176 2430/4220/176 2481/4276/176 
f 2481/4276/176 2430/4220/176 2460/4239/176 
f 2473/4259/176 2474/4260/176 2445/4221/176 2449/4228/176 
f 2463/4244/176 2462/4243/176 2474/4260/176 2473/4259/176 
f 2445/4221/176 2430/4220/176 2449/4228/176 
f 2449/4228/176 2430/4220/176 2450/4229/176 
f 2460/4239/176 2430/4220/176 2461/4240/176 
f 2430/4220/176 2433/4202/176 2480/4275/176 2461/4240/176 
s off
f 2434/4203/176 2456/4235/176 2432/4222/176 
f 2464/4245/176 2455/4234/176 2457/4236/176 2465/4246/176 
f 2434/4203/176 2432/4222/176 2431/4204/176 
f 2432/4222/176 2456/4235/176 2468/4251/176 
f 2432/4222/176 2468/4251/176 2476/4269/176 
f 2432/4222/176 2476/4269/176 2454/4233/176 
f 2432/4222/176 2454/4233/176 2453/4232/176 
f 2446/4223/176 2432/4222/176 2453/4232/176 2477/4270/176 
s 1
f 2446/4223/2332 2443/4272/2333 2391/4287/329 
f 2379/4288/329 2378/4175/2333 2417/4174/2332 
s 131072
f 2425/4191/2339 2382/4190/2338 2430/4197/2341 
s 1
f 2420/4179/2336 2377/4178/2335 2380/4200/330 
f 2392/4201/330 2444/4273/2363 2433/4202/2343 
f 2420/4179/2336 2433/4202/2343 2430/4220/330 2382/4121/330 
f 2417/4174/2332 2446/4223/2332 2391/4287/329 2379/4288/329 
s 2147483648
f 2486/4289/2368 2487/4290/2369 2488/4291/2370 2489/4292/2371 
f 2490/4293/2 2491/4294/2 2489/4292/2371 2488/4291/2370 
f 2492/4295/2372 2493/4296/2 2494/4297/2 
f 2495/4298/2 2494/4297/2 2496/4299/2 
s 1073741824
f 2497/4300/2373 2498/4301/2373 2495/4302/2373 2499/4303/2373 
s 2147483648
f 2497/4304/2 2500/4305/2 2498/4306/2 
f 2501/4307/2 2502/4308/2 2503/4309/2 
s 65536
f 2504/4310/329 2505/4311/2374 2506/4312/2374 2507/4313/329 
s 524288
f 2492/4314/2375 2490/4315/2376 2508/4316/2376 2509/4317/2375 
s 65536
f 2489/4318/312 2491/4319/312 2510/4320/312 2511/4321/312 
s 524288
f 2512/4322/2377 2513/4323/2378 2514/4324/2378 2515/4325/2377 
f 2495/4326/832 2496/4327/2379 2516/4328/2379 2517/4329/832 
s 65536
f 2518/4330/312 2494/4331/312 2498/4332/312 2519/4333/312 
s 524288
f 2499/4334/2380 2495/4326/832 2517/4329/832 2520/4335/2380 
f 2497/4336/2381 2499/4334/2380 2520/4335/2380 2521/4337/2381 
f 2502/4338/2382 2500/4339/2383 2522/4340/2383 2523/4341/2382 
f 2500/4339/2383 2497/4336/2381 2521/4337/2381 2522/4340/2383 
f 2503/4342/2382 2502/4338/2382 2523/4341/2382 2524/4343/2382 
f 2525/4344/2384 2526/4345/2385 2527/4346/2385 2528/4347/2384 
f 2526/4345/2385 2503/4342/2382 2524/4343/2382 2527/4346/2385 
s 2147483648
f 2498/4306/2 2500/4305/2 2502/4308/2 2501/4307/2 
s 1073741824
f 2495/4302/2373 2498/4301/2373 2494/4348/2373 
s 2147483648
f 2525/4349/2 2529/4350/2 2501/4307/2 
s 2
f 2530/4351/740 2531/4352/740 2532/4353/740 2533/4354/740 
s 2147483648
f 2526/4355/2 2525/4349/2 2501/4307/2 
f 2503/4309/2 2526/4355/2 2501/4307/2 
s 524288
f 2525/4356/2384 2528/4357/2384 2531/4358/329 2530/4359/329 
s 2147483648
f 2534/4360/2 2513/4361/2 2494/4297/2 
s 524288
f 2534/4362/2386 2535/4363/2387 2536/4364/2387 2537/4365/2386 
s 2147483648
f 2538/4366/2 2530/4367/2 2533/4368/2 
s 32
f 2501/4369/330 2529/4370/2388 2539/4371/2388 2540/4372/330 
s 36
f 2529/4370/2388 2541/4373/2389 2542/4374/2389 2539/4371/2388 
s 1
f 2543/4375/2390 2544/4376/2390 2545/4377/330 2546/4378/330 
f 2547/4379/2391 2548/4380/2391 2549/4381/2392 2550/4382/2392 
s 1073741824
f 2546/4383/2393 2540/4384/2393 2539/4385/2393 2543/4386/284 
f 2543/4386/284 2539/4385/2393 2542/4387/2 2551/4388/2 
s 65536
f 2546/4389/312 2545/4390/312 2552/4391/312 2540/4392/312 
s 16
f 2533/4393/330 2547/4379/330 2538/4394/330 
s 1
f 2553/4395/2394 2544/4376/2390 2543/4375/2390 2551/4396/2394 
s 4
f 2554/4397/2395 2555/4398/2396 2556/4399/2396 2557/4400/2395 
s 65536
f 2489/4318/312 2511/4321/312 2558/4401/2397 2486/4402/2397 
s 524288
f 2487/4403/2398 2559/4404/2398 2560/4405/2399 2488/4406/2399 
s 1073741824
f 2551/4388/2 2542/4387/2 2561/4407/2 2562/4408/2 
s 4
f 2555/4398/2396 2538/4394/2400 2547/4379/2400 2556/4399/2396 
f 2557/4400/2395 2561/4375/2401 2563/4409/2401 2554/4397/2395 
s 1073741824
f 2556/4410/2 2547/4411/2 2550/4412/2 
s 1
f 2564/4413/2402 2565/4414/2403 2562/4415/2403 2566/4416/2402 
f 2566/4416/2402 2550/4382/2392 2549/4381/2392 2564/4413/2402 
s 1073741824
f 2550/4412/2 2566/4417/2 2557/4418/2 2556/4410/2 
f 2562/4408/2 2561/4407/2 2557/4418/2 2566/4417/2 
s 4
f 2561/4375/2401 2542/4374/2389 2541/4373/2389 2563/4409/2401 
s 1
f 2565/4414/2403 2553/4395/2394 2551/4396/2394 2562/4415/2403 
s 2147483648
f 2530/4367/2 2554/4419/2 2563/4420/2 
f 2530/4367/2 2555/4421/2 2554/4419/2 
f 2530/4367/2 2538/4366/2 2555/4421/2 
f 2530/4367/2 2563/4420/2 2541/4422/2 
f 2529/4350/2 2525/4349/2 2530/4367/2 2541/4422/2 
s 524288
f 2535/4363/2387 2493/4423/2404 2567/4424/2404 2536/4364/2387 
s 2147483648
f 2491/4294/2 2490/4293/2 2492/4295/2372 2494/4297/2 
s 524288
f 2490/4315/2376 2488/4406/2399 2560/4405/2399 2508/4316/2376 
s 65536
f 2491/4319/312 2494/4331/312 2518/4330/312 2510/4320/312 
s 2147483648
f 2535/4425/2 2534/4360/2 2494/4297/2 
s 524288
f 2493/4423/2404 2492/4314/2375 2509/4317/2375 2567/4424/2404 
s 2147483648
f 2493/4296/2 2535/4425/2 2494/4297/2 
s 524288
f 2513/4323/2378 2534/4362/2386 2537/4365/2386 2514/4324/2378 
f 2515/4325/2377 2516/4328/2379 2496/4327/2379 2512/4322/2377 
s 2147483648
f 2513/4361/2 2512/4426/2 2494/4297/2 
f 2512/4426/2 2496/4299/2 2494/4297/2 
s 524288
f 2507/4427/2405 2568/4428/2406 2569/4429/2406 2504/4430/2405 
f 2568/4428/2406 2570/4431/2407 2571/4432/2407 2569/4429/2406 
f 2570/4431/2407 2559/4404/2398 2487/4403/2398 2571/4432/2407 
s 65536
f 2558/4401/2397 2572/4433/2408 2573/4434/2408 2486/4402/2397 
f 2572/4433/2408 2574/4435/2409 2575/4436/2409 2573/4434/2408 
f 2574/4435/2409 2506/4312/2374 2505/4311/2374 2575/4436/2409 
s 1073741824
f 2487/4290/2410 2486/4289/2411 2573/4437/2412 2571/4438/2412 
f 2571/4438/2412 2573/4437/2412 2575/4439/2413 2569/4440/2414 
f 2575/4439/2413 2505/4441/2415 2504/4442/2416 2569/4440/2414 
s 2147483648
f 2558/4443/2417 2511/4444/2418 2560/4445/2419 2559/4446/2420 
f 2508/4447/176 2560/4445/2419 2511/4444/2418 2510/4448/176 
f 2509/4449/2421 2518/4450/176 2567/4451/176 
f 2517/4452/176 2516/4453/176 2518/4450/176 
s 1073741824
f 2517/4454/2422 2519/4455/2422 2521/4456/2422 2520/4457/2422 
s 2147483648
f 2521/4458/176 2519/4459/176 2522/4460/176 
f 2576/4461/176 2524/4462/176 2523/4463/176 
f 2523/4463/176 2522/4460/176 2519/4459/176 2576/4461/176 
s 1073741824
f 2517/4454/2422 2518/4464/2422 2519/4455/2422 
s 2147483648
f 2528/4465/176 2576/4461/176 2577/4466/176 
f 2527/4467/176 2576/4461/176 2528/4465/176 
f 2524/4462/176 2576/4461/176 2527/4467/176 
f 2537/4468/176 2518/4450/176 2514/4469/176 
f 2578/4470/176 2532/4471/176 2531/4472/176 
s 32
f 2576/4473/330 2552/4474/330 2579/4475/2388 2577/4476/2388 
s 36
f 2577/4476/2388 2579/4475/2388 2580/4477/2389 2581/4478/2389 
s 8388608
f 2579/4479/2423 2552/4480/2423 2545/4481/2423 2544/4482/441 
f 2580/4483/176 2579/4479/2423 2544/4482/441 2553/4484/176 
s 4
f 2582/4485/2395 2583/4486/2395 2584/4487/2396 2585/4488/2396 
s 8388608
f 2586/4489/176 2580/4483/176 2553/4484/176 2565/4490/176 
s 4
f 2585/4488/2396 2584/4487/2396 2548/4380/2400 2578/4491/2400 
f 2583/4486/2395 2582/4485/2395 2587/4492/2401 2586/4376/2401 
s 8388608
f 2584/4493/176 2549/4494/176 2548/4495/176 
f 2549/4494/176 2584/4493/176 2583/4496/176 2564/4497/176 
f 2583/4496/176 2586/4489/176 2565/4490/176 2564/4497/176 
s 4
f 2586/4376/2401 2587/4492/2401 2581/4478/2389 2580/4477/2389 
s 2147483648
f 2531/4472/176 2587/4498/176 2582/4499/176 
f 2531/4472/176 2582/4499/176 2585/4500/176 
f 2531/4472/176 2585/4500/176 2578/4470/176 
f 2531/4472/176 2581/4501/176 2587/4498/176 
f 2531/4472/176 2528/4465/176 2577/4466/176 2581/4501/176 
f 2509/4449/2421 2508/4447/176 2510/4448/176 2518/4450/176 
f 2536/4502/176 2518/4450/176 2537/4468/176 
f 2567/4451/176 2518/4450/176 2536/4502/176 
f 2514/4469/176 2518/4450/176 2515/4503/176 
f 2515/4503/176 2518/4450/176 2516/4453/176 
s 1073741824
f 2572/4504/2424 2558/4443/2425 2559/4446/2426 2570/4505/2424 
f 2574/4506/2427 2572/4504/2424 2570/4505/2424 2568/4507/2428 
f 2574/4506/2427 2568/4507/2428 2507/4508/2429 2506/4509/2430 
s 65536
f 2498/4332/312 2540/4392/312 2552/4391/312 2519/4333/312 
f 2501/4510/312 2540/4392/312 2498/4332/312 
f 2519/4333/312 2552/4391/312 2576/4511/312 
s 16
f 2533/4393/330 2532/4512/330 2548/4380/330 2547/4379/330 
f 2532/4512/330 2578/4491/330 2548/4380/330 
# 1993 polygons - 863 triangles

